transaction_id,customer_id,merchant_id,amount,payment_method,failure_reason,failure_code,timestamp,customer_segment,previous_transactions,previous_success_rate,avg_payment_amount,customer_lifetime_value,preferred_channel,retry_count,subscription_type,days_since_last_payment,action_taken,recovered,recovery_time,discount,communication_cost
txn_000001,cust_0016,1,2023.74,card,SUSPECTED_FRAUD,BAD_REQUEST_ERROR,2025-07-28T21:25:42.480108,at_risk,21,0.262,2999.46,3047.08,sms,0,monthly,11,escalate_human,0,0.0,0.0,50.0
txn_000002,cust_0415,1,19823.64,netbanking,INSUFFICIENT_FUNDS,BAD_REQUEST_ERROR,2025-07-22T17:22:48.952541,vip,11,0.834,94.98,422931.89,upi,0,,7,retry_delayed,0,0.0,0.0,0.0
txn_000003,cust_0187,3,4894.05,card,EXPIRED_CARD,BAD_REQUEST_ERROR,2025-07-21T16:25:13.021513,regular,3,0.825,826.04,42922.94,email,0,,7,sms_reminder,0,0.0,0.0,0.25
txn_000004,cust_0277,1,4384.25,card,EXPIRED_CARD,BAD_REQUEST_ERROR,2025-07-29T22:44:16.648595,regular,1,0.917,2893.6,12066.15,whatsapp,1,,22,sms_reminder,1,9.22,0.0,0.25
txn_000005,cust_0159,2,69813.04,emi,INSUFFICIENT_FUNDS,BAD_REQUEST_ERROR,2025-07-04T14:28:00.904152,b2b,23,0.665,1538.17,1969952.0,upi,0,,69,offer_discount,0,0.0,0.0,6981.4
txn_000006,cust_0065,1,1201.32,upi,INVALID_DETAILS,BAD_REQUEST_ERROR,2025-07-29T11:41:18.514233,regular,6,0.788,465.61,45364.86,sms,0,,2,email_reminder,1,8.5,0.0,0.1
txn_000007,cust_0323,1,552.0,upi,INSUFFICIENT_FUNDS,BAD_REQUEST_ERROR,2025-07-07T22:00:20.164352,new,27,0.728,1004.08,9913.23,sms,2,,1,escalate_human,1,54.72,0.0,50.0
txn_000008,cust_0287,2,1961.65,nach,SUBSCRIPTION_MANDATE_FAILURE,BAD_REQUEST_ERROR,2025-07-21T04:03:22.113279,regular,17,0.617,11606.88,25071.43,sms,1,annual,59,send_payment_link,1,3.59,0.0,0.5
txn_000009,cust_0436,1,9233.81,card,EXPIRED_CARD,BAD_REQUEST_ERROR,2025-07-04T14:29:56.179079,regular,10,0.82,1263.61,44370.37,sms,1,,4,escalate_human,1,66.24,0.0,50.0
txn_000010,cust_0056,2,4200.31,wallet,INSUFFICIENT_FUNDS,BAD_REQUEST_ERROR,2025-07-07T22:28:54.709863,regular,8,0.908,5450.29,18839.08,upi,3,,21,send_payment_link,0,0.0,0.0,0.5
txn_000011,cust_0021,2,22849.04,card,USER_ABANDONED,BAD_REQUEST_ERROR,2025-07-30T19:00:17.466603,vip,27,0.86,740.11,139899.04,whatsapp,3,,12,whatsapp_nudge,1,8.21,0.0,1.5
txn_000012,cust_0033,3,24783.34,upi,INSUFFICIENT_FUNDS,BAD_REQUEST_ERROR,2025-07-29T06:06:28.935526,b2b,69,0.706,254.71,361075.07,email,2,quarterly,0,retry_delayed,1,41.69,0.0,0.0
txn_000013,cust_0273,3,7403.94,card,SUSPECTED_FRAUD,BAD_REQUEST_ERROR,2025-07-23T05:47:40.684465,vip,2,0.861,1275.89,255311.29,email,2,,21,escalate_human,0,0.0,0.0,50.0
txn_000014,cust_0245,2,2097.76,card,AUTH_OTP_FAILURE,GATEWAY_ERROR,2025-07-03T22:26:37.460049,at_risk,12,0.33,8257.36,6151.62,upi,1,,7,send_payment_link,0,0.0,0.0,0.5
txn_000015,cust_0299,3,4471.85,upi,INVALID_DETAILS,BAD_REQUEST_ERROR,2025-07-14T14:54:36.744822,vip,3,0.805,490.97,92344.69,upi,2,monthly,0,sms_reminder,0,0.0,0.0,0.25
txn_000016,cust_0054,2,1622.97,netbanking,USER_ABANDONED,BAD_REQUEST_ERROR,2025-07-18T07:14:27.478023,regular,9,0.809,758.62,29278.73,whatsapp,1,,19,send_payment_link,0,0.0,0.0,0.5
txn_000017,cust_0312,3,1211.24,card,EXPIRED_CARD,BAD_REQUEST_ERROR,2025-07-25T03:34:49.070930,regular,7,0.789,1761.94,20810.74,sms,2,,11,whatsapp_nudge,1,8.06,0.0,1.5
txn_000018,cust_0316,3,2064.35,netbanking,AUTH_OTP_FAILURE,GATEWAY_ERROR,2025-07-28T07:13:14.206642,new,9,0.817,643.75,9196.27,sms,3,,54,send_payment_link,1,2.61,0.0,0.5
txn_000019,cust_0121,3,707.81,emi,INSUFFICIENT_FUNDS,BAD_REQUEST_ERROR,2025-07-23T19:08:36.896029,regular,24,0.803,1033.32,20557.89,whatsapp,2,quarterly,5,offer_discount,1,9.38,35.39,35.49
txn_000020,cust_0027,3,1687.45,nach,MERCHANT_INTEGRATION_ERROR,SERVER_ERROR,2025-07-21T16:51:13.088343,regular,3,0.784,7244.7,19309.6,email,0,,11,retry_delayed,0,0.0,0.0,0.0
txn_000021,cust_0077,1,2246.76,nach,INSUFFICIENT_FUNDS,BAD_REQUEST_ERROR,2025-07-22T07:57:18.227861,regular,22,0.972,3755.6,7273.39,email,3,monthly,1,offer_discount,0,0.0,0.0,224.78
txn_000022,cust_0335,2,1834.81,card,BANK_DOWNTIME,SERVER_ERROR,2025-07-13T05:54:41.372949,regular,17,0.5,316.1,37511.5,sms,2,,21,retry_delayed,1,43.9,0.0,0.0
txn_000023,cust_0247,3,169.61,upi,AUTH_OTP_FAILURE,BAD_REQUEST_ERROR,2025-07-25T22:48:07.482424,regular,10,0.945,1905.05,24286.68,whatsapp,2,,5,send_payment_link,0,0.0,0.0,0.5
txn_000024,cust_0354,3,4325.71,upi,INSUFFICIENT_FUNDS,BAD_REQUEST_ERROR,2025-07-15T17:09:32.161862,b2b,8,0.704,2244.72,342976.53,email,2,monthly,6,sms_reminder,0,0.0,0.0,0.25
txn_000025,cust_0440,1,830.17,upi,AUTH_OTP_FAILURE,GATEWAY_ERROR,2025-07-03T15:51:22.094243,at_risk,10,0.216,1156.28,5672.63,whatsapp,2,monthly,8,send_payment_link,0,0.0,0.0,0.5
txn_000026,cust_0249,3,7379.76,netbanking,USER_ABANDONED,BAD_REQUEST_ERROR,2025-07-08T23:26:34.939337,b2b,15,0.721,373.53,849409.27,email,3,,10,email_reminder,0,0.0,0.0,0.1
txn_000027,cust_0167,3,2225.14,netbanking,BANK_DOWNTIME,BAD_REQUEST_ERROR,2025-07-28T15:40:52.519952,at_risk,12,0.228,521.79,7273.82,sms,3,annual,21,retry_delayed,0,0.0,0.0,0.0
txn_000028,cust_0432,1,490.29,upi,USER_ABANDONED,BAD_REQUEST_ERROR,2025-07-21T12:54:59.029123,regular,14,0.915,1199.8,47237.48,email,3,,2,email_reminder,0,0.0,0.0,0.1
txn_000029,cust_0108,1,6463.57,upi,BANK_DOWNTIME,SERVER_ERROR,2025-07-30T07:06:09.441898,regular,1,0.848,9187.6,8038.33,sms,3,,3,retry_delayed,0,0.0,0.0,0.0
txn_000030,cust_0103,3,1021.91,card,EXPIRED_CARD,BAD_REQUEST_ERROR,2025-07-05T23:35:28.874839,at_risk,1,0.13,832.85,4186.29,email,2,quarterly,6,email_reminder,0,0.0,0.0,0.1
txn_000031,cust_0318,3,1943.01,upi,USER_ABANDONED,BAD_REQUEST_ERROR,2025-07-10T06:46:04.816049,vip,5,0.829,1121.91,80972.34,whatsapp,0,,10,send_payment_link,0,0.0,0.0,0.5
txn_000032,cust_0011,3,13626.98,card,USER_ABANDONED,BAD_REQUEST_ERROR,2025-07-21T12:20:04.925682,vip,6,0.639,537.55,252212.68,whatsapp,1,,10,retry_delayed,0,0.0,0.0,0.0
txn_000033,cust_0409,1,2072.34,upi,INSUFFICIENT_FUNDS,BAD_REQUEST_ERROR,2025-07-17T11:22:51.939234,regular,21,0.798,696.49,12453.49,whatsapp,2,,2,whatsapp_nudge,0,0.0,0.0,1.5
txn_000034,cust_0238,1,6848.89,upi,INSUFFICIENT_FUNDS,BAD_REQUEST_ERROR,2025-07-08T10:15:21.705118,regular,6,0.657,1093.68,5557.87,whatsapp,3,monthly,3,email_reminder,0,0.0,0.0,0.1
txn_000035,cust_0251,1,1169.12,wallet,AUTH_OTP_FAILURE,BAD_REQUEST_ERROR,2025-07-28T19:31:51.495429,regular,5,0.566,5561.86,41802.59,email,1,quarterly,11,send_payment_link,1,12.47,0.0,0.5
txn_000036,cust_0410,1,31359.35,upi,BANK_DOWNTIME,BAD_REQUEST_ERROR,2025-07-01T22:51:31.818953,regular,48,0.566,937.79,42890.88,email,2,monthly,4,escalate_human,0,0.0,0.0,50.0
txn_000037,cust_0372,1,4141.08,wallet,SUSPECTED_FRAUD,BAD_REQUEST_ERROR,2025-07-14T19:33:44.564293,new,8,0.872,212.35,4689.68,whatsapp,0,quarterly,17,escalate_human,0,0.0,0.0,50.0
txn_000038,cust_0159,2,19057.14,upi,MERCHANT_INTEGRATION_ERROR,SERVER_ERROR,2025-07-14T12:15:41.020973,b2b,23,0.665,1538.17,1969952.0,upi,1,,69,retry_delayed,0,0.0,0.0,0.0
txn_000039,cust_0020,3,5131.3,upi,BANK_DOWNTIME,SERVER_ERROR,2025-07-09T19:32:43.387403,b2b,3,0.829,1034.36,1051408.25,email,0,,15,send_payment_link,0,0.0,0.0,0.5
txn_000040,cust_0406,1,112.32,upi,BANK_DOWNTIME,SERVER_ERROR,2025-07-08T14:17:11.231203,new,3,0.722,2000.15,5901.2,whatsapp,0,monthly,6,escalate_human,0,0.0,0.0,50.0
txn_000041,cust_0304,2,4446.6,upi,INVALID_DETAILS,BAD_REQUEST_ERROR,2025-07-30T12:34:21.176659,b2b,1,0.933,2160.08,1150724.71,whatsapp,1,,0,send_payment_link,0,0.0,0.0,0.5
txn_000042,cust_0089,1,682.99,card,BANK_DOWNTIME,BAD_REQUEST_ERROR,2025-07-10T19:03:27.713656,at_risk,12,0.685,552.39,17616.93,upi,1,,10,send_payment_link,0,0.0,0.0,0.5
txn_000043,cust_0391,3,11076.76,upi,USER_ABANDONED,BAD_REQUEST_ERROR,2025-07-20T00:23:11.278564,vip,10,0.851,131.95,267942.01,email,3,quarterly,15,offer_discount,0,0.0,0.0,886.24
txn_000044,cust_0367,3,598.39,card,INVALID_DETAILS,BAD_REQUEST_ERROR,2025-07-19T01:01:06.681139,regular,5,0.939,1215.85,42289.15,whatsapp,2,,4,email_reminder,0,0.0,0.0,0.1
txn_000045,cust_0012,1,765.9,netbanking,INSUFFICIENT_FUNDS,BAD_REQUEST_ERROR,2025-07-26T00:04:52.483680,at_risk,18,0.393,1427.95,14669.8,whatsapp,0,monthly,13,whatsapp_nudge,0,0.0,0.0,1.5
txn_000046,cust_0132,1,66091.64,upi,INSUFFICIENT_FUNDS,BAD_REQUEST_ERROR,2025-07-16T16:31:19.853201,vip,38,0.753,6427.45,423508.63,upi,2,monthly,4,send_payment_link,0,0.0,0.0,0.5
txn_000047,cust_0174,3,856.15,card,INSUFFICIENT_FUNDS,BAD_REQUEST_ERROR,2025-07-14T13:32:00.581178,regular,27,0.708,381.62,31210.01,whatsapp,2,,8,retry_delayed,0,0.0,0.0,0.0
txn_000048,cust_0255,3,19668.88,upi,INVALID_DETAILS,BAD_REQUEST_ERROR,2025-07-21T22:03:47.739045,vip,13,0.805,678.95,280530.07,email,2,,33,sms_reminder,1,5.71,0.0,0.25
txn_000049,cust_0148,3,3229.48,upi,AUTH_OTP_FAILURE,BAD_REQUEST_ERROR,2025-07-20T16:11:44.269151,regular,6,0.979,1762.72,23074.77,email,0,quarterly,2,retry_delayed,0,0.0,0.0,0.0
txn_000050,cust_0410,1,2036.83,netbanking,USER_ABANDONED,BAD_REQUEST_ERROR,2025-07-23T00:36:27.172117,regular,48,0.566,937.79,42890.88,email,1,,4,whatsapp_nudge,1,11.64,0.0,1.5
txn_000051,cust_0385,1,3869.35,card,MERCHANT_INTEGRATION_ERROR,SERVER_ERROR,2025-07-30T20:48:06.126004,regular,5,0.931,459.67,47797.02,whatsapp,3,,22,escalate_human,1,52.24,0.0,50.0
txn_000052,cust_0429,1,6426.77,card,USER_ABANDONED,BAD_REQUEST_ERROR,2025-07-29T17:16:38.897768,b2b,3,0.854,453.81,1323140.93,whatsapp,1,,7,whatsapp_nudge,0,0.0,0.0,1.5
txn_000053,cust_0354,3,8389.95,card,EXPIRED_CARD,BAD_REQUEST_ERROR,2025-07-16T18:43:54.374554,b2b,8,0.704,2244.72,342976.53,email,2,,6,send_payment_link,1,21.26,0.0,0.5
txn_000054,cust_0252,2,15394.68,card,USER_ABANDONED,BAD_REQUEST_ERROR,2025-07-25T02:46:23.133261,vip,2,0.758,2502.94,164806.1,upi,3,,14,whatsapp_nudge,0,0.0,0.0,1.5
txn_000055,cust_0250,2,4035.67,nach,BANK_DOWNTIME,SERVER_ERROR,2025-07-18T07:44:45.711539,at_risk,8,0.18,485.52,2332.17,whatsapp,3,monthly,16,retry_delayed,0,0.0,0.0,0.0
txn_000056,cust_0143,3,2013.35,card,INSUFFICIENT_FUNDS,BAD_REQUEST_ERROR,2025-07-05T20:14:43.707920,regular,5,0.833,291.55,26528.22,email,0,,12,retry_delayed,0,0.0,0.0,0.0
txn_000057,cust_0076,1,85285.71,upi,INVALID_DETAILS,BAD_REQUEST_ERROR,2025-07-30T01:59:14.788010,b2b,1,0.891,859.63,107614.45,upi,1,,6,whatsapp_nudge,0,0.0,0.0,1.5
txn_000058,cust_0380,1,6551.28,card,EXPIRED_CARD,BAD_REQUEST_ERROR,2025-07-03T10:31:47.195933,vip,1,0.752,806.93,459540.35,email,0,,14,switch_to_upi,1,3.71,0.0,0.0
txn_000059,cust_0374,1,4764.1,upi,INSUFFICIENT_FUNDS,BAD_REQUEST_ERROR,2025-07-26T23:20:09.461242,regular,3,0.699,1762.01,29227.71,email,2,monthly,38,email_reminder,0,0.0,0.0,0.1
txn_000060,cust_0235,3,4818.58,card,INSUFFICIENT_FUNDS,BAD_REQUEST_ERROR,2025-07-08T12:01:33.737455,new,12,0.665,241.94,9433.34,email,2,quarterly,63,retry_delayed,0,0.0,0.0,0.0
txn_000061,cust_0131,2,52593.1,card,EXPIRED_CARD,BAD_REQUEST_ERROR,2025-07-12T04:55:02.919143,vip,25,0.775,5401.1,228754.99,upi,3,quarterly,38,escalate_human,0,0.0,0.0,50.0
txn_000062,cust_0368,1,10658.63,emi,AUTH_OTP_FAILURE,BAD_REQUEST_ERROR,2025-07-14T17:44:08.792504,vip,3,0.865,1223.94,273963.71,email,1,,2,offer_discount,0,0.0,0.0,533.03
txn_000063,cust_0290,1,7988.33,nach,INSUFFICIENT_FUNDS,BAD_REQUEST_ERROR,2025-07-23T15:09:59.152474,b2b,21,0.812,1295.87,1545593.8,upi,0,,22,retry_delayed,1,47.98,0.0,0.0
txn_000064,cust_0385,1,13580.17,card,AUTH_OTP_FAILURE,BAD_REQUEST_ERROR,2025-07-06T06:34:46.851047,regular,5,0.931,459.67,47797.02,whatsapp,3,monthly,22,switch_to_upi,0,0.0,0.0,0.0
txn_000065,cust_0043,2,1057.08,nach,SUBSCRIPTION_MANDATE_FAILURE,BAD_REQUEST_ERROR,2025-07-06T05:07:29.386172,new,10,0.908,873.85,8899.38,sms,2,quarterly,23,whatsapp_nudge,0,0.0,0.0,1.5
txn_000066,cust_0115,3,11703.31,card,INVALID_DETAILS,BAD_REQUEST_ERROR,2025-07-20T23:26:14.475882,b2b,2,0.952,611.9,213024.72,email,1,monthly,2,escalate_human,0,0.0,0.0,50.0
txn_000067,cust_0165,1,1721.61,nach,MERCHANT_INTEGRATION_ERROR,SERVER_ERROR,2025-07-22T05:52:38.558542,new,30,0.939,983.34,1177.39,whatsapp,3,,20,retry_delayed,1,2.8,0.0,0.0
txn_000068,cust_0123,1,3323.2,upi,AUTH_OTP_FAILURE,BAD_REQUEST_ERROR,2025-07-02T00:50:30.134739,new,24,0.98,1481.09,6963.98,email,2,annual,4,send_payment_link,0,0.0,0.0,0.5
txn_000069,cust_0063,2,22320.56,wallet,BANK_DOWNTIME,SERVER_ERROR,2025-07-07T18:35:35.362576,vip,15,0.963,889.8,413344.22,whatsapp,0,,6,retry_delayed,1,38.52,0.0,0.0
txn_000070,cust_0397,1,1573.63,nach,USER_ABANDONED,BAD_REQUEST_ERROR,2025-07-02T16:40:21.859848,regular,1,0.939,5463.45,43452.04,whatsapp,1,monthly,0,whatsapp_nudge,1,5.38,0.0,1.5
txn_000071,cust_0468,2,6460.39,wallet,INSUFFICIENT_FUNDS,BAD_REQUEST_ERROR,2025-07-25T16:10:36.244460,regular,28,0.842,2292.9,15572.55,whatsapp,0,,27,send_payment_link,1,21.51,0.0,0.5
txn_000072,cust_0161,3,632.64,card,SUBSCRIPTION_MANDATE_FAILURE,BAD_REQUEST_ERROR,2025-07-08T00:49:17.856433,regular,6,0.815,3126.5,37036.3,whatsapp,3,monthly,1,whatsapp_nudge,1,4.44,0.0,1.5
txn_000073,cust_0150,3,2120.18,upi,AUTH_OTP_FAILURE,GATEWAY_ERROR,2025-07-05T03:44:41.296072,vip,8,0.762,1130.21,416513.24,whatsapp,2,,7,switch_to_upi,1,2.71,0.0,0.0
txn_000074,cust_0421,2,2390.81,card,EXPIRED_CARD,BAD_REQUEST_ERROR,2025-07-13T16:43:47.229167,regular,18,0.89,578.3,32813.32,whatsapp,1,,25,send_payment_link,0,0.0,0.0,0.5
txn_000075,cust_0018,2,714.56,upi,BANK_DOWNTIME,GATEWAY_ERROR,2025-07-11T13:27:46.040548,at_risk,16,0.586,6925.1,17975.49,email,1,,12,send_payment_link,0,0.0,0.0,0.5
txn_000076,cust_0050,1,18775.5,emi,AUTH_OTP_FAILURE,BAD_REQUEST_ERROR,2025-07-13T16:38:33.315577,b2b,41,0.946,988.99,1991382.5,whatsapp,2,monthly,5,whatsapp_nudge,0,0.0,0.0,1.5
txn_000077,cust_0159,2,33732.84,card,EXPIRED_CARD,BAD_REQUEST_ERROR,2025-07-17T19:32:04.752073,b2b,23,0.665,1538.17,1969952.0,upi,2,,69,email_reminder,1,40.93,0.0,0.1
txn_000078,cust_0332,1,1290.01,card,INSUFFICIENT_FUNDS,BAD_REQUEST_ERROR,2025-07-18T11:05:16.052423,at_risk,11,0.103,2282.19,17409.96,whatsapp,1,,51,offer_discount,0,0.0,0.0,103.3
txn_000079,cust_0204,2,1498.63,upi,INSUFFICIENT_FUNDS,BAD_REQUEST_ERROR,2025-07-16T06:40:49.356266,regular,17,0.873,1608.27,48639.72,email,2,annual,10,offer_discount,0,0.0,0.0,119.99
txn_000080,cust_0061,3,4404.98,card,BANK_DOWNTIME,SERVER_ERROR,2025-07-13T04:39:51.279647,vip,1,0.782,314.6,436156.39,sms,3,annual,21,send_payment_link,0,0.0,0.0,0.5
txn_000081,cust_0418,3,2264.96,upi,INSUFFICIENT_FUNDS,BAD_REQUEST_ERROR,2025-07-13T09:18:35.329138,vip,7,0.857,540.31,496352.89,whatsapp,2,,4,retry_delayed,1,5.92,0.0,0.0
txn_000082,cust_0108,1,1236.65,card,INSUFFICIENT_FUNDS,BAD_REQUEST_ERROR,2025-07-18T11:03:07.128146,regular,1,0.848,9187.6,8038.33,sms,1,,3,send_payment_link,0,0.0,0.0,0.5
txn_000083,cust_0398,1,1726.15,upi,BANK_DOWNTIME,BAD_REQUEST_ERROR,2025-07-20T00:24:39.746534,new,77,0.869,320.82,4919.1,sms,0,,5,escalate_human,1,54.68,0.0,50.0
txn_000084,cust_0417,1,998.35,netbanking,INVALID_DETAILS,BAD_REQUEST_ERROR,2025-07-12T21:21:57.500152,new,2,0.823,1647.14,6048.6,email,0,monthly,9,escalate_human,0,0.0,0.0,50.0
txn_000085,cust_0375,3,1695.98,netbanking,INSUFFICIENT_FUNDS,BAD_REQUEST_ERROR,2025-07-28T16:11:14.085165,new,27,0.726,308.73,5868.91,email,3,,17,sms_reminder,0,0.0,0.0,0.25
txn_000086,cust_0481,1,2082.78,wallet,USER_ABANDONED,BAD_REQUEST_ERROR,2025-07-23T10:27:17.888273,regular,16,0.736,3702.18,45243.02,email,2,,22,send_payment_link,0,0.0,0.0,0.5
txn_000087,cust_0484,2,1242.15,card,INSUFFICIENT_FUNDS,BAD_REQUEST_ERROR,2025-07-04T10:49:10.370450,new,1,0.8,3194.2,6901.97,whatsapp,2,,14,offer_discount,0,0.0,0.0,62.21
txn_000088,cust_0286,3,12823.0,upi,AUTH_OTP_FAILURE,GATEWAY_ERROR,2025-07-11T03:30:11.084256,vip,11,0.808,7730.14,272990.66,whatsapp,0,,50,retry_delayed,1,25.86,0.0,0.0
txn_000089,cust_0045,2,683.28,card,EXPIRED_CARD,BAD_REQUEST_ERROR,2025-07-17T18:50:14.967438,regular,1,0.911,403.41,10364.79,whatsapp,0,monthly,8,retry_delayed,0,0.0,0.0,0.0
txn_000090,cust_0027,3,2010.81,upi,AUTH_OTP_FAILURE,BAD_REQUEST_ERROR,2025-07-31T14:44:49.883077,regular,3,0.784,7244.7,19309.6,email,1,,11,switch_to_upi,0,0.0,0.0,0.0
txn_000091,cust_0300,2,1951.41,upi,BANK_DOWNTIME,BAD_REQUEST_ERROR,2025-07-29T11:00:14.571428,new,2,0.827,41694.1,1540.13,email,3,annual,0,retry_delayed,1,15.42,0.0,0.0
txn_000092,cust_0482,1,2153.09,upi,BANK_DOWNTIME,BAD_REQUEST_ERROR,2025-07-18T22:41:18.345270,regular,1,0.957,3243.99,18579.62,sms,1,,46,sms_reminder,0,0.0,0.0,0.25
txn_000093,cust_0189,1,2099.18,wallet,MERCHANT_INTEGRATION_ERROR,SERVER_ERROR,2025-07-30T22:21:09.078076,vip,1,0.872,427.02,98900.14,whatsapp,3,monthly,1,retry_delayed,0,0.0,0.0,0.0
txn_000094,cust_0456,1,1296.27,upi,INSUFFICIENT_FUNDS,BAD_REQUEST_ERROR,2025-07-15T17:30:39.912764,new,17,0.717,1394.1,6169.95,sms,3,,17,email_reminder,1,8.78,0.0,0.1
txn_000095,cust_0129,2,699.97,upi,USER_ABANDONED,BAD_REQUEST_ERROR,2025-07-26T02:48:01.414180,at_risk,10,0.486,455.44,13050.45,email,1,monthly,5,whatsapp_nudge,1,4.15,0.0,1.5
txn_000096,cust_0216,3,2602.24,upi,USER_ABANDONED,BAD_REQUEST_ERROR,2025-07-14T00:10:05.174237,regular,4,0.771,1294.46,19608.97,email,1,,9,send_payment_link,0,0.0,0.0,0.5
txn_000097,cust_0356,1,6773.84,netbanking,MERCHANT_INTEGRATION_ERROR,SERVER_ERROR,2025-07-24T01:48:07.498735,vip,7,0.715,1538.41,471057.64,whatsapp,2,quarterly,6,escalate_human,1,17.38,0.0,50.0
txn_000098,cust_0246,3,6850.55,card,USER_ABANDONED,BAD_REQUEST_ERROR,2025-07-16T16:19:18.540077,vip,15,0.355,1365.8,240122.79,whatsapp,0,,23,send_payment_link,0,0.0,0.0,0.5
txn_000099,cust_0003,2,633.22,card,INSUFFICIENT_FUNDS,BAD_REQUEST_ERROR,2025-07-06T13:29:28.963081,regular,19,0.727,14328.09,48681.41,sms,2,,18,offer_discount,0,0.0,0.0,31.76
txn_000100,cust_0306,3,15003.58,netbanking,AUTH_OTP_FAILURE,GATEWAY_ERROR,2025-07-06T20:31:21.573633,vip,20,0.642,1834.92,338747.18,whatsapp,2,monthly,22,offer_discount,1,8.08,1500.36,1500.46
txn_000101,cust_0367,3,7352.9,upi,INSUFFICIENT_FUNDS,BAD_REQUEST_ERROR,2025-07-07T17:53:00.805503,regular,5,0.939,1215.85,42289.15,whatsapp,2,,4,sms_reminder,0,0.0,0.0,0.25
txn_000102,cust_0187,3,311.5,card,INVALID_DETAILS,BAD_REQUEST_ERROR,2025-07-27T14:30:35.994323,regular,3,0.825,826.04,42922.94,email,3,,7,offer_discount,0,0.0,0.0,25.02
txn_000103,cust_0379,3,766.34,nach,SUBSCRIPTION_MANDATE_FAILURE,BAD_REQUEST_ERROR,2025-07-11T06:19:00.054454,at_risk,9,0.448,167.93,6567.72,whatsapp,2,quarterly,1,retry_delayed,0,0.0,0.0,0.0
txn_000104,cust_0460,1,2363.78,card,BANK_DOWNTIME,SERVER_ERROR,2025-07-29T21:38:38.425850,regular,9,0.794,1073.93,14725.04,sms,0,,12,retry_delayed,0,0.0,0.0,0.0
txn_000105,cust_0185,2,8543.52,netbanking,BANK_DOWNTIME,GATEWAY_ERROR,2025-07-15T21:04:59.950871,vip,6,0.89,251.26,146859.69,email,0,,13,retry_delayed,1,30.43,0.0,0.0
txn_000106,cust_0198,2,44875.47,nach,INSUFFICIENT_FUNDS,BAD_REQUEST_ERROR,2025-07-13T18:01:03.043094,b2b,2,0.765,234.31,602691.13,email,2,,7,switch_to_upi,0,0.0,0.0,0.0
txn_000107,cust_0334,3,1788.94,upi,BANK_DOWNTIME,BAD_REQUEST_ERROR,2025-07-10T11:12:30.189369,regular,18,0.838,830.7,25057.97,email,1,,5,switch_to_upi,0,0.0,0.0,0.0
txn_000108,cust_0009,2,2535.4,upi,SUBSCRIPTION_MANDATE_FAILURE,BAD_REQUEST_ERROR,2025-07-16T03:40:30.828371,new,26,0.844,974.4,1355.45,whatsapp,0,monthly,3,switch_to_upi,0,0.0,0.0,0.0
txn_000109,cust_0046,2,20793.36,card,EXPIRED_CARD,BAD_REQUEST_ERROR,2025-07-14T03:31:25.209990,vip,1,0.66,672.84,192668.41,whatsapp,1,quarterly,23,switch_to_upi,1,0.95,0.0,0.0
txn_000110,cust_0444,3,1870.65,netbanking,SUSPECTED_FRAUD,BAD_REQUEST_ERROR,2025-07-13T01:15:14.518530,regular,90,0.588,1071.94,26714.19,upi,1,,17,escalate_human,0,0.0,0.0,50.0
txn_000111,cust_0128,1,918.03,nach,SUBSCRIPTION_MANDATE_FAILURE,BAD_REQUEST_ERROR,2025-07-21T14:23:11.278178,new,9,0.713,1924.2,2290.51,upi,0,monthly,12,switch_to_upi,1,3.12,0.0,0.0
txn_000112,cust_0288,3,6882.74,card,EXPIRED_CARD,BAD_REQUEST_ERROR,2025-07-05T01:29:35.872265,b2b,24,0.796,661.57,741230.44,sms,1,,12,switch_to_upi,0,0.0,0.0,0.0
txn_000113,cust_0179,3,5021.15,nach,INVALID_DETAILS,BAD_REQUEST_ERROR,2025-07-08T12:33:17.715348,regular,7,0.952,155.82,34699.38,whatsapp,1,,2,sms_reminder,0,0.0,0.0,0.25
txn_000114,cust_0005,2,6081.29,card,MERCHANT_INTEGRATION_ERROR,SERVER_ERROR,2025-07-19T03:02:25.141727,vip,18,0.809,1189.27,190564.99,email,1,,2,send_payment_link,0,0.0,0.0,0.5
txn_000115,cust_0194,2,1284.69,nach,SUSPECTED_FRAUD,BAD_REQUEST_ERROR,2025-07-01T18:03:00.507189,at_risk,41,0.465,2655.01,8407.9,whatsapp,0,monthly,6,escalate_human,0,0.0,0.0,50.0
txn_000116,cust_0492,1,209.67,card,INVALID_DETAILS,BAD_REQUEST_ERROR,2025-07-30T19:16:55.025723,regular,126,0.922,1159.74,44143.55,whatsapp,2,monthly,10,switch_to_upi,0,0.0,0.0,0.0
txn_000117,cust_0273,3,5566.04,card,USER_ABANDONED,BAD_REQUEST_ERROR,2025-07-06T22:24:29.231646,vip,2,0.861,1275.89,255311.29,email,3,,21,send_payment_link,1,23.12,0.0,0.5
txn_000118,cust_0326,3,6300.72,card,INSUFFICIENT_FUNDS,BAD_REQUEST_ERROR,2025-07-30T20:24:48.673736,vip,22,0.962,96.84,354377.2,upi,1,,16,retry_delayed,0,0.0,0.0,0.0
txn_000119,cust_0057,2,699.94,wallet,INSUFFICIENT_FUNDS,BAD_REQUEST_ERROR,2025-07-09T22:00:30.712994,at_risk,29,0.305,401.43,18163.23,whatsapp,1,,27,sms_reminder,0,0.0,0.0,0.25
txn_000120,cust_0358,3,4723.15,netbanking,INSUFFICIENT_FUNDS,BAD_REQUEST_ERROR,2025-07-09T14:29:25.358676,b2b,8,0.983,5214.59,1286288.27,whatsapp,3,,0,retry_delayed,0,0.0,0.0,0.0
txn_000121,cust_0189,1,3632.86,card,SUSPECTED_FRAUD,BAD_REQUEST_ERROR,2025-07-13T17:38:08.445339,vip,1,0.872,427.02,98900.14,whatsapp,3,,1,escalate_human,0,0.0,0.0,50.0
txn_000122,cust_0438,3,704.45,upi,MERCHANT_INTEGRATION_ERROR,SERVER_ERROR,2025-07-22T07:18:28.630465,at_risk,29,0.049,1310.91,14843.28,sms,1,monthly,22,retry_delayed,0,0.0,0.0,0.0
txn_000123,cust_0054,2,8425.92,card,AUTH_OTP_FAILURE,GATEWAY_ERROR,2025-07-01T14:33:57.778768,regular,9,0.809,758.62,29278.73,whatsapp,2,,19,send_payment_link,0,0.0,0.0,0.5
txn_000124,cust_0458,3,969.35,upi,USER_ABANDONED,BAD_REQUEST_ERROR,2025-07-08T04:44:47.295743,at_risk,23,0.308,2642.99,14493.17,email,3,,12,whatsapp_nudge,0,0.0,0.0,1.5
txn_000125,cust_0127,1,3803.73,upi,AUTH_OTP_FAILURE,BAD_REQUEST_ERROR,2025-07-13T12:31:46.504553,regular,22,0.778,1558.56,25865.41,whatsapp,3,annual,5,escalate_human,0,0.0,0.0,50.0
txn_000126,cust_0023,2,9825.1,card,INSUFFICIENT_FUNDS,BAD_REQUEST_ERROR,2025-07-13T11:25:36.025728,b2b,22,0.872,500.21,1232480.85,sms,2,,9,retry_delayed,0,0.0,0.0,0.0
txn_000127,cust_0416,3,3956.09,upi,INSUFFICIENT_FUNDS,BAD_REQUEST_ERROR,2025-07-14T20:29:33.025948,regular,12,0.986,863.02,27021.16,sms,1,,7,email_reminder,0,0.0,0.0,0.1
txn_000128,cust_0187,3,1023.19,card,EXPIRED_CARD,BAD_REQUEST_ERROR,2025-07-06T05:26:03.484984,regular,3,0.825,826.04,42922.94,email,2,,7,offer_discount,0,0.0,0.0,102.42
txn_000129,cust_0121,3,1681.71,nach,SUBSCRIPTION_MANDATE_FAILURE,BAD_REQUEST_ERROR,2025-07-20T15:35:53.287693,regular,24,0.803,1033.32,20557.89,whatsapp,3,quarterly,5,escalate_human,0,0.0,0.0,50.0
txn_000130,cust_0239,2,2651.92,netbanking,SUSPECTED_FRAUD,BAD_REQUEST_ERROR,2025-07-23T05:32:01.243042,regular,5,0.99,1478.37,18228.22,email,0,,20,email_reminder,0,0.0,0.0,0.1
txn_000131,cust_0047,3,2461.05,card,MERCHANT_INTEGRATION_ERROR,SERVER_ERROR,2025-07-13T08:26:33.284136,vip,47,0.868,1223.93,192296.37,sms,2,,15,escalate_human,0,0.0,0.0,50.0
txn_000132,cust_0321,2,1928.42,netbanking,USER_ABANDONED,BAD_REQUEST_ERROR,2025-07-15T18:11:41.913041,vip,2,0.769,359.97,300919.37,email,1,,1,retry_delayed,1,34.26,0.0,0.0
txn_000133,cust_0473,2,1851.88,upi,SUSPECTED_FRAUD,BAD_REQUEST_ERROR,2025-07-18T16:13:34.473440,regular,4,0.512,3020.09,18592.31,whatsapp,1,monthly,1,escalate_human,0,0.0,0.0,50.0
txn_000134,cust_0169,3,391.75,card,BANK_DOWNTIME,BAD_REQUEST_ERROR,2025-07-27T14:04:07.343008,new,4,0.866,638.0,4744.97,sms,1,,11,send_payment_link,1,20.31,0.0,0.5
txn_000135,cust_0146,1,11149.17,upi,BANK_DOWNTIME,BAD_REQUEST_ERROR,2025-07-23T20:36:03.296138,vip,34,0.673,84.64,440227.52,email,2,,20,switch_to_upi,1,2.93,0.0,0.0
txn_000136,cust_0019,3,29908.63,upi,INSUFFICIENT_FUNDS,BAD_REQUEST_ERROR,2025-07-31T02:10:01.553931,b2b,3,0.917,374.78,557844.09,email,2,,6,retry_delayed,1,12.09,0.0,0.0
txn_000137,cust_0355,2,5999.24,card,INSUFFICIENT_FUNDS,BAD_REQUEST_ERROR,2025-07-18T15:03:50.813697,vip,13,0.896,1893.83,400262.21,email,3,monthly,27,escalate_human,0,0.0,0.0,50.0
txn_000138,cust_0217,3,1966.78,emi,BANK_DOWNTIME,GATEWAY_ERROR,2025-07-31T07:58:41.239215,regular,2,0.861,3261.92,17936.29,whatsapp,2,,11,retry_delayed,0,0.0,0.0,0.0
txn_000139,cust_0392,2,2245.23,upi,INSUFFICIENT_FUNDS,BAD_REQUEST_ERROR,2025-07-19T23:51:40.219679,at_risk,6,0.538,2781.94,6316.12,email,0,,1,retry_delayed,0,0.0,0.0,0.0
txn_000140,cust_0312,3,391.22,card,USER_ABANDONED,BAD_REQUEST_ERROR,2025-07-27T16:27:14.099149,regular,7,0.789,1761.94,20810.74,sms,3,,11,send_payment_link,0,0.0,0.0,0.5
txn_000141,cust_0198,2,16947.66,netbanking,BANK_DOWNTIME,SERVER_ERROR,2025-07-06T00:38:57.279660,b2b,2,0.765,234.31,602691.13,email,3,quarterly,7,escalate_human,0,0.0,0.0,50.0
txn_000142,cust_0424,2,1104.36,upi,BANK_DOWNTIME,GATEWAY_ERROR,2025-07-04T17:01:09.603343,regular,4,0.828,660.17,27642.15,email,1,,14,retry_delayed,0,0.0,0.0,0.0
txn_000143,cust_0075,3,17295.35,upi,INSUFFICIENT_FUNDS,BAD_REQUEST_ERROR,2025-07-23T07:01:15.400725,vip,37,0.747,1765.85,368641.06,sms,2,,1,offer_discount,0,0.0,0.0,1729.64
txn_000144,cust_0382,2,551.59,upi,INSUFFICIENT_FUNDS,BAD_REQUEST_ERROR,2025-07-19T02:30:55.153934,new,3,0.931,1522.31,2192.27,whatsapp,2,quarterly,4,whatsapp_nudge,0,0.0,0.0,1.5
txn_000145,cust_0117,3,12260.14,emi,USER_ABANDONED,BAD_REQUEST_ERROR,2025-07-22T04:46:35.448675,b2b,2,0.869,1795.75,289679.01,sms,3,monthly,20,whatsapp_nudge,0,0.0,0.0,1.5
txn_000146,cust_0468,2,2647.23,card,EXPIRED_CARD,BAD_REQUEST_ERROR,2025-07-13T12:35:02.435405,regular,28,0.842,2292.9,15572.55,whatsapp,3,,27,switch_to_upi,0,0.0,0.0,0.0
txn_000147,cust_0325,2,9002.51,card,INSUFFICIENT_FUNDS,BAD_REQUEST_ERROR,2025-07-26T12:33:09.948211,vip,21,0.682,245.39,244550.94,sms,0,,18,retry_delayed,1,4.05,0.0,0.0
txn_000148,cust_0170,1,877.46,wallet,INSUFFICIENT_FUNDS,BAD_REQUEST_ERROR,2025-07-23T11:46:54.179247,regular,27,0.813,2895.85,27463.74,sms,0,monthly,7,sms_reminder,0,0.0,0.0,0.25
txn_000149,cust_0186,3,1242.66,card,SUSPECTED_FRAUD,BAD_REQUEST_ERROR,2025-07-22T12:36:55.095080,regular,16,0.482,130.1,8978.1,email,3,,27,escalate_human,0,0.0,0.0,50.0
txn_000150,cust_0350,1,426.11,card,INSUFFICIENT_FUNDS,BAD_REQUEST_ERROR,2025-07-09T18:01:31.863891,new,14,0.868,164.29,7311.68,whatsapp,1,,19,switch_to_upi,0,0.0,0.0,0.0
txn_000151,cust_0317,3,11299.51,upi,AUTH_OTP_FAILURE,GATEWAY_ERROR,2025-07-11T17:50:01.405755,regular,4,0.883,159.57,17083.11,email,1,,6,whatsapp_nudge,0,0.0,0.0,1.5
txn_000152,cust_0343,3,1155.48,netbanking,INSUFFICIENT_FUNDS,BAD_REQUEST_ERROR,2025-07-17T14:27:46.277403,regular,11,0.861,9520.37,30911.97,whatsapp,0,,8,send_payment_link,0,0.0,0.0,0.5
txn_000153,cust_0017,1,25240.05,upi,INSUFFICIENT_FUNDS,BAD_REQUEST_ERROR,2025-07-19T23:22:18.927882,b2b,33,0.766,1348.98,652743.89,upi,1,annual,21,switch_to_upi,0,0.0,0.0,0.0
txn_000154,cust_0417,1,8601.8,card,AUTH_OTP_FAILURE,GATEWAY_ERROR,2025-07-03T18:20:57.633844,new,2,0.823,1647.14,6048.6,email,1,monthly,9,sms_reminder,0,0.0,0.0,0.25
txn_000155,cust_0307,1,453.12,card,SUBSCRIPTION_MANDATE_FAILURE,BAD_REQUEST_ERROR,2025-07-27T23:03:07.186994,new,3,0.797,1919.07,3118.53,whatsapp,3,monthly,16,retry_delayed,0,0.0,0.0,0.0
txn_000156,cust_0187,3,3045.07,netbanking,INSUFFICIENT_FUNDS,BAD_REQUEST_ERROR,2025-07-23T18:02:50.579028,regular,3,0.825,826.04,42922.94,email,2,,7,offer_discount,0,0.0,0.0,243.71
txn_000157,cust_0431,2,22024.6,card,INSUFFICIENT_FUNDS,BAD_REQUEST_ERROR,2025-07-30T23:45:06.547423,b2b,9,0.669,446.56,1741863.49,whatsapp,3,,7,offer_discount,0,0.0,0.0,1762.07
txn_000158,cust_0374,1,7623.43,card,USER_ABANDONED,BAD_REQUEST_ERROR,2025-07-29T23:07:33.670985,regular,3,0.699,1762.01,29227.71,email,0,monthly,38,whatsapp_nudge,1,5.84,0.0,1.5
txn_000159,cust_0318,3,3963.5,upi,BANK_DOWNTIME,GATEWAY_ERROR,2025-07-28T04:08:32.488194,vip,5,0.829,1121.91,80972.34,whatsapp,2,,10,escalate_human,0,0.0,0.0,50.0
txn_000160,cust_0007,3,3418.46,upi,INVALID_DETAILS,BAD_REQUEST_ERROR,2025-07-15T11:38:19.358965,at_risk,25,0.503,237.26,13059.65,whatsapp,0,,4,email_reminder,0,0.0,0.0,0.1
txn_000161,cust_0107,1,1391.13,upi,SUBSCRIPTION_MANDATE_FAILURE,BAD_REQUEST_ERROR,2025-07-05T05:59:03.328138,at_risk,15,0.695,4274.48,8916.65,upi,0,monthly,1,send_payment_link,0,0.0,0.0,0.5
txn_000162,cust_0191,2,12881.72,upi,INSUFFICIENT_FUNDS,BAD_REQUEST_ERROR,2025-07-05T08:51:02.520520,at_risk,10,0.708,4218.41,13014.75,whatsapp,1,,0,retry_delayed,0,0.0,0.0,0.0
txn_000163,cust_0275,3,13733.86,card,AUTH_OTP_FAILURE,GATEWAY_ERROR,2025-07-06T13:09:21.212284,vip,7,0.735,404.42,262306.18,sms,0,,12,send_payment_link,1,13.59,0.0,0.5
txn_000164,cust_0335,2,494.27,netbanking,INSUFFICIENT_FUNDS,BAD_REQUEST_ERROR,2025-07-27T00:02:23.289458,regular,17,0.5,316.1,37511.5,sms,3,quarterly,21,email_reminder,0,0.0,0.0,0.1
txn_000165,cust_0116,1,516.03,card,INSUFFICIENT_FUNDS,BAD_REQUEST_ERROR,2025-07-21T15:39:13.586476,new,20,0.467,609.79,8672.68,whatsapp,2,monthly,63,escalate_human,0,0.0,0.0,50.0
txn_000166,cust_0117,3,27266.13,card,EXPIRED_CARD,BAD_REQUEST_ERROR,2025-07-24T05:33:54.777071,b2b,2,0.869,1795.75,289679.01,sms,1,quarterly,20,switch_to_upi,1,3.27,0.0,0.0
txn_000167,cust_0158,1,2215.48,card,SUBSCRIPTION_MANDATE_FAILURE,BAD_REQUEST_ERROR,2025-07-21T06:18:24.057442,regular,21,0.906,1747.9,40410.11,email,1,monthly,93,email_reminder,0,0.0,0.0,0.1
txn_000168,cust_0422,3,22707.12,upi,MERCHANT_INTEGRATION_ERROR,SERVER_ERROR,2025-07-25T06:12:43.494920,at_risk,4,0.432,4832.88,3318.28,email,1,,6,escalate_human,0,0.0,0.0,50.0
txn_000169,cust_0002,3,86541.01,card,SUBSCRIPTION_MANDATE_FAILURE,BAD_REQUEST_ERROR,2025-07-16T23:58:13.545323,b2b,6,0.805,1032.86,1323343.73,sms,3,monthly,18,offer_discount,0,0.0,0.0,8654.2
txn_000170,cust_0010,3,2477.88,card,INSUFFICIENT_FUNDS,BAD_REQUEST_ERROR,2025-07-13T09:48:39.058956,vip,2,0.671,5213.85,212815.67,email,3,,27,sms_reminder,0,0.0,0.0,0.25
txn_000171,cust_0213,3,666.38,upi,INSUFFICIENT_FUNDS,BAD_REQUEST_ERROR,2025-07-29T17:00:58.257726,at_risk,53,0.337,300.94,17006.65,whatsapp,2,quarterly,4,retry_delayed,1,16.45,0.0,0.0
txn_000172,cust_0057,2,291.07,upi,USER_ABANDONED,BAD_REQUEST_ERROR,2025-07-21T07:29:37.768376,at_risk,29,0.305,401.43,18163.23,whatsapp,2,monthly,27,sms_reminder,0,0.0,0.0,0.25
txn_000173,cust_0414,1,3439.56,card,MERCHANT_INTEGRATION_ERROR,SERVER_ERROR,2025-07-20T19:25:21.285952,regular,1,0.611,130.92,13403.58,sms,0,annual,11,retry_now,0,0.0,0.0,0.0
txn_000174,cust_0263,1,38798.11,wallet,BANK_DOWNTIME,GATEWAY_ERROR,2025-07-16T05:21:43.138910,vip,10,0.761,310.32,103560.87,upi,0,,0,email_reminder,0,0.0,0.0,0.1
txn_000175,cust_0039,3,4609.86,netbanking,INSUFFICIENT_FUNDS,BAD_REQUEST_ERROR,2025-07-23T15:39:51.748804,at_risk,7,0.412,470.78,3101.18,email,0,monthly,8,retry_delayed,1,28.27,0.0,0.0
txn_000176,cust_0344,3,2760.88,card,EXPIRED_CARD,BAD_REQUEST_ERROR,2025-07-10T23:45:04.451162,new,4,0.596,206.97,7509.64,whatsapp,0,quarterly,28,whatsapp_nudge,1,5.01,0.0,1.5
txn_000177,cust_0255,3,19123.22,upi,USER_ABANDONED,BAD_REQUEST_ERROR,2025-07-10T22:38:38.736741,vip,13,0.805,678.95,280530.07,email,1,,33,email_reminder,0,0.0,0.0,0.1
txn_000178,cust_0160,2,3772.38,netbanking,BANK_DOWNTIME,GATEWAY_ERROR,2025-07-31T16:46:01.906348,regular,16,0.965,458.88,49099.03,sms,2,,0,send_payment_link,0,0.0,0.0,0.5
txn_000179,cust_0335,2,3329.61,nach,SUBSCRIPTION_MANDATE_FAILURE,BAD_REQUEST_ERROR,2025-07-20T01:14:53.303637,regular,17,0.5,316.1,37511.5,sms,1,monthly,21,send_payment_link,1,1.26,0.0,0.5
txn_000180,cust_0391,3,14295.12,upi,INSUFFICIENT_FUNDS,BAD_REQUEST_ERROR,2025-07-04T16:07:21.981550,vip,10,0.851,131.95,267942.01,email,2,,15,send_payment_link,1,17.53,0.0,0.5
txn_000181,cust_0185,2,6243.27,card,MERCHANT_INTEGRATION_ERROR,SERVER_ERROR,2025-07-16T23:42:05.124251,vip,6,0.89,251.26,146859.69,email,1,monthly,13,send_payment_link,0,0.0,0.0,0.5
txn_000182,cust_0376,1,2522.52,upi,INVALID_DETAILS,BAD_REQUEST_ERROR,2025-07-17T11:03:32.418208,at_risk,32,0.344,1259.18,18990.95,whatsapp,3,monthly,17,send_payment_link,0,0.0,0.0,0.5
txn_000183,cust_0104,3,2986.11,card,INSUFFICIENT_FUNDS,BAD_REQUEST_ERROR,2025-07-08T10:40:44.310974,regular,11,0.893,1251.97,32885.08,email,3,,7,retry_delayed,0,0.0,0.0,0.0
txn_000184,cust_0298,2,10235.35,card,EXPIRED_CARD,BAD_REQUEST_ERROR,2025-07-24T06:02:45.943385,vip,2,0.871,1636.41,438833.51,sms,0,monthly,18,offer_discount,1,4.28,1023.54,1023.64
txn_000185,cust_0402,3,9262.75,card,AUTH_OTP_FAILURE,GATEWAY_ERROR,2025-07-11T16:55:19.983231,regular,7,0.689,3181.94,35962.78,email,2,,15,retry_delayed,0,0.0,0.0,0.0
txn_000186,cust_0464,1,8667.81,emi,SUSPECTED_FRAUD,BAD_REQUEST_ERROR,2025-07-31T09:20:10.148699,regular,21,0.845,827.48,6402.01,whatsapp,2,,7,escalate_human,0,0.0,0.0,50.0
txn_000187,cust_0432,1,2247.91,card,BANK_DOWNTIME,GATEWAY_ERROR,2025-07-29T14:26:07.027938,regular,14,0.915,1199.8,47237.48,email,1,,2,send_payment_link,0,0.0,0.0,0.5
txn_000188,cust_0041,2,8172.36,upi,INSUFFICIENT_FUNDS,BAD_REQUEST_ERROR,2025-07-25T21:46:28.217225,at_risk,24,0.231,5565.28,2087.41,email,1,,32,send_payment_link,1,5.76,0.0,0.5
txn_000189,cust_0254,3,1876.81,card,INVALID_DETAILS,BAD_REQUEST_ERROR,2025-07-13T14:37:31.123805,regular,9,0.73,1069.72,33926.17,email,1,quarterly,54,sms_reminder,1,22.56,0.0,0.25
txn_000190,cust_0009,2,104.55,netbanking,BANK_DOWNTIME,SERVER_ERROR,2025-07-03T01:34:55.913667,new,26,0.844,974.4,1355.45,whatsapp,2,monthly,3,retry_delayed,1,12.99,0.0,0.0
txn_000191,cust_0376,1,2746.76,card,EXPIRED_CARD,BAD_REQUEST_ERROR,2025-07-08T13:51:16.958736,at_risk,32,0.344,1259.18,18990.95,whatsapp,3,,17,send_payment_link,0,0.0,0.0,0.5
txn_000192,cust_0334,3,2970.22,card,EXPIRED_CARD,BAD_REQUEST_ERROR,2025-07-11T19:19:58.084289,regular,18,0.838,830.7,25057.97,email,2,monthly,5,send_payment_link,1,23.12,0.0,0.5
txn_000193,cust_0482,1,5280.62,netbanking,USER_ABANDONED,BAD_REQUEST_ERROR,2025-07-05T06:42:24.107529,regular,1,0.957,3243.99,18579.62,sms,0,monthly,46,switch_to_upi,0,0.0,0.0,0.0
txn_000194,cust_0386,2,8773.38,card,EXPIRED_CARD,BAD_REQUEST_ERROR,2025-07-19T19:48:05.465416,vip,10,0.829,345.45,332067.31,upi,1,monthly,7,send_payment_link,1,13.29,0.0,0.5
txn_000195,cust_0279,3,11885.39,card,INVALID_DETAILS,BAD_REQUEST_ERROR,2025-07-02T21:33:26.966409,vip,24,0.652,461.1,443794.95,email,2,,2,email_reminder,0,0.0,0.0,0.1
txn_000196,cust_0394,3,6540.79,card,EXPIRED_CARD,BAD_REQUEST_ERROR,2025-07-29T20:27:38.133034,vip,25,0.82,3685.19,133485.89,email,3,annual,1,offer_discount,0,0.0,0.0,523.36
txn_000197,cust_0322,2,2241.34,card,USER_ABANDONED,BAD_REQUEST_ERROR,2025-07-10T22:58:36.728924,regular,19,0.863,544.21,44553.6,sms,3,monthly,0,offer_discount,0,0.0,0.0,336.3
txn_000198,cust_0260,3,1096.4,emi,INSUFFICIENT_FUNDS,BAD_REQUEST_ERROR,2025-07-28T03:01:25.951855,at_risk,11,0.2,3817.09,1928.63,email,3,,6,retry_delayed,1,18.78,0.0,0.0
txn_000199,cust_0181,1,370.17,emi,MERCHANT_INTEGRATION_ERROR,SERVER_ERROR,2025-07-19T08:58:26.501391,regular,21,0.951,563.69,32153.27,sms,3,monthly,1,escalate_human,1,44.54,0.0,50.0
txn_000200,cust_0358,3,5545.99,netbanking,USER_ABANDONED,BAD_REQUEST_ERROR,2025-07-07T20:04:43.507118,b2b,8,0.983,5214.59,1286288.27,whatsapp,2,monthly,0,offer_discount,0,0.0,0.0,277.4
txn_000201,cust_0064,3,1134.04,upi,INSUFFICIENT_FUNDS,BAD_REQUEST_ERROR,2025-07-14T09:33:49.411029,new,1,0.593,1073.76,2418.8,upi,2,,21,sms_reminder,0,0.0,0.0,0.25
txn_000202,cust_0171,2,6604.52,card,SUSPECTED_FRAUD,BAD_REQUEST_ERROR,2025-07-25T17:24:09.005882,regular,13,0.971,1086.28,46475.82,email,3,,10,escalate_human,0,0.0,0.0,50.0
txn_000203,cust_0238,1,7842.32,upi,INVALID_DETAILS,BAD_REQUEST_ERROR,2025-07-09T08:12:37.133852,regular,6,0.657,1093.68,5557.87,whatsapp,1,monthly,3,whatsapp_nudge,0,0.0,0.0,1.5
txn_000204,cust_0027,3,1952.16,card,EXPIRED_CARD,BAD_REQUEST_ERROR,2025-07-22T19:25:15.616352,regular,3,0.784,7244.7,19309.6,email,0,,11,send_payment_link,1,22.03,0.0,0.5
txn_000205,cust_0057,2,5298.39,card,EXPIRED_CARD,BAD_REQUEST_ERROR,2025-07-21T22:53:15.251139,at_risk,29,0.305,401.43,18163.23,whatsapp,1,monthly,27,switch_to_upi,1,2.87,0.0,0.0
txn_000206,cust_0289,1,2019.03,card,EXPIRED_CARD,BAD_REQUEST_ERROR,2025-07-13T22:37:04.810076,regular,5,0.712,1114.19,14236.69,whatsapp,0,annual,3,escalate_human,0,0.0,0.0,50.0
txn_000207,cust_0377,2,2608.57,nach,INSUFFICIENT_FUNDS,BAD_REQUEST_ERROR,2025-07-08T16:23:03.066766,new,15,0.745,458.34,4230.89,email,1,,15,send_payment_link,1,6.65,0.0,0.5
txn_000208,cust_0057,2,459.86,upi,USER_ABANDONED,BAD_REQUEST_ERROR,2025-07-31T10:25:56.294095,at_risk,29,0.305,401.43,18163.23,whatsapp,3,annual,27,whatsapp_nudge,0,0.0,0.0,1.5
txn_000209,cust_0164,2,3264.16,netbanking,USER_ABANDONED,BAD_REQUEST_ERROR,2025-07-04T19:08:58.469884,regular,5,0.836,220.07,31037.42,email,1,annual,2,whatsapp_nudge,1,5.91,0.0,1.5
txn_000210,cust_0006,1,5141.49,card,INSUFFICIENT_FUNDS,BAD_REQUEST_ERROR,2025-07-25T04:15:36.321700,vip,9,0.828,3504.96,367324.42,sms,1,quarterly,22,send_payment_link,0,0.0,0.0,0.5
txn_000211,cust_0196,2,8665.78,upi,INVALID_DETAILS,BAD_REQUEST_ERROR,2025-07-24T15:09:08.859983,b2b,3,0.352,2207.75,751035.56,email,2,quarterly,9,switch_to_upi,0,0.0,0.0,0.0
txn_000212,cust_0481,1,926.42,upi,USER_ABANDONED,BAD_REQUEST_ERROR,2025-07-14T00:57:42.789274,regular,16,0.736,3702.18,45243.02,email,2,,22,send_payment_link,0,0.0,0.0,0.5
txn_000213,cust_0197,3,5220.57,upi,AUTH_OTP_FAILURE,BAD_REQUEST_ERROR,2025-07-11T22:48:28.315065,vip,26,0.679,3489.32,369661.64,email,3,,0,escalate_human,0,0.0,0.0,50.0
txn_000214,cust_0086,3,1335.16,upi,INVALID_DETAILS,BAD_REQUEST_ERROR,2025-07-02T20:54:08.423140,new,10,0.957,671.78,1809.04,whatsapp,2,,11,email_reminder,0,0.0,0.0,0.1
txn_000215,cust_0358,3,8011.03,upi,USER_ABANDONED,BAD_REQUEST_ERROR,2025-07-13T20:21:22.756783,b2b,8,0.983,5214.59,1286288.27,whatsapp,1,monthly,0,whatsapp_nudge,0,0.0,0.0,1.5
txn_000216,cust_0254,3,3474.65,netbanking,MERCHANT_INTEGRATION_ERROR,SERVER_ERROR,2025-07-24T04:04:07.213915,regular,9,0.73,1069.72,33926.17,email,2,monthly,54,escalate_human,1,35.59,0.0,50.0
txn_000217,cust_0180,2,8418.84,wallet,AUTH_OTP_FAILURE,BAD_REQUEST_ERROR,2025-07-29T08:02:40.199880,regular,1,0.84,2103.65,37013.42,sms,0,monthly,4,retry_now,0,0.0,0.0,0.0
txn_000218,cust_0094,2,969.68,card,USER_ABANDONED,BAD_REQUEST_ERROR,2025-07-17T05:54:09.848921,new,2,0.778,314.22,4853.49,whatsapp,2,,13,sms_reminder,0,0.0,0.0,0.25
txn_000219,cust_0064,3,10976.03,card,INSUFFICIENT_FUNDS,BAD_REQUEST_ERROR,2025-07-02T16:50:40.102708,new,1,0.593,1073.76,2418.8,upi,2,monthly,21,retry_delayed,0,0.0,0.0,0.0
txn_000220,cust_0269,2,3340.52,netbanking,SUSPECTED_FRAUD,BAD_REQUEST_ERROR,2025-07-06T22:05:50.112225,regular,71,0.974,512.24,30062.02,email,1,,20,escalate_human,0,0.0,0.0,50.0
txn_000221,cust_0356,1,4295.7,nach,SUBSCRIPTION_MANDATE_FAILURE,BAD_REQUEST_ERROR,2025-07-06T23:18:49.024322,vip,7,0.715,1538.41,471057.64,whatsapp,3,monthly,6,switch_to_upi,0,0.0,0.0,0.0
txn_000222,cust_0458,3,703.42,netbanking,INSUFFICIENT_FUNDS,BAD_REQUEST_ERROR,2025-07-18T04:28:52.556214,at_risk,23,0.308,2642.99,14493.17,email,2,annual,12,escalate_human,0,0.0,0.0,50.0
txn_000223,cust_0179,3,1033.62,nach,BANK_DOWNTIME,BAD_REQUEST_ERROR,2025-07-03T15:45:01.896375,regular,7,0.952,155.82,34699.38,whatsapp,1,,2,send_payment_link,0,0.0,0.0,0.5
txn_000224,cust_0346,1,1441.73,nach,SUBSCRIPTION_MANDATE_FAILURE,BAD_REQUEST_ERROR,2025-07-25T10:03:29.377316,at_risk,16,0.484,516.41,5637.19,sms,3,monthly,7,switch_to_upi,0,0.0,0.0,0.0
txn_000225,cust_0196,2,21768.05,nach,SUBSCRIPTION_MANDATE_FAILURE,BAD_REQUEST_ERROR,2025-07-30T09:14:38.681292,b2b,3,0.352,2207.75,751035.56,email,1,quarterly,9,sms_reminder,1,16.51,0.0,0.25
txn_000226,cust_0118,3,1693.17,upi,BANK_DOWNTIME,GATEWAY_ERROR,2025-07-28T16:43:29.861682,regular,16,0.94,70.68,47689.05,whatsapp,2,,2,send_payment_link,0,0.0,0.0,0.5
txn_000227,cust_0182,1,12331.01,card,EXPIRED_CARD,BAD_REQUEST_ERROR,2025-07-20T02:10:15.714621,b2b,27,0.724,429.87,133935.82,upi,2,monthly,24,switch_to_upi,0,0.0,0.0,0.0
txn_000228,cust_0170,1,5693.36,netbanking,INSUFFICIENT_FUNDS,BAD_REQUEST_ERROR,2025-07-17T15:36:17.701786,regular,27,0.813,2895.85,27463.74,sms,0,,7,sms_reminder,0,0.0,0.0,0.25
txn_000229,cust_0457,3,1355.2,card,SUSPECTED_FRAUD,BAD_REQUEST_ERROR,2025-07-29T19:50:17.487867,regular,31,0.779,395.34,17092.18,whatsapp,2,quarterly,4,escalate_human,0,0.0,0.0,50.0
txn_000230,cust_0196,2,2968.33,card,INSUFFICIENT_FUNDS,BAD_REQUEST_ERROR,2025-07-25T06:44:43.416074,b2b,3,0.352,2207.75,751035.56,email,1,quarterly,9,offer_discount,0,0.0,0.0,148.52
txn_000231,cust_0331,1,7204.89,card,EXPIRED_CARD,BAD_REQUEST_ERROR,2025-07-04T22:08:57.394414,vip,8,0.797,1977.81,119500.09,whatsapp,1,,30,switch_to_upi,1,1.07,0.0,0.0
txn_000232,cust_0271,2,48796.99,upi,MERCHANT_INTEGRATION_ERROR,SERVER_ERROR,2025-07-24T01:34:09.935508,b2b,1,0.95,1982.12,305785.43,whatsapp,1,monthly,4,escalate_human,0,0.0,0.0,50.0
txn_000233,cust_0483,1,17690.71,upi,SUSPECTED_FRAUD,BAD_REQUEST_ERROR,2025-07-13T18:22:02.725312,vip,3,0.901,686.93,426744.6,whatsapp,0,,10,retry_delayed,0,0.0,0.0,0.0
txn_000234,cust_0425,1,1384.99,upi,BANK_DOWNTIME,BAD_REQUEST_ERROR,2025-07-05T20:00:40.921460,regular,96,0.892,1105.53,17369.47,sms,1,annual,14,retry_delayed,1,44.51,0.0,0.0
txn_000235,cust_0326,3,10086.34,netbanking,BANK_DOWNTIME,BAD_REQUEST_ERROR,2025-07-04T10:52:47.057318,vip,22,0.962,96.84,354377.2,upi,1,annual,16,retry_delayed,1,13.05,0.0,0.0
txn_000236,cust_0003,2,13738.8,netbanking,INVALID_DETAILS,BAD_REQUEST_ERROR,2025-07-01T21:52:09.465171,regular,19,0.727,14328.09,48681.41,sms,1,,18,email_reminder,0,0.0,0.0,0.1
txn_000237,cust_0192,1,3422.69,upi,AUTH_OTP_FAILURE,GATEWAY_ERROR,2025-07-19T14:21:04.932639,regular,5,0.636,7392.81,42919.46,email,2,,1,retry_now,0,0.0,0.0,0.0
txn_000238,cust_0442,1,7977.78,netbanking,BANK_DOWNTIME,BAD_REQUEST_ERROR,2025-07-18T02:57:42.968383,b2b,28,0.671,1189.09,752197.26,email,1,monthly,5,retry_delayed,1,12.29,0.0,0.0
txn_000239,cust_0408,2,2693.29,upi,INVALID_DETAILS,BAD_REQUEST_ERROR,2025-07-02T02:55:26.547495,vip,24,0.852,1654.37,490463.89,whatsapp,0,,0,switch_to_upi,0,0.0,0.0,0.0
txn_000240,cust_0164,2,7921.36,nach,BANK_DOWNTIME,BAD_REQUEST_ERROR,2025-07-13T02:35:58.112646,regular,5,0.836,220.07,31037.42,email,0,,2,retry_now,0,0.0,0.0,0.0
txn_000241,cust_0421,2,3022.03,netbanking,USER_ABANDONED,BAD_REQUEST_ERROR,2025-07-25T01:37:42.812781,regular,18,0.89,578.3,32813.32,whatsapp,1,monthly,25,send_payment_link,0,0.0,0.0,0.5
txn_000242,cust_0005,2,11169.56,card,USER_ABANDONED,BAD_REQUEST_ERROR,2025-07-12T10:07:02.440918,vip,18,0.809,1189.27,190564.99,email,1,,2,send_payment_link,1,12.51,0.0,0.5
txn_000243,cust_0469,3,2743.14,nach,SUBSCRIPTION_MANDATE_FAILURE,BAD_REQUEST_ERROR,2025-07-24T18:25:59.041616,regular,12,0.804,345.68,46376.3,whatsapp,1,monthly,0,send_payment_link,1,5.03,0.0,0.5
txn_000244,cust_0329,2,18365.84,emi,BANK_DOWNTIME,SERVER_ERROR,2025-07-27T18:01:40.898147,vip,21,0.587,700.55,127476.8,whatsapp,3,,4,retry_now,0,0.0,0.0,0.0
txn_000245,cust_0252,2,9002.45,upi,USER_ABANDONED,BAD_REQUEST_ERROR,2025-07-19T16:25:03.822846,vip,2,0.758,2502.94,164806.1,upi,2,quarterly,14,send_payment_link,0,0.0,0.0,0.5
txn_000246,cust_0322,2,7691.12,netbanking,SUSPECTED_FRAUD,BAD_REQUEST_ERROR,2025-07-02T08:10:18.323844,regular,19,0.863,544.21,44553.6,sms,0,,0,escalate_human,1,52.02,0.0,50.0
txn_000247,cust_0398,1,1293.27,upi,INSUFFICIENT_FUNDS,BAD_REQUEST_ERROR,2025-07-08T16:17:49.158217,new,77,0.869,320.82,4919.1,sms,2,monthly,5,retry_delayed,0,0.0,0.0,0.0
txn_000248,cust_0034,3,2555.97,nach,INSUFFICIENT_FUNDS,BAD_REQUEST_ERROR,2025-07-15T06:11:47.228344,vip,5,0.819,7627.01,127081.09,sms,2,,23,send_payment_link,0,0.0,0.0,0.5
txn_000249,cust_0006,1,1762.08,nach,BANK_DOWNTIME,BAD_REQUEST_ERROR,2025-07-04T07:14:33.665459,vip,9,0.828,3504.96,367324.42,sms,3,,22,escalate_human,0,0.0,0.0,50.0
txn_000250,cust_0304,2,5339.36,netbanking,USER_ABANDONED,BAD_REQUEST_ERROR,2025-07-06T08:21:41.999867,b2b,1,0.933,2160.08,1150724.71,whatsapp,1,,0,retry_delayed,0,0.0,0.0,0.0
txn_000251,cust_0175,1,17874.97,netbanking,INSUFFICIENT_FUNDS,BAD_REQUEST_ERROR,2025-07-20T21:12:57.440507,regular,39,0.776,803.96,49352.95,whatsapp,3,,12,send_payment_link,0,0.0,0.0,0.5
txn_000252,cust_0143,3,3993.1,card,INVALID_DETAILS,BAD_REQUEST_ERROR,2025-07-31T22:33:15.430539,regular,5,0.833,291.55,26528.22,email,3,,12,switch_to_upi,0,0.0,0.0,0.0
txn_000253,cust_0318,3,3091.37,upi,INSUFFICIENT_FUNDS,BAD_REQUEST_ERROR,2025-07-14T05:16:06.382850,vip,5,0.829,1121.91,80972.34,whatsapp,3,,10,escalate_human,0,0.0,0.0,50.0
txn_000254,cust_0369,1,1234.06,netbanking,INSUFFICIENT_FUNDS,BAD_REQUEST_ERROR,2025-07-28T13:03:18.416675,new,18,0.761,295.58,8819.59,whatsapp,3,,24,retry_delayed,0,0.0,0.0,0.0
txn_000255,cust_0361,1,345.83,card,INSUFFICIENT_FUNDS,BAD_REQUEST_ERROR,2025-07-21T02:57:40.292493,new,2,0.696,118.76,6921.14,whatsapp,1,quarterly,2,retry_delayed,0,0.0,0.0,0.0
txn_000256,cust_0331,1,20639.53,upi,INSUFFICIENT_FUNDS,BAD_REQUEST_ERROR,2025-07-27T04:36:41.571821,vip,8,0.797,1977.81,119500.09,whatsapp,1,quarterly,30,retry_delayed,1,26.96,0.0,0.0
txn_000257,cust_0116,1,1952.69,card,EXPIRED_CARD,BAD_REQUEST_ERROR,2025-07-29T15:22:30.921065,new,20,0.467,609.79,8672.68,whatsapp,3,quarterly,63,whatsapp_nudge,0,0.0,0.0,1.5
txn_000258,cust_0054,2,2123.28,card,BANK_DOWNTIME,BAD_REQUEST_ERROR,2025-07-17T12:12:24.774965,regular,9,0.809,758.62,29278.73,whatsapp,0,monthly,19,escalate_human,1,42.13,0.0,50.0
txn_000259,cust_0239,2,2713.35,upi,SUBSCRIPTION_MANDATE_FAILURE,BAD_REQUEST_ERROR,2025-07-17T07:36:03.977982,regular,5,0.99,1478.37,18228.22,email,3,quarterly,20,switch_to_upi,0,0.0,0.0,0.0
txn_000260,cust_0296,3,6159.69,upi,BANK_DOWNTIME,SERVER_ERROR,2025-07-07T11:10:44.138084,vip,3,0.775,2229.62,93285.95,sms,1,,62,retry_delayed,1,7.47,0.0,0.0
txn_000261,cust_0026,3,4574.19,netbanking,AUTH_OTP_FAILURE,BAD_REQUEST_ERROR,2025-07-24T12:52:08.065223,regular,4,0.768,1931.1,17812.4,email,2,,5,switch_to_upi,1,1.96,0.0,0.0
txn_000262,cust_0133,2,6766.7,netbanking,USER_ABANDONED,BAD_REQUEST_ERROR,2025-07-25T19:21:46.599229,regular,29,0.494,489.66,25538.17,whatsapp,1,monthly,10,sms_reminder,1,18.97,0.0,0.25
txn_000263,cust_0363,3,44431.71,upi,BANK_DOWNTIME,BAD_REQUEST_ERROR,2025-07-12T05:25:48.303940,b2b,23,0.761,1573.94,174706.83,whatsapp,0,,7,email_reminder,1,43.87,0.0,0.1
txn_000264,cust_0157,3,2124.37,nach,MERCHANT_INTEGRATION_ERROR,SERVER_ERROR,2025-07-13T17:31:48.122576,regular,6,0.98,950.51,44450.52,whatsapp,3,,16,retry_delayed,0,0.0,0.0,0.0
txn_000265,cust_0220,3,1588.46,nach,BANK_DOWNTIME,BAD_REQUEST_ERROR,2025-07-23T19:14:53.928466,at_risk,2,0.423,1708.26,16875.07,whatsapp,3,monthly,8,switch_to_upi,0,0.0,0.0,0.0
txn_000266,cust_0432,1,1206.97,card,EXPIRED_CARD,BAD_REQUEST_ERROR,2025-07-21T17:24:16.103017,regular,14,0.915,1199.8,47237.48,email,3,,2,switch_to_upi,0,0.0,0.0,0.0
txn_000267,cust_0494,1,470.76,upi,MERCHANT_INTEGRATION_ERROR,SERVER_ERROR,2025-07-19T04:22:16.416310,regular,8,0.795,348.0,32380.27,whatsapp,2,,12,escalate_human,0,0.0,0.0,50.0
txn_000268,cust_0094,2,2224.61,upi,BANK_DOWNTIME,GATEWAY_ERROR,2025-07-26T22:45:11.295396,new,2,0.778,314.22,4853.49,whatsapp,2,quarterly,13,escalate_human,0,0.0,0.0,50.0
txn_000269,cust_0334,3,922.85,netbanking,AUTH_OTP_FAILURE,GATEWAY_ERROR,2025-07-09T10:15:12.831377,regular,18,0.838,830.7,25057.97,email,2,,5,send_payment_link,0,0.0,0.0,0.5
txn_000270,cust_0182,1,62046.87,upi,BANK_DOWNTIME,BAD_REQUEST_ERROR,2025-07-30T21:00:11.715487,b2b,27,0.724,429.87,133935.82,upi,2,,24,email_reminder,0,0.0,0.0,0.1
txn_000271,cust_0054,2,37184.17,emi,USER_ABANDONED,BAD_REQUEST_ERROR,2025-07-05T12:21:40.887372,regular,9,0.809,758.62,29278.73,whatsapp,1,,19,email_reminder,0,0.0,0.0,0.1
txn_000272,cust_0284,3,690.27,upi,BANK_DOWNTIME,GATEWAY_ERROR,2025-07-20T17:07:57.811795,new,18,0.675,1028.68,2911.97,email,1,,21,escalate_human,0,0.0,0.0,50.0
txn_000273,cust_0155,3,5536.38,card,BANK_DOWNTIME,GATEWAY_ERROR,2025-07-25T00:08:02.482803,b2b,5,0.811,4494.49,863890.82,sms,0,,11,retry_delayed,0,0.0,0.0,0.0
txn_000274,cust_0248,3,831.19,card,INSUFFICIENT_FUNDS,BAD_REQUEST_ERROR,2025-07-26T12:40:29.926171,at_risk,12,0.257,159.2,14858.8,sms,0,quarterly,15,offer_discount,1,0.69,66.5,66.6
txn_000275,cust_0374,1,1056.58,card,EXPIRED_CARD,BAD_REQUEST_ERROR,2025-07-12T17:26:29.381384,regular,3,0.699,1762.01,29227.71,email,3,,38,whatsapp_nudge,0,0.0,0.0,1.5
txn_000276,cust_0118,3,5731.37,upi,INSUFFICIENT_FUNDS,BAD_REQUEST_ERROR,2025-07-20T16:03:25.410890,regular,16,0.94,70.68,47689.05,whatsapp,2,annual,2,sms_reminder,0,0.0,0.0,0.25
txn_000277,cust_0091,3,20163.02,netbanking,USER_ABANDONED,BAD_REQUEST_ERROR,2025-07-06T18:17:43.951579,vip,7,0.844,1551.89,143472.76,whatsapp,3,,5,retry_delayed,0,0.0,0.0,0.0
txn_000278,cust_0043,2,10758.86,wallet,AUTH_OTP_FAILURE,BAD_REQUEST_ERROR,2025-07-28T22:48:36.933089,new,10,0.908,873.85,8899.38,sms,2,,23,whatsapp_nudge,1,8.75,0.0,1.5
txn_000279,cust_0482,1,3231.4,netbanking,INSUFFICIENT_FUNDS,BAD_REQUEST_ERROR,2025-07-30T15:22:43.297999,regular,1,0.957,3243.99,18579.62,sms,1,,46,offer_discount,0,0.0,0.0,258.61
txn_000280,cust_0278,1,3309.5,wallet,AUTH_OTP_FAILURE,GATEWAY_ERROR,2025-07-26T14:59:58.344275,vip,16,0.645,2106.22,132493.17,sms,2,,22,send_payment_link,1,14.09,0.0,0.5
txn_000281,cust_0207,3,4178.33,card,USER_ABANDONED,BAD_REQUEST_ERROR,2025-07-08T23:05:10.441310,new,7,0.822,452.12,9997.77,upi,3,,19,whatsapp_nudge,0,0.0,0.0,1.5
txn_000282,cust_0235,3,290.43,card,SUBSCRIPTION_MANDATE_FAILURE,BAD_REQUEST_ERROR,2025-07-08T07:24:45.624812,new,12,0.665,241.94,9433.34,email,0,monthly,63,escalate_human,0,0.0,0.0,50.0
txn_000283,cust_0058,3,88902.79,nach,USER_ABANDONED,BAD_REQUEST_ERROR,2025-07-12T15:43:22.111555,b2b,12,0.922,659.63,1970698.35,email,3,monthly,15,whatsapp_nudge,0,0.0,0.0,1.5
txn_000284,cust_0244,3,280.48,wallet,SUSPECTED_FRAUD,BAD_REQUEST_ERROR,2025-07-20T16:29:06.144325,at_risk,12,0.563,651.74,1600.05,upi,0,,18,escalate_human,0,0.0,0.0,50.0
txn_000285,cust_0257,3,1243.11,upi,INSUFFICIENT_FUNDS,BAD_REQUEST_ERROR,2025-07-25T16:05:44.726176,new,2,0.884,822.44,8521.88,whatsapp,0,monthly,6,send_payment_link,0,0.0,0.0,0.5
txn_000286,cust_0380,1,25274.65,emi,USER_ABANDONED,BAD_REQUEST_ERROR,2025-07-07T17:01:57.400862,vip,1,0.752,806.93,459540.35,email,1,,14,whatsapp_nudge,0,0.0,0.0,1.5
txn_000287,cust_0347,2,257.63,upi,AUTH_OTP_FAILURE,BAD_REQUEST_ERROR,2025-07-31T11:32:19.951246,at_risk,29,0.448,892.71,15409.07,whatsapp,3,,30,retry_delayed,0,0.0,0.0,0.0
txn_000288,cust_0291,3,34398.36,card,MERCHANT_INTEGRATION_ERROR,SERVER_ERROR,2025-07-21T02:01:45.920713,vip,9,0.869,2053.73,345401.92,email,3,,5,whatsapp_nudge,0,0.0,0.0,1.5
txn_000289,cust_0088,3,9520.61,card,SUBSCRIPTION_MANDATE_FAILURE,BAD_REQUEST_ERROR,2025-07-23T05:17:30.240606,new,3,0.9,519.78,9013.16,whatsapp,3,monthly,11,sms_reminder,0,0.0,0.0,0.25
txn_000290,cust_0257,3,1306.56,card,MERCHANT_INTEGRATION_ERROR,SERVER_ERROR,2025-07-17T00:36:56.767043,new,2,0.884,822.44,8521.88,whatsapp,0,,6,retry_delayed,0,0.0,0.0,0.0
txn_000291,cust_0157,3,564.55,card,INSUFFICIENT_FUNDS,BAD_REQUEST_ERROR,2025-07-26T08:08:11.242301,regular,6,0.98,950.51,44450.52,whatsapp,1,monthly,16,offer_discount,1,6.07,45.16,45.26
txn_000292,cust_0391,3,10344.74,card,SUBSCRIPTION_MANDATE_FAILURE,BAD_REQUEST_ERROR,2025-07-09T12:13:07.214464,vip,10,0.851,131.95,267942.01,email,0,monthly,15,switch_to_upi,0,0.0,0.0,0.0
txn_000293,cust_0016,1,558.32,card,AUTH_OTP_FAILURE,BAD_REQUEST_ERROR,2025-07-09T02:04:22.989386,at_risk,21,0.262,2999.46,3047.08,sms,1,,11,switch_to_upi,0,0.0,0.0,0.0
txn_000294,cust_0147,1,15490.86,card,EXPIRED_CARD,BAD_REQUEST_ERROR,2025-07-29T19:53:53.356942,regular,29,0.873,6765.84,30567.53,upi,0,,21,email_reminder,0,0.0,0.0,0.1
txn_000295,cust_0473,2,5338.62,card,USER_ABANDONED,BAD_REQUEST_ERROR,2025-07-05T09:33:12.920604,regular,4,0.512,3020.09,18592.31,whatsapp,3,,1,send_payment_link,0,0.0,0.0,0.5
txn_000296,cust_0403,2,12570.53,card,AUTH_OTP_FAILURE,GATEWAY_ERROR,2025-07-20T15:26:52.101015,b2b,26,0.86,8629.41,1292147.57,sms,3,monthly,9,switch_to_upi,0,0.0,0.0,0.0
txn_000297,cust_0151,3,4285.93,netbanking,INSUFFICIENT_FUNDS,BAD_REQUEST_ERROR,2025-07-18T03:54:00.170019,at_risk,20,0.131,912.67,8188.04,email,1,,3,offer_discount,0,0.0,0.0,514.41
txn_000298,cust_0041,2,1853.89,upi,USER_ABANDONED,BAD_REQUEST_ERROR,2025-07-30T04:21:22.666447,at_risk,24,0.231,5565.28,2087.41,email,3,,32,whatsapp_nudge,0,0.0,0.0,1.5
txn_000299,cust_0081,2,14944.92,card,EXPIRED_CARD,BAD_REQUEST_ERROR,2025-07-21T12:04:38.868589,vip,5,0.85,9945.39,402332.06,email,3,monthly,0,offer_discount,1,10.8,1195.59,1195.69
txn_000300,cust_0071,1,4206.74,card,EXPIRED_CARD,BAD_REQUEST_ERROR,2025-07-23T06:21:49.568699,regular,1,0.74,1325.76,46867.31,upi,3,,1,email_reminder,0,0.0,0.0,0.1
txn_000301,cust_0393,3,18540.15,netbanking,INSUFFICIENT_FUNDS,BAD_REQUEST_ERROR,2025-07-07T17:36:05.062888,vip,41,0.906,4240.06,385781.59,whatsapp,3,quarterly,2,escalate_human,0,0.0,0.0,50.0
txn_000302,cust_0259,1,10713.29,wallet,AUTH_OTP_FAILURE,GATEWAY_ERROR,2025-07-19T12:17:34.223099,b2b,26,0.839,1576.1,290991.8,upi,1,quarterly,7,whatsapp_nudge,1,4.39,0.0,1.5
txn_000303,cust_0448,2,332.6,card,SUBSCRIPTION_MANDATE_FAILURE,BAD_REQUEST_ERROR,2025-07-31T05:38:32.205632,regular,7,0.736,503.23,13165.45,email,2,monthly,15,switch_to_upi,0,0.0,0.0,0.0
txn_000304,cust_0281,2,471.3,wallet,INSUFFICIENT_FUNDS,BAD_REQUEST_ERROR,2025-07-05T10:17:53.148838,new,20,0.351,5005.0,8377.6,email,2,,6,offer_discount,0,0.0,0.0,23.67
txn_000305,cust_0401,2,6805.28,card,MERCHANT_INTEGRATION_ERROR,SERVER_ERROR,2025-07-22T12:45:43.771927,regular,3,0.938,153.35,49742.54,whatsapp,0,quarterly,14,retry_delayed,0,0.0,0.0,0.0
txn_000306,cust_0189,1,715.06,nach,SUBSCRIPTION_MANDATE_FAILURE,BAD_REQUEST_ERROR,2025-07-10T04:40:56.987907,vip,1,0.872,427.02,98900.14,whatsapp,3,monthly,1,send_payment_link,1,8.3,0.0,0.5
txn_000307,cust_0024,1,1688.61,upi,INSUFFICIENT_FUNDS,BAD_REQUEST_ERROR,2025-07-08T04:55:55.253511,regular,13,0.953,188.58,32270.71,upi,3,quarterly,4,send_payment_link,0,0.0,0.0,0.5
txn_000308,cust_0216,3,2683.83,upi,USER_ABANDONED,BAD_REQUEST_ERROR,2025-07-21T10:26:07.097951,regular,4,0.771,1294.46,19608.97,email,0,annual,9,sms_reminder,0,0.0,0.0,0.25
txn_000309,cust_0349,2,5715.21,netbanking,BANK_DOWNTIME,SERVER_ERROR,2025-07-14T20:44:05.706250,vip,47,0.794,1664.9,125281.05,email,3,monthly,20,retry_delayed,0,0.0,0.0,0.0
txn_000310,cust_0212,1,868.13,card,SUBSCRIPTION_MANDATE_FAILURE,BAD_REQUEST_ERROR,2025-07-14T23:08:07.444096,regular,13,0.833,1225.64,9175.35,upi,3,monthly,5,escalate_human,0,0.0,0.0,50.0
txn_000311,cust_0039,3,865.66,upi,INSUFFICIENT_FUNDS,BAD_REQUEST_ERROR,2025-07-27T18:32:31.010883,at_risk,7,0.412,470.78,3101.18,email,1,,8,sms_reminder,1,4.2,0.0,0.25
txn_000312,cust_0371,3,5398.87,nach,SUBSCRIPTION_MANDATE_FAILURE,BAD_REQUEST_ERROR,2025-07-02T23:57:39.622231,new,8,0.751,337.88,9561.57,email,3,monthly,49,sms_reminder,0,0.0,0.0,0.25
txn_000313,cust_0095,3,15951.8,card,EXPIRED_CARD,BAD_REQUEST_ERROR,2025-07-30T07:02:31.492007,vip,13,0.791,762.69,319862.91,upi,2,monthly,46,escalate_human,0,0.0,0.0,50.0
txn_000314,cust_0284,3,2696.95,card,AUTH_OTP_FAILURE,BAD_REQUEST_ERROR,2025-07-05T04:39:26.871237,new,18,0.675,1028.68,2911.97,email,0,monthly,21,switch_to_upi,1,0.92,0.0,0.0
txn_000315,cust_0379,3,1557.21,upi,INSUFFICIENT_FUNDS,BAD_REQUEST_ERROR,2025-07-20T07:01:35.790613,at_risk,9,0.448,167.93,6567.72,whatsapp,3,,1,offer_discount,0,0.0,0.0,124.68
txn_000316,cust_0046,2,4683.76,wallet,BANK_DOWNTIME,SERVER_ERROR,2025-07-23T11:40:47.226591,vip,1,0.66,672.84,192668.41,whatsapp,0,monthly,23,switch_to_upi,0,0.0,0.0,0.0
txn_000317,cust_0296,3,58911.07,upi,USER_ABANDONED,BAD_REQUEST_ERROR,2025-07-09T01:24:21.295211,vip,3,0.775,2229.62,93285.95,sms,1,,62,whatsapp_nudge,1,6.95,0.0,1.5
txn_000318,cust_0180,2,1123.59,upi,INSUFFICIENT_FUNDS,BAD_REQUEST_ERROR,2025-07-21T13:35:44.618690,regular,1,0.84,2103.65,37013.42,sms,0,,4,retry_delayed,1,8.18,0.0,0.0
txn_000319,cust_0480,1,12397.04,card,EXPIRED_CARD,BAD_REQUEST_ERROR,2025-07-10T12:50:59.546706,new,28,0.85,313.56,2660.21,whatsapp,3,,12,offer_discount,0,0.0,0.0,619.95
txn_000320,cust_0278,1,23558.62,wallet,INSUFFICIENT_FUNDS,BAD_REQUEST_ERROR,2025-07-24T21:02:28.547262,vip,16,0.645,2106.22,132493.17,sms,0,,22,send_payment_link,0,0.0,0.0,0.5
txn_000321,cust_0114,1,3084.59,netbanking,INSUFFICIENT_FUNDS,BAD_REQUEST_ERROR,2025-07-17T05:48:09.539866,vip,1,0.671,6892.12,79735.64,upi,0,,7,offer_discount,0,0.0,0.0,308.56
txn_000322,cust_0238,1,4319.38,card,USER_ABANDONED,BAD_REQUEST_ERROR,2025-07-11T00:10:08.577690,regular,6,0.657,1093.68,5557.87,whatsapp,0,monthly,3,whatsapp_nudge,0,0.0,0.0,1.5
txn_000323,cust_0029,1,113774.91,card,INSUFFICIENT_FUNDS,BAD_REQUEST_ERROR,2025-07-26T05:51:44.163476,b2b,21,0.836,50.4,1623849.17,upi,3,quarterly,5,retry_delayed,0,0.0,0.0,0.0
txn_000324,cust_0064,3,439.43,card,INSUFFICIENT_FUNDS,BAD_REQUEST_ERROR,2025-07-10T06:51:09.294582,new,1,0.593,1073.76,2418.8,upi,1,,21,retry_delayed,1,9.74,0.0,0.0
txn_000325,cust_0167,3,7644.94,card,USER_ABANDONED,BAD_REQUEST_ERROR,2025-07-22T15:42:31.255276,at_risk,12,0.228,521.79,7273.82,sms,3,,21,send_payment_link,0,0.0,0.0,0.5
txn_000326,cust_0050,1,3635.47,netbanking,SUSPECTED_FRAUD,BAD_REQUEST_ERROR,2025-07-17T03:01:34.681554,b2b,41,0.946,988.99,1991382.5,whatsapp,2,,5,escalate_human,1,61.64,0.0,50.0
txn_000327,cust_0326,3,12535.12,wallet,USER_ABANDONED,BAD_REQUEST_ERROR,2025-07-17T13:14:50.980991,vip,22,0.962,96.84,354377.2,upi,0,,16,whatsapp_nudge,1,3.44,0.0,1.5
txn_000328,cust_0390,2,9886.32,upi,INSUFFICIENT_FUNDS,BAD_REQUEST_ERROR,2025-07-23T12:37:22.342272,b2b,28,0.676,3757.19,660614.17,upi,2,quarterly,2,whatsapp_nudge,0,0.0,0.0,1.5
txn_000329,cust_0003,2,650.22,upi,BANK_DOWNTIME,BAD_REQUEST_ERROR,2025-07-02T06:12:37.175211,regular,19,0.727,14328.09,48681.41,sms,2,quarterly,18,offer_discount,0,0.0,0.0,65.12
txn_000330,cust_0400,3,2278.49,upi,INSUFFICIENT_FUNDS,BAD_REQUEST_ERROR,2025-07-02T00:46:17.016471,at_risk,6,0.191,1771.23,6492.96,upi,2,annual,31,send_payment_link,0,0.0,0.0,0.5
txn_000331,cust_0301,3,1710.33,upi,INSUFFICIENT_FUNDS,BAD_REQUEST_ERROR,2025-07-31T12:33:07.892503,regular,14,0.664,1812.02,19877.02,sms,1,,35,send_payment_link,1,20.8,0.0,0.5
txn_000332,cust_0494,1,3398.95,netbanking,BANK_DOWNTIME,BAD_REQUEST_ERROR,2025-07-19T16:17:30.691461,regular,8,0.795,348.0,32380.27,whatsapp,1,,12,send_payment_link,1,2.14,0.0,0.5
txn_000333,cust_0121,3,10309.78,card,SUBSCRIPTION_MANDATE_FAILURE,BAD_REQUEST_ERROR,2025-07-09T23:03:38.320160,regular,24,0.803,1033.32,20557.89,whatsapp,0,monthly,5,sms_reminder,0,0.0,0.0,0.25
txn_000334,cust_0347,2,365.37,wallet,AUTH_OTP_FAILURE,GATEWAY_ERROR,2025-07-23T11:00:42.158425,at_risk,29,0.448,892.71,15409.07,whatsapp,1,annual,30,escalate_human,0,0.0,0.0,50.0
txn_000335,cust_0468,2,565.3,upi,BANK_DOWNTIME,BAD_REQUEST_ERROR,2025-07-24T13:02:13.159491,regular,28,0.842,2292.9,15572.55,whatsapp,0,,27,escalate_human,0,0.0,0.0,50.0
txn_000336,cust_0490,1,3393.61,card,EXPIRED_CARD,BAD_REQUEST_ERROR,2025-07-04T17:07:38.768828,vip,5,0.752,356.41,279225.45,email,1,,31,switch_to_upi,1,3.5,0.0,0.0
txn_000337,cust_0002,3,53263.34,upi,INSUFFICIENT_FUNDS,BAD_REQUEST_ERROR,2025-07-16T12:59:48.495458,b2b,6,0.805,1032.86,1323343.73,sms,3,annual,18,send_payment_link,0,0.0,0.0,0.5
txn_000338,cust_0142,2,485.94,card,INVALID_DETAILS,BAD_REQUEST_ERROR,2025-07-03T17:46:39.378884,new,4,0.843,2788.14,9582.44,sms,1,,6,send_payment_link,1,13.95,0.0,0.5
txn_000339,cust_0292,1,3124.1,card,INSUFFICIENT_FUNDS,BAD_REQUEST_ERROR,2025-07-31T14:18:32.161672,regular,14,0.825,620.54,13568.88,whatsapp,1,monthly,3,email_reminder,0,0.0,0.0,0.1
txn_000340,cust_0191,2,4165.39,card,EXPIRED_CARD,BAD_REQUEST_ERROR,2025-07-16T14:06:03.786442,at_risk,10,0.708,4218.41,13014.75,whatsapp,0,,0,escalate_human,0,0.0,0.0,50.0
txn_000341,cust_0434,1,2944.77,wallet,MERCHANT_INTEGRATION_ERROR,SERVER_ERROR,2025-07-27T03:34:01.800233,new,4,0.923,43.26,3092.93,email,2,,23,escalate_human,1,7.7,0.0,50.0
txn_000342,cust_0494,1,772.41,netbanking,INSUFFICIENT_FUNDS,BAD_REQUEST_ERROR,2025-07-27T03:41:28.316792,regular,8,0.795,348.0,32380.27,whatsapp,2,,12,retry_delayed,0,0.0,0.0,0.0
txn_000343,cust_0492,1,2757.98,upi,SUBSCRIPTION_MANDATE_FAILURE,BAD_REQUEST_ERROR,2025-07-30T01:23:50.594327,regular,126,0.922,1159.74,44143.55,whatsapp,3,monthly,10,send_payment_link,0,0.0,0.0,0.5
txn_000344,cust_0312,3,43128.15,netbanking,AUTH_OTP_FAILURE,BAD_REQUEST_ERROR,2025-07-05T02:04:17.383562,regular,7,0.789,1761.94,20810.74,sms,3,monthly,11,send_payment_link,0,0.0,0.0,0.5
txn_000345,cust_0335,2,13317.99,card,INSUFFICIENT_FUNDS,BAD_REQUEST_ERROR,2025-07-12T19:39:19.731388,regular,17,0.5,316.1,37511.5,sms,2,,21,retry_now,0,0.0,0.0,0.0
txn_000346,cust_0013,2,1119.08,netbanking,INVALID_DETAILS,BAD_REQUEST_ERROR,2025-07-24T09:26:11.117176,regular,1,0.868,839.94,11503.59,whatsapp,2,,81,email_reminder,0,0.0,0.0,0.1
txn_000347,cust_0159,2,118831.14,nach,MERCHANT_INTEGRATION_ERROR,SERVER_ERROR,2025-07-16T18:40:41.130572,b2b,23,0.665,1538.17,1969952.0,upi,3,,69,escalate_human,0,0.0,0.0,50.0
txn_000348,cust_0467,2,4367.79,upi,INSUFFICIENT_FUNDS,BAD_REQUEST_ERROR,2025-07-10T01:40:52.476552,regular,15,0.865,1438.38,32685.35,sms,0,,36,retry_delayed,0,0.0,0.0,0.0
txn_000349,cust_0467,2,4253.42,card,USER_ABANDONED,BAD_REQUEST_ERROR,2025-07-15T02:18:44.288716,regular,15,0.865,1438.38,32685.35,sms,1,,36,send_payment_link,1,8.35,0.0,0.5
txn_000350,cust_0030,2,500000,upi,USER_ABANDONED,BAD_REQUEST_ERROR,2025-07-12T14:17:22.092267,vip,4,0.427,739.35,169908.49,whatsapp,1,,8,switch_to_upi,0,0.0,0.0,0.0
txn_000351,cust_0405,3,3221.74,card,EXPIRED_CARD,BAD_REQUEST_ERROR,2025-07-29T19:54:32.020798,new,3,0.827,2365.97,9427.34,whatsapp,3,annual,2,offer_discount,1,4.91,257.74,257.84
txn_000352,cust_0054,2,9400.83,netbanking,INSUFFICIENT_FUNDS,BAD_REQUEST_ERROR,2025-07-14T04:00:59.920169,regular,9,0.809,758.62,29278.73,whatsapp,1,monthly,19,offer_discount,0,0.0,0.0,940.18
txn_000353,cust_0288,3,1020.22,upi,USER_ABANDONED,BAD_REQUEST_ERROR,2025-07-22T17:08:51.339983,b2b,24,0.796,661.57,741230.44,sms,3,,12,sms_reminder,0,0.0,0.0,0.25
txn_000354,cust_0197,3,2434.86,upi,INSUFFICIENT_FUNDS,BAD_REQUEST_ERROR,2025-07-23T06:21:39.313606,vip,26,0.679,3489.32,369661.64,email,1,,0,sms_reminder,1,23.82,0.0,0.25
txn_000355,cust_0283,3,2841.78,upi,AUTH_OTP_FAILURE,GATEWAY_ERROR,2025-07-24T05:11:40.654879,regular,7,0.74,1061.12,38404.97,whatsapp,0,monthly,20,switch_to_upi,1,2.31,0.0,0.0
txn_000356,cust_0499,3,1222.14,card,SUBSCRIPTION_MANDATE_FAILURE,BAD_REQUEST_ERROR,2025-07-15T07:43:52.496203,regular,4,0.766,3688.36,6905.28,sms,2,monthly,14,send_payment_link,1,22.58,0.0,0.5
txn_000357,cust_0226,1,19414.6,card,MERCHANT_INTEGRATION_ERROR,SERVER_ERROR,2025-07-25T05:44:14.574604,b2b,11,0.472,688.6,1395602.22,email,1,,0,retry_delayed,1,10.04,0.0,0.0
txn_000358,cust_0376,1,800.02,emi,SUSPECTED_FRAUD,BAD_REQUEST_ERROR,2025-07-12T19:47:36.785354,at_risk,32,0.344,1259.18,18990.95,whatsapp,3,,17,escalate_human,0,0.0,0.0,50.0
txn_000359,cust_0109,2,1795.23,card,SUBSCRIPTION_MANDATE_FAILURE,BAD_REQUEST_ERROR,2025-07-24T06:26:24.324228,new,19,0.626,1146.73,8677.61,email,1,monthly,12,sms_reminder,0,0.0,0.0,0.25
txn_000360,cust_0291,3,8257.12,card,EXPIRED_CARD,BAD_REQUEST_ERROR,2025-07-05T07:46:55.410373,vip,9,0.869,2053.73,345401.92,email,3,quarterly,5,send_payment_link,0,0.0,0.0,0.5
txn_000361,cust_0279,3,1608.5,card,INSUFFICIENT_FUNDS,BAD_REQUEST_ERROR,2025-07-04T06:28:07.233919,vip,24,0.652,461.1,443794.95,email,2,,2,send_payment_link,0,0.0,0.0,0.5
txn_000362,cust_0084,3,1825.0,card,INVALID_DETAILS,BAD_REQUEST_ERROR,2025-07-05T16:22:23.425578,new,26,0.927,1037.01,7658.29,whatsapp,2,,0,whatsapp_nudge,0,0.0,0.0,1.5
txn_000363,cust_0147,1,10389.93,upi,INSUFFICIENT_FUNDS,BAD_REQUEST_ERROR,2025-07-21T01:20:34.603206,regular,29,0.873,6765.84,30567.53,upi,0,,21,whatsapp_nudge,0,0.0,0.0,1.5
txn_000364,cust_0147,1,7938.68,netbanking,INSUFFICIENT_FUNDS,BAD_REQUEST_ERROR,2025-07-31T18:13:32.817809,regular,29,0.873,6765.84,30567.53,upi,2,,21,send_payment_link,1,12.95,0.0,0.5
txn_000365,cust_0436,1,3329.61,card,BANK_DOWNTIME,GATEWAY_ERROR,2025-07-26T21:52:29.001020,regular,10,0.82,1263.61,44370.37,sms,3,monthly,4,send_payment_link,1,17.23,0.0,0.5
txn_000366,cust_0099,1,13108.61,upi,BANK_DOWNTIME,SERVER_ERROR,2025-07-20T01:25:59.787559,b2b,10,0.958,4560.38,484792.58,whatsapp,3,,16,retry_delayed,0,0.0,0.0,0.0
txn_000367,cust_0498,2,1550.83,card,INVALID_DETAILS,BAD_REQUEST_ERROR,2025-07-10T23:02:39.463439,at_risk,6,0.273,649.09,15108.81,sms,3,,8,switch_to_upi,0,0.0,0.0,0.0
txn_000368,cust_0341,3,1797.94,card,USER_ABANDONED,BAD_REQUEST_ERROR,2025-07-24T14:32:43.697414,regular,26,0.805,1695.81,16118.04,email,1,quarterly,13,email_reminder,0,0.0,0.0,0.1
txn_000369,cust_0260,3,844.39,card,USER_ABANDONED,BAD_REQUEST_ERROR,2025-07-12T07:34:33.951859,at_risk,11,0.2,3817.09,1928.63,email,2,monthly,6,sms_reminder,1,22.3,0.0,0.25
txn_000370,cust_0157,3,4102.31,netbanking,SUSPECTED_FRAUD,BAD_REQUEST_ERROR,2025-07-21T18:33:37.283869,regular,6,0.98,950.51,44450.52,whatsapp,2,monthly,16,escalate_human,0,0.0,0.0,50.0
txn_000371,cust_0112,3,11401.21,upi,BANK_DOWNTIME,SERVER_ERROR,2025-07-03T12:07:15.832014,vip,27,0.419,708.89,180087.61,email,2,monthly,6,switch_to_upi,0,0.0,0.0,0.0
txn_000372,cust_0209,3,2006.63,netbanking,SUSPECTED_FRAUD,BAD_REQUEST_ERROR,2025-07-05T21:27:52.787851,regular,2,0.755,2119.17,34495.67,whatsapp,1,,8,escalate_human,1,27.07,0.0,50.0
txn_000373,cust_0187,3,1441.83,netbanking,USER_ABANDONED,BAD_REQUEST_ERROR,2025-07-08T07:00:26.068780,regular,3,0.825,826.04,42922.94,email,3,annual,7,send_payment_link,1,11.32,0.0,0.5
txn_000374,cust_0021,2,21371.88,netbanking,AUTH_OTP_FAILURE,BAD_REQUEST_ERROR,2025-07-28T22:27:34.796379,vip,27,0.86,740.11,139899.04,whatsapp,0,,12,send_payment_link,1,3.39,0.0,0.5
txn_000375,cust_0422,3,2085.79,upi,USER_ABANDONED,BAD_REQUEST_ERROR,2025-07-18T02:43:30.606992,at_risk,4,0.432,4832.88,3318.28,email,2,,6,whatsapp_nudge,1,11.38,0.0,1.5
txn_000376,cust_0473,2,2076.63,card,SUBSCRIPTION_MANDATE_FAILURE,BAD_REQUEST_ERROR,2025-07-28T21:27:32.614839,regular,4,0.512,3020.09,18592.31,whatsapp,3,monthly,1,send_payment_link,0,0.0,0.0,0.5
txn_000377,cust_0310,1,10909.19,wallet,INSUFFICIENT_FUNDS,BAD_REQUEST_ERROR,2025-07-28T23:12:40.636354,vip,4,0.861,1962.84,181352.48,email,2,,28,retry_delayed,1,10.73,0.0,0.0
txn_000378,cust_0495,2,1243.05,netbanking,AUTH_OTP_FAILURE,GATEWAY_ERROR,2025-07-12T15:34:49.715336,regular,5,0.801,1741.26,9165.15,upi,1,monthly,7,send_payment_link,0,0.0,0.0,0.5
txn_000379,cust_0166,3,3602.44,upi,AUTH_OTP_FAILURE,GATEWAY_ERROR,2025-07-29T19:13:49.044913,regular,26,0.88,687.9,37073.74,email,2,monthly,11,email_reminder,0,0.0,0.0,0.1
txn_000380,cust_0209,3,1635.58,netbanking,BANK_DOWNTIME,BAD_REQUEST_ERROR,2025-07-01T13:45:57.943012,regular,2,0.755,2119.17,34495.67,whatsapp,3,quarterly,8,switch_to_upi,0,0.0,0.0,0.0
txn_000381,cust_0393,3,7960.3,upi,AUTH_OTP_FAILURE,BAD_REQUEST_ERROR,2025-07-14T05:13:22.340110,vip,41,0.906,4240.06,385781.59,whatsapp,2,monthly,2,offer_discount,0,0.0,0.0,398.12
txn_000382,cust_0046,2,1714.38,netbanking,MERCHANT_INTEGRATION_ERROR,SERVER_ERROR,2025-07-04T21:03:44.103437,vip,1,0.66,672.84,192668.41,whatsapp,1,,23,retry_delayed,1,11.92,0.0,0.0
txn_000383,cust_0059,2,5048.37,card,MERCHANT_INTEGRATION_ERROR,SERVER_ERROR,2025-07-27T11:37:09.085307,b2b,24,0.701,2739.45,983449.57,upi,0,monthly,0,retry_delayed,1,11.91,0.0,0.0
txn_000384,cust_0190,2,1178.75,upi,BANK_DOWNTIME,BAD_REQUEST_ERROR,2025-07-08T07:03:17.855027,regular,17,0.644,1218.58,20517.41,whatsapp,2,quarterly,1,retry_delayed,0,0.0,0.0,0.0
txn_000385,cust_0484,2,1211.54,card,EXPIRED_CARD,BAD_REQUEST_ERROR,2025-07-04T07:59:54.945594,new,1,0.8,3194.2,6901.97,whatsapp,2,,14,switch_to_upi,0,0.0,0.0,0.0
txn_000386,cust_0470,2,1437.07,card,SUBSCRIPTION_MANDATE_FAILURE,BAD_REQUEST_ERROR,2025-07-29T21:35:19.279424,new,2,0.699,1031.11,8590.6,email,2,monthly,6,whatsapp_nudge,1,2.8,0.0,1.5
txn_000387,cust_0487,2,15327.13,upi,BANK_DOWNTIME,GATEWAY_ERROR,2025-07-29T12:48:46.074907,b2b,6,0.849,321.66,869012.17,whatsapp,1,monthly,1,retry_delayed,1,45.25,0.0,0.0
txn_000388,cust_0358,3,19140.78,card,EXPIRED_CARD,BAD_REQUEST_ERROR,2025-07-09T03:01:49.239229,b2b,8,0.983,5214.59,1286288.27,whatsapp,0,,0,send_payment_link,1,18.27,0.0,0.5
txn_000389,cust_0490,1,13053.08,card,INSUFFICIENT_FUNDS,BAD_REQUEST_ERROR,2025-07-21T02:14:07.290885,vip,5,0.752,356.41,279225.45,email,3,monthly,31,escalate_human,0,0.0,0.0,50.0
txn_000390,cust_0207,3,693.23,upi,INSUFFICIENT_FUNDS,BAD_REQUEST_ERROR,2025-07-27T03:53:08.176535,new,7,0.822,452.12,9997.77,upi,3,monthly,19,offer_discount,0,0.0,0.0,55.56
txn_000391,cust_0080,3,2256.09,nach,USER_ABANDONED,BAD_REQUEST_ERROR,2025-07-10T05:14:06.273706,regular,15,0.954,952.29,43654.23,whatsapp,1,,32,send_payment_link,0,0.0,0.0,0.5
txn_000392,cust_0358,3,21114.88,card,EXPIRED_CARD,BAD_REQUEST_ERROR,2025-07-10T23:19:44.591586,b2b,8,0.983,5214.59,1286288.27,whatsapp,2,,0,switch_to_upi,0,0.0,0.0,0.0
txn_000393,cust_0381,2,4817.76,card,USER_ABANDONED,BAD_REQUEST_ERROR,2025-07-07T10:21:51.857035,vip,15,0.57,760.59,120308.56,upi,0,quarterly,34,whatsapp_nudge,0,0.0,0.0,1.5
txn_000394,cust_0443,2,1253.42,card,EXPIRED_CARD,BAD_REQUEST_ERROR,2025-07-05T09:59:45.638129,regular,22,0.939,266.84,40061.23,email,0,monthly,23,switch_to_upi,0,0.0,0.0,0.0
txn_000395,cust_0149,1,905.16,card,USER_ABANDONED,BAD_REQUEST_ERROR,2025-07-17T19:27:05.043433,new,5,0.833,685.09,9518.29,email,2,monthly,6,send_payment_link,1,6.31,0.0,0.5
txn_000396,cust_0439,3,3779.39,upi,BANK_DOWNTIME,BAD_REQUEST_ERROR,2025-07-08T07:26:16.965791,regular,25,0.917,771.82,39907.66,whatsapp,0,annual,18,retry_delayed,0,0.0,0.0,0.0
txn_000397,cust_0331,1,2388.31,nach,SUBSCRIPTION_MANDATE_FAILURE,BAD_REQUEST_ERROR,2025-07-12T00:55:05.502435,vip,8,0.797,1977.81,119500.09,whatsapp,2,monthly,30,escalate_human,1,67.14,0.0,50.0
txn_000398,cust_0291,3,12152.97,card,EXPIRED_CARD,BAD_REQUEST_ERROR,2025-07-08T08:00:47.601248,vip,9,0.869,2053.73,345401.92,email,1,monthly,5,whatsapp_nudge,0,0.0,0.0,1.5
txn_000399,cust_0119,1,1631.62,upi,INSUFFICIENT_FUNDS,BAD_REQUEST_ERROR,2025-07-15T03:38:04.356872,regular,2,0.671,579.88,31313.87,whatsapp,2,,3,retry_delayed,0,0.0,0.0,0.0
txn_000400,cust_0384,1,1896.3,wallet,INVALID_DETAILS,BAD_REQUEST_ERROR,2025-07-15T21:37:54.806511,regular,39,0.779,172.26,19473.01,whatsapp,0,,11,whatsapp_nudge,0,0.0,0.0,1.5
txn_000401,cust_0416,3,6107.24,upi,INSUFFICIENT_FUNDS,BAD_REQUEST_ERROR,2025-07-20T22:30:28.213483,regular,12,0.986,863.02,27021.16,sms,3,,7,offer_discount,0,0.0,0.0,488.68
txn_000402,cust_0477,2,1587.36,upi,INSUFFICIENT_FUNDS,BAD_REQUEST_ERROR,2025-07-12T17:34:51.670228,at_risk,1,0.477,557.44,9560.26,sms,0,,3,escalate_human,0,0.0,0.0,50.0
txn_000403,cust_0219,2,15354.76,upi,SUSPECTED_FRAUD,BAD_REQUEST_ERROR,2025-07-20T06:36:08.014820,vip,12,0.822,4437.89,440706.4,email,3,,1,escalate_human,1,64.0,0.0,50.0
txn_000404,cust_0467,2,3501.23,nach,SUBSCRIPTION_MANDATE_FAILURE,BAD_REQUEST_ERROR,2025-07-21T14:40:20.541892,regular,15,0.865,1438.38,32685.35,sms,0,monthly,36,offer_discount,0,0.0,0.0,280.2
txn_000405,cust_0031,3,19491.57,card,EXPIRED_CARD,BAD_REQUEST_ERROR,2025-07-09T00:36:00.137844,vip,18,0.718,2961.9,183594.41,sms,1,monthly,17,send_payment_link,1,14.45,0.0,0.5
txn_000406,cust_0414,1,6029.36,upi,USER_ABANDONED,BAD_REQUEST_ERROR,2025-07-06T07:52:14.871405,regular,1,0.611,130.92,13403.58,sms,3,,11,whatsapp_nudge,1,6.29,0.0,1.5
txn_000407,cust_0061,3,4137.51,card,BANK_DOWNTIME,SERVER_ERROR,2025-07-08T02:58:55.678325,vip,1,0.782,314.6,436156.39,sms,0,,21,send_payment_link,1,23.82,0.0,0.5
txn_000408,cust_0130,3,13900.19,card,AUTH_OTP_FAILURE,GATEWAY_ERROR,2025-07-20T02:10:56.625134,b2b,41,0.624,698.23,185718.02,email,2,,20,switch_to_upi,0,0.0,0.0,0.0
txn_000409,cust_0374,1,2109.51,card,USER_ABANDONED,BAD_REQUEST_ERROR,2025-07-20T05:44:25.587333,regular,3,0.699,1762.01,29227.71,email,3,monthly,38,send_payment_link,1,20.06,0.0,0.5
txn_000410,cust_0292,1,2223.51,card,USER_ABANDONED,BAD_REQUEST_ERROR,2025-07-25T09:17:38.037619,regular,14,0.825,620.54,13568.88,whatsapp,0,,3,sms_reminder,0,0.0,0.0,0.25
txn_000411,cust_0428,2,663.52,card,EXPIRED_CARD,BAD_REQUEST_ERROR,2025-07-26T18:32:38.880452,new,3,0.894,1420.61,5147.68,sms,3,monthly,29,whatsapp_nudge,0,0.0,0.0,1.5
txn_000412,cust_0394,3,120586.64,card,EXPIRED_CARD,BAD_REQUEST_ERROR,2025-07-07T00:25:19.774918,vip,25,0.82,3685.19,133485.89,email,1,,1,escalate_human,0,0.0,0.0,50.0
txn_000413,cust_0151,3,10251.53,emi,USER_ABANDONED,BAD_REQUEST_ERROR,2025-07-04T20:53:41.894774,at_risk,20,0.131,912.67,8188.04,email,3,monthly,3,escalate_human,0,0.0,0.0,50.0
txn_000414,cust_0049,3,1946.55,upi,INSUFFICIENT_FUNDS,BAD_REQUEST_ERROR,2025-07-26T01:41:01.034905,regular,10,0.946,180.73,19125.2,whatsapp,1,,14,send_payment_link,0,0.0,0.0,0.5
txn_000415,cust_0070,3,2696.59,upi,AUTH_OTP_FAILURE,GATEWAY_ERROR,2025-07-20T23:28:49.717481,regular,28,0.59,362.32,24409.72,whatsapp,3,,10,send_payment_link,0,0.0,0.0,0.5
txn_000416,cust_0033,3,216643.62,card,USER_ABANDONED,BAD_REQUEST_ERROR,2025-07-26T04:44:04.089739,b2b,69,0.706,254.71,361075.07,email,2,monthly,0,whatsapp_nudge,1,2.43,0.0,1.5
txn_000417,cust_0196,2,79281.38,card,EXPIRED_CARD,BAD_REQUEST_ERROR,2025-07-12T01:28:38.553343,b2b,3,0.352,2207.75,751035.56,email,0,,9,switch_to_upi,1,2.4,0.0,0.0
txn_000418,cust_0416,3,1563.2,card,INVALID_DETAILS,BAD_REQUEST_ERROR,2025-07-07T14:43:07.710250,regular,12,0.986,863.02,27021.16,sms,2,,7,offer_discount,0,0.0,0.0,125.16
txn_000419,cust_0328,1,2720.64,card,INSUFFICIENT_FUNDS,BAD_REQUEST_ERROR,2025-07-13T03:49:23.849879,regular,18,0.76,728.45,41447.14,upi,3,,23,offer_discount,0,0.0,0.0,217.75
txn_000420,cust_0193,3,1741.53,upi,INSUFFICIENT_FUNDS,BAD_REQUEST_ERROR,2025-07-10T05:18:55.441414,regular,20,0.915,187.51,9081.58,upi,2,,2,escalate_human,1,35.51,0.0,50.0
txn_000421,cust_0115,3,6942.52,upi,INSUFFICIENT_FUNDS,BAD_REQUEST_ERROR,2025-07-06T02:34:58.758169,b2b,2,0.952,611.9,213024.72,email,2,,2,retry_delayed,0,0.0,0.0,0.0
txn_000422,cust_0155,3,9924.32,card,INSUFFICIENT_FUNDS,BAD_REQUEST_ERROR,2025-07-01T13:20:59.176926,b2b,5,0.811,4494.49,863890.82,sms,3,,11,offer_discount,0,0.0,0.0,1191.02
txn_000423,cust_0196,2,14122.39,card,INSUFFICIENT_FUNDS,BAD_REQUEST_ERROR,2025-07-18T07:38:42.024479,b2b,3,0.352,2207.75,751035.56,email,2,,9,sms_reminder,0,0.0,0.0,0.25
txn_000424,cust_0189,1,2470.06,nach,INSUFFICIENT_FUNDS,BAD_REQUEST_ERROR,2025-07-04T14:19:54.738660,vip,1,0.872,427.02,98900.14,whatsapp,2,,1,offer_discount,0,0.0,0.0,123.6
txn_000425,cust_0150,3,14509.65,upi,INSUFFICIENT_FUNDS,BAD_REQUEST_ERROR,2025-07-03T07:19:54.407201,vip,8,0.762,1130.21,416513.24,whatsapp,1,,7,retry_delayed,0,0.0,0.0,0.0
txn_000426,cust_0434,1,2736.81,upi,AUTH_OTP_FAILURE,BAD_REQUEST_ERROR,2025-07-30T15:44:26.878041,new,4,0.923,43.26,3092.93,email,3,,23,switch_to_upi,0,0.0,0.0,0.0
txn_000427,cust_0138,3,2876.09,netbanking,AUTH_OTP_FAILURE,BAD_REQUEST_ERROR,2025-07-14T06:39:08.217083,regular,9,0.365,206.68,27868.68,email,3,monthly,3,escalate_human,0,0.0,0.0,50.0
txn_000428,cust_0298,2,5146.68,netbanking,INSUFFICIENT_FUNDS,BAD_REQUEST_ERROR,2025-07-10T05:57:57.028230,vip,2,0.871,1636.41,438833.51,sms,0,,18,retry_delayed,0,0.0,0.0,0.0
txn_000429,cust_0099,1,31906.33,wallet,BANK_DOWNTIME,GATEWAY_ERROR,2025-07-11T01:41:50.531833,b2b,10,0.958,4560.38,484792.58,whatsapp,0,monthly,16,retry_delayed,1,4.72,0.0,0.0
txn_000430,cust_0021,2,6998.76,upi,AUTH_OTP_FAILURE,GATEWAY_ERROR,2025-07-23T17:05:43.217029,vip,27,0.86,740.11,139899.04,whatsapp,1,,12,retry_delayed,1,15.81,0.0,0.0
txn_000431,cust_0210,1,2255.69,emi,SUSPECTED_FRAUD,BAD_REQUEST_ERROR,2025-07-16T09:46:17.272866,new,7,0.85,413.2,4004.34,whatsapp,2,,41,escalate_human,0,0.0,0.0,50.0
txn_000432,cust_0486,2,949.76,upi,USER_ABANDONED,BAD_REQUEST_ERROR,2025-07-25T16:33:43.335083,regular,1,0.64,195.69,12655.6,whatsapp,2,,18,send_payment_link,0,0.0,0.0,0.5
txn_000433,cust_0458,3,2449.31,netbanking,INSUFFICIENT_FUNDS,BAD_REQUEST_ERROR,2025-07-04T17:20:00.245511,at_risk,23,0.308,2642.99,14493.17,email,3,,12,retry_delayed,0,0.0,0.0,0.0
txn_000434,cust_0065,1,5390.95,nach,SUSPECTED_FRAUD,BAD_REQUEST_ERROR,2025-07-15T16:34:09.180103,regular,6,0.788,465.61,45364.86,sms,3,,2,escalate_human,0,0.0,0.0,50.0
txn_000435,cust_0175,1,4004.76,nach,SUBSCRIPTION_MANDATE_FAILURE,BAD_REQUEST_ERROR,2025-07-10T19:55:11.701961,regular,39,0.776,803.96,49352.95,whatsapp,0,monthly,12,email_reminder,0,0.0,0.0,0.1
txn_000436,cust_0214,2,6778.02,netbanking,INSUFFICIENT_FUNDS,BAD_REQUEST_ERROR,2025-07-21T10:15:26.672483,vip,2,0.91,416.88,141961.8,upi,3,,7,offer_discount,0,0.0,0.0,339.0
txn_000437,cust_0123,1,1452.21,upi,INSUFFICIENT_FUNDS,BAD_REQUEST_ERROR,2025-07-05T20:44:25.065041,new,24,0.98,1481.09,6963.98,email,3,,4,escalate_human,0,0.0,0.0,50.0
txn_000438,cust_0460,1,1570.2,netbanking,INSUFFICIENT_FUNDS,BAD_REQUEST_ERROR,2025-07-18T06:15:05.561961,regular,9,0.794,1073.93,14725.04,sms,1,,12,switch_to_upi,0,0.0,0.0,0.0
txn_000439,cust_0391,3,3457.01,upi,INSUFFICIENT_FUNDS,BAD_REQUEST_ERROR,2025-07-20T03:11:19.303404,vip,10,0.851,131.95,267942.01,email,2,,15,offer_discount,1,9.1,345.7,345.8
txn_000440,cust_0116,1,1332.41,upi,INSUFFICIENT_FUNDS,BAD_REQUEST_ERROR,2025-07-05T05:58:28.286021,new,20,0.467,609.79,8672.68,whatsapp,2,,63,escalate_human,0,0.0,0.0,50.0
txn_000441,cust_0402,3,601.79,netbanking,BANK_DOWNTIME,BAD_REQUEST_ERROR,2025-07-27T07:08:56.647456,regular,7,0.689,3181.94,35962.78,email,1,,15,whatsapp_nudge,0,0.0,0.0,1.5
txn_000442,cust_0335,2,5736.43,card,EXPIRED_CARD,BAD_REQUEST_ERROR,2025-07-31T10:19:54.451271,regular,17,0.5,316.1,37511.5,sms,1,,21,email_reminder,0,0.0,0.0,0.1
txn_000443,cust_0448,2,2087.01,upi,MERCHANT_INTEGRATION_ERROR,SERVER_ERROR,2025-07-15T08:07:54.879934,regular,7,0.736,503.23,13165.45,email,3,monthly,15,retry_now,0,0.0,0.0,0.0
txn_000444,cust_0309,1,335.55,nach,BANK_DOWNTIME,BAD_REQUEST_ERROR,2025-07-22T18:05:35.074496,regular,52,0.892,612.97,49973.4,upi,3,,9,send_payment_link,0,0.0,0.0,0.5
txn_000445,cust_0355,2,20898.25,upi,INSUFFICIENT_FUNDS,BAD_REQUEST_ERROR,2025-07-29T09:44:41.297088,vip,13,0.896,1893.83,400262.21,email,3,,27,offer_discount,1,1.62,1044.91,1045.01
txn_000446,cust_0272,1,12925.86,upi,INSUFFICIENT_FUNDS,BAD_REQUEST_ERROR,2025-07-06T11:45:43.934456,b2b,7,0.799,554.87,383532.68,sms,1,annual,12,sms_reminder,1,14.32,0.0,0.25
txn_000447,cust_0242,3,5995.39,card,INSUFFICIENT_FUNDS,BAD_REQUEST_ERROR,2025-07-28T05:29:08.554315,new,1,0.863,1470.88,2348.97,whatsapp,0,annual,37,send_payment_link,1,4.43,0.0,0.5
txn_000448,cust_0363,3,19887.32,upi,USER_ABANDONED,BAD_REQUEST_ERROR,2025-07-10T11:35:42.645465,b2b,23,0.761,1573.94,174706.83,whatsapp,3,,7,whatsapp_nudge,1,4.01,0.0,1.5
txn_000449,cust_0096,2,1320.29,card,INSUFFICIENT_FUNDS,BAD_REQUEST_ERROR,2025-07-15T21:43:22.977177,regular,11,0.846,1282.95,47639.1,whatsapp,0,annual,21,send_payment_link,0,0.0,0.0,0.5
txn_000450,cust_0050,1,3074.82,emi,BANK_DOWNTIME,BAD_REQUEST_ERROR,2025-07-15T11:39:46.946508,b2b,41,0.946,988.99,1991382.5,whatsapp,1,monthly,5,switch_to_upi,0,0.0,0.0,0.0
txn_000451,cust_0452,3,1109.66,card,EXPIRED_CARD,BAD_REQUEST_ERROR,2025-07-28T03:35:20.386867,new,2,0.813,745.58,602.16,whatsapp,2,,11,email_reminder,0,0.0,0.0,0.1
txn_000452,cust_0289,1,3548.55,netbanking,INVALID_DETAILS,BAD_REQUEST_ERROR,2025-07-09T13:19:14.191809,regular,5,0.712,1114.19,14236.69,whatsapp,2,,3,send_payment_link,0,0.0,0.0,0.5
txn_000453,cust_0158,1,2246.54,wallet,BANK_DOWNTIME,SERVER_ERROR,2025-07-31T07:39:59.308426,regular,21,0.906,1747.9,40410.11,email,2,monthly,93,retry_delayed,1,22.24,0.0,0.0
txn_000454,cust_0317,3,9681.75,card,BANK_DOWNTIME,GATEWAY_ERROR,2025-07-11T06:43:39.532004,regular,4,0.883,159.57,17083.11,email,0,,6,retry_delayed,1,46.28,0.0,0.0
txn_000455,cust_0247,3,3270.77,nach,SUBSCRIPTION_MANDATE_FAILURE,BAD_REQUEST_ERROR,2025-07-26T05:17:33.181616,regular,10,0.945,1905.05,24286.68,whatsapp,0,monthly,5,email_reminder,1,21.65,0.0,0.1
txn_000456,cust_0048,2,1694.99,card,BANK_DOWNTIME,GATEWAY_ERROR,2025-07-12T16:03:28.553637,regular,63,0.769,777.82,28412.38,email,0,monthly,13,whatsapp_nudge,1,6.16,0.0,1.5
txn_000457,cust_0306,3,5399.79,nach,SUBSCRIPTION_MANDATE_FAILURE,BAD_REQUEST_ERROR,2025-07-28T17:15:43.535916,vip,20,0.642,1834.92,338747.18,whatsapp,2,monthly,22,whatsapp_nudge,0,0.0,0.0,1.5
txn_000458,cust_0326,3,12969.16,netbanking,INSUFFICIENT_FUNDS,BAD_REQUEST_ERROR,2025-07-09T12:16:50.306433,vip,22,0.962,96.84,354377.2,upi,0,,16,retry_delayed,0,0.0,0.0,0.0
txn_000459,cust_0348,2,2396.63,card,EXPIRED_CARD,BAD_REQUEST_ERROR,2025-07-15T13:16:20.772239,regular,21,0.481,789.35,41887.7,upi,3,,22,send_payment_link,0,0.0,0.0,0.5
txn_000460,cust_0380,1,2987.73,nach,BANK_DOWNTIME,SERVER_ERROR,2025-07-02T07:20:05.787228,vip,1,0.752,806.93,459540.35,email,0,monthly,14,send_payment_link,1,10.88,0.0,0.5
txn_000461,cust_0096,2,14315.94,card,AUTH_OTP_FAILURE,BAD_REQUEST_ERROR,2025-07-27T00:40:42.739601,regular,11,0.846,1282.95,47639.1,whatsapp,1,monthly,21,offer_discount,0,0.0,0.0,1431.69
txn_000462,cust_0442,1,60314.52,upi,SUBSCRIPTION_MANDATE_FAILURE,BAD_REQUEST_ERROR,2025-07-28T23:38:43.685168,b2b,28,0.671,1189.09,752197.26,email,1,annual,5,send_payment_link,1,5.72,0.0,0.5
txn_000463,cust_0315,3,7738.18,upi,INSUFFICIENT_FUNDS,BAD_REQUEST_ERROR,2025-07-08T15:16:19.913958,regular,40,0.773,1019.32,36232.03,email,3,,25,retry_delayed,0,0.0,0.0,0.0
txn_000464,cust_0387,1,958.74,netbanking,INSUFFICIENT_FUNDS,BAD_REQUEST_ERROR,2025-07-31T19:19:23.342798,regular,2,0.836,1721.37,28803.8,whatsapp,0,,16,switch_to_upi,0,0.0,0.0,0.0
txn_000465,cust_0279,3,12350.31,card,SUSPECTED_FRAUD,BAD_REQUEST_ERROR,2025-07-26T21:06:59.226546,vip,24,0.652,461.1,443794.95,email,3,quarterly,2,escalate_human,0,0.0,0.0,50.0
txn_000466,cust_0110,3,1364.09,netbanking,AUTH_OTP_FAILURE,BAD_REQUEST_ERROR,2025-07-18T03:11:06.243406,at_risk,34,0.105,691.53,9828.91,email,3,monthly,5,send_payment_link,0,0.0,0.0,0.5
txn_000467,cust_0257,3,4992.64,nach,INSUFFICIENT_FUNDS,BAD_REQUEST_ERROR,2025-07-27T17:38:23.916763,new,2,0.884,822.44,8521.88,whatsapp,3,quarterly,6,retry_delayed,0,0.0,0.0,0.0
txn_000468,cust_0216,3,3164.43,card,EXPIRED_CARD,BAD_REQUEST_ERROR,2025-07-07T22:51:02.107182,regular,4,0.771,1294.46,19608.97,email,1,,9,escalate_human,0,0.0,0.0,50.0
txn_000469,cust_0265,3,11491.74,upi,BANK_DOWNTIME,SERVER_ERROR,2025-07-18T21:30:00.626118,b2b,8,0.962,3502.63,1504241.8,whatsapp,2,,18,retry_delayed,1,24.86,0.0,0.0
txn_000470,cust_0145,3,1876.97,upi,BANK_DOWNTIME,GATEWAY_ERROR,2025-07-29T07:27:36.726549,at_risk,1,0.288,465.05,6963.09,sms,3,quarterly,13,offer_discount,0,0.0,0.0,187.8
txn_000471,cust_0263,1,11640.48,upi,AUTH_OTP_FAILURE,BAD_REQUEST_ERROR,2025-07-21T19:32:42.078272,vip,10,0.761,310.32,103560.87,upi,2,,0,whatsapp_nudge,0,0.0,0.0,1.5
txn_000472,cust_0325,2,1558.28,card,USER_ABANDONED,BAD_REQUEST_ERROR,2025-07-30T12:06:53.597660,vip,21,0.682,245.39,244550.94,sms,3,,18,offer_discount,0,0.0,0.0,187.09
txn_000473,cust_0322,2,4063.31,card,SUSPECTED_FRAUD,BAD_REQUEST_ERROR,2025-07-24T04:24:07.889520,regular,19,0.863,544.21,44553.6,sms,2,monthly,0,escalate_human,0,0.0,0.0,50.0
txn_000474,cust_0272,1,80366.27,card,MERCHANT_INTEGRATION_ERROR,SERVER_ERROR,2025-07-16T06:25:40.307089,b2b,7,0.799,554.87,383532.68,sms,0,,12,escalate_human,0,0.0,0.0,50.0
txn_000475,cust_0244,3,2099.33,upi,INSUFFICIENT_FUNDS,BAD_REQUEST_ERROR,2025-07-28T18:00:37.048480,at_risk,12,0.563,651.74,1600.05,upi,3,quarterly,18,whatsapp_nudge,0,0.0,0.0,1.5
txn_000476,cust_0118,3,1846.86,upi,INSUFFICIENT_FUNDS,BAD_REQUEST_ERROR,2025-07-03T21:34:46.348690,regular,16,0.94,70.68,47689.05,whatsapp,0,quarterly,2,offer_discount,1,9.41,147.75,147.85
txn_000477,cust_0332,1,3452.72,card,INSUFFICIENT_FUNDS,BAD_REQUEST_ERROR,2025-07-08T08:58:26.606596,at_risk,11,0.103,2282.19,17409.96,whatsapp,0,quarterly,51,email_reminder,0,0.0,0.0,0.1
txn_000478,cust_0143,3,1648.11,upi,USER_ABANDONED,BAD_REQUEST_ERROR,2025-07-23T09:38:28.416790,regular,5,0.833,291.55,26528.22,email,3,quarterly,12,retry_now,0,0.0,0.0,0.0
txn_000479,cust_0476,2,74087.57,wallet,MERCHANT_INTEGRATION_ERROR,SERVER_ERROR,2025-07-20T11:55:57.853625,b2b,24,0.693,1387.12,1155667.6,email,3,annual,45,switch_to_upi,0,0.0,0.0,0.0
txn_000480,cust_0486,2,5884.22,card,EXPIRED_CARD,BAD_REQUEST_ERROR,2025-07-04T08:23:27.573264,regular,1,0.64,195.69,12655.6,whatsapp,1,quarterly,18,whatsapp_nudge,0,0.0,0.0,1.5
txn_000481,cust_0208,1,2133.12,card,SUSPECTED_FRAUD,BAD_REQUEST_ERROR,2025-07-29T10:29:49.323756,regular,24,0.733,2261.1,25360.26,email,1,,7,send_payment_link,0,0.0,0.0,0.5
txn_000482,cust_0466,1,2563.63,upi,INVALID_DETAILS,BAD_REQUEST_ERROR,2025-07-11T13:52:59.430536,b2b,1,0.913,643.44,295888.99,email,3,,7,send_payment_link,1,2.47,0.0,0.5
txn_000483,cust_0484,2,658.43,card,INSUFFICIENT_FUNDS,BAD_REQUEST_ERROR,2025-07-10T12:03:29.623942,new,1,0.8,3194.2,6901.97,whatsapp,1,,14,offer_discount,0,0.0,0.0,79.11
txn_000484,cust_0174,3,3854.78,upi,AUTH_OTP_FAILURE,BAD_REQUEST_ERROR,2025-07-06T11:48:52.956586,regular,27,0.708,381.62,31210.01,whatsapp,3,monthly,8,escalate_human,0,0.0,0.0,50.0
txn_000485,cust_0070,3,608.09,upi,USER_ABANDONED,BAD_REQUEST_ERROR,2025-07-18T01:50:31.332325,regular,28,0.59,362.32,24409.72,whatsapp,1,,10,whatsapp_nudge,1,5.62,0.0,1.5
txn_000486,cust_0321,2,9783.29,wallet,INSUFFICIENT_FUNDS,BAD_REQUEST_ERROR,2025-07-07T13:06:56.039872,vip,2,0.769,359.97,300919.37,email,0,monthly,1,escalate_human,0,0.0,0.0,50.0
txn_000487,cust_0499,3,280.09,emi,INSUFFICIENT_FUNDS,BAD_REQUEST_ERROR,2025-07-23T16:05:55.517767,regular,4,0.766,3688.36,6905.28,sms,2,,14,escalate_human,0,0.0,0.0,50.0
txn_000488,cust_0203,3,2012.03,card,EXPIRED_CARD,BAD_REQUEST_ERROR,2025-07-24T09:22:05.529050,regular,4,0.776,1820.28,19751.35,whatsapp,2,monthly,5,switch_to_upi,0,0.0,0.0,0.0
txn_000489,cust_0015,1,3453.32,upi,INSUFFICIENT_FUNDS,BAD_REQUEST_ERROR,2025-07-18T22:23:09.364731,regular,1,0.882,1028.09,24751.02,sms,3,,36,send_payment_link,0,0.0,0.0,0.5
txn_000490,cust_0287,2,4805.11,card,EXPIRED_CARD,BAD_REQUEST_ERROR,2025-07-01T18:07:43.046002,regular,17,0.617,11606.88,25071.43,sms,0,monthly,59,send_payment_link,0,0.0,0.0,0.5
txn_000491,cust_0198,2,9412.91,wallet,USER_ABANDONED,BAD_REQUEST_ERROR,2025-07-04T14:21:29.123264,b2b,2,0.765,234.31,602691.13,email,3,quarterly,7,email_reminder,0,0.0,0.0,0.1
txn_000492,cust_0140,3,8118.78,nach,SUSPECTED_FRAUD,BAD_REQUEST_ERROR,2025-07-03T16:15:15.934916,vip,19,0.809,1903.88,435303.05,whatsapp,3,monthly,14,escalate_human,0,0.0,0.0,50.0
txn_000493,cust_0041,2,1495.6,upi,INSUFFICIENT_FUNDS,BAD_REQUEST_ERROR,2025-07-30T06:51:55.960534,at_risk,24,0.231,5565.28,2087.41,email,1,,32,whatsapp_nudge,0,0.0,0.0,1.5
txn_000494,cust_0049,3,2808.86,upi,BANK_DOWNTIME,GATEWAY_ERROR,2025-07-03T12:41:24.457882,regular,10,0.946,180.73,19125.2,whatsapp,3,,14,retry_delayed,0,0.0,0.0,0.0
txn_000495,cust_0148,3,700.27,upi,USER_ABANDONED,BAD_REQUEST_ERROR,2025-07-25T05:06:09.240877,regular,6,0.979,1762.72,23074.77,email,2,,2,escalate_human,0,0.0,0.0,50.0
txn_000496,cust_0429,1,7827.72,upi,USER_ABANDONED,BAD_REQUEST_ERROR,2025-07-15T19:30:49.244455,b2b,3,0.854,453.81,1323140.93,whatsapp,0,monthly,7,email_reminder,0,0.0,0.0,0.1
txn_000497,cust_0144,3,1511.39,upi,SUBSCRIPTION_MANDATE_FAILURE,BAD_REQUEST_ERROR,2025-07-23T12:41:33.927460,vip,35,0.606,1995.13,416782.89,whatsapp,2,monthly,9,send_payment_link,0,0.0,0.0,0.5
txn_000498,cust_0307,1,3240.34,nach,AUTH_OTP_FAILURE,GATEWAY_ERROR,2025-07-05T23:05:10.462577,new,3,0.797,1919.07,3118.53,whatsapp,3,monthly,16,switch_to_upi,0,0.0,0.0,0.0
txn_000499,cust_0472,3,2246.66,netbanking,INVALID_DETAILS,BAD_REQUEST_ERROR,2025-07-11T10:16:51.042774,regular,4,0.907,2539.21,30135.38,whatsapp,1,monthly,4,send_payment_link,0,0.0,0.0,0.5
txn_000500,cust_0361,1,675.85,card,INSUFFICIENT_FUNDS,BAD_REQUEST_ERROR,2025-07-31T03:31:48.443881,new,2,0.696,118.76,6921.14,whatsapp,1,,2,offer_discount,0,0.0,0.0,33.89
txn_000501,cust_0296,3,21599.84,card,INSUFFICIENT_FUNDS,BAD_REQUEST_ERROR,2025-07-19T01:29:11.995385,vip,3,0.775,2229.62,93285.95,sms,1,quarterly,62,escalate_human,0,0.0,0.0,50.0
txn_000502,cust_0394,3,5547.53,card,MERCHANT_INTEGRATION_ERROR,SERVER_ERROR,2025-07-25T02:00:57.185173,vip,25,0.82,3685.19,133485.89,email,0,,1,escalate_human,0,0.0,0.0,50.0
txn_000503,cust_0436,1,8270.39,card,BANK_DOWNTIME,SERVER_ERROR,2025-07-07T05:37:25.568980,regular,10,0.82,1263.61,44370.37,sms,0,monthly,4,retry_delayed,0,0.0,0.0,0.0
txn_000504,cust_0178,1,426.76,upi,USER_ABANDONED,BAD_REQUEST_ERROR,2025-07-05T21:17:47.784234,regular,1,0.853,702.8,24928.32,upi,3,monthly,4,whatsapp_nudge,0,0.0,0.0,1.5
txn_000505,cust_0253,2,2072.46,upi,SUBSCRIPTION_MANDATE_FAILURE,BAD_REQUEST_ERROR,2025-07-07T00:53:12.764704,new,36,0.798,908.95,4236.37,whatsapp,1,monthly,11,send_payment_link,0,0.0,0.0,0.5
txn_000506,cust_0481,1,992.0,card,USER_ABANDONED,BAD_REQUEST_ERROR,2025-07-10T21:13:36.485330,regular,16,0.736,3702.18,45243.02,email,3,,22,switch_to_upi,0,0.0,0.0,0.0
txn_000507,cust_0416,3,6105.58,netbanking,USER_ABANDONED,BAD_REQUEST_ERROR,2025-07-28T04:15:58.824307,regular,12,0.986,863.02,27021.16,sms,2,quarterly,7,offer_discount,0,0.0,0.0,610.66
txn_000508,cust_0167,3,1283.59,emi,BANK_DOWNTIME,GATEWAY_ERROR,2025-07-01T18:37:42.993566,at_risk,12,0.228,521.79,7273.82,sms,3,,21,retry_now,0,0.0,0.0,0.0
txn_000509,cust_0121,3,3219.41,card,EXPIRED_CARD,BAD_REQUEST_ERROR,2025-07-26T13:32:12.874782,regular,24,0.803,1033.32,20557.89,whatsapp,3,quarterly,5,whatsapp_nudge,0,0.0,0.0,1.5
txn_000510,cust_0213,3,571.0,card,INSUFFICIENT_FUNDS,BAD_REQUEST_ERROR,2025-07-19T12:21:47.810666,at_risk,53,0.337,300.94,17006.65,whatsapp,0,,4,retry_delayed,0,0.0,0.0,0.0
txn_000511,cust_0311,1,542.02,upi,INSUFFICIENT_FUNDS,BAD_REQUEST_ERROR,2025-07-10T10:02:18.851469,at_risk,4,0.395,1653.09,12481.84,email,2,,4,email_reminder,0,0.0,0.0,0.1
txn_000512,cust_0002,3,15388.27,netbanking,BANK_DOWNTIME,BAD_REQUEST_ERROR,2025-07-02T02:27:46.731535,b2b,6,0.805,1032.86,1323343.73,sms,0,monthly,18,offer_discount,0,0.0,0.0,1231.16
txn_000513,cust_0281,2,915.01,card,EXPIRED_CARD,BAD_REQUEST_ERROR,2025-07-26T08:49:21.849158,new,20,0.351,5005.0,8377.6,email,0,,6,email_reminder,0,0.0,0.0,0.1
txn_000514,cust_0340,2,544.73,netbanking,AUTH_OTP_FAILURE,BAD_REQUEST_ERROR,2025-07-26T00:43:28.904340,regular,11,0.737,1256.45,41204.57,email,0,,7,retry_delayed,0,0.0,0.0,0.0
txn_000515,cust_0264,1,1537.64,card,INSUFFICIENT_FUNDS,BAD_REQUEST_ERROR,2025-07-03T12:43:25.688377,new,8,0.808,3122.44,5807.41,sms,0,quarterly,31,retry_delayed,0,0.0,0.0,0.0
txn_000516,cust_0325,2,46164.2,nach,SUBSCRIPTION_MANDATE_FAILURE,BAD_REQUEST_ERROR,2025-07-12T06:27:12.064799,vip,21,0.682,245.39,244550.94,sms,1,monthly,18,switch_to_upi,1,3.05,0.0,0.0
txn_000517,cust_0299,3,5827.21,card,INSUFFICIENT_FUNDS,BAD_REQUEST_ERROR,2025-07-04T10:22:19.149057,vip,3,0.805,490.97,92344.69,upi,1,quarterly,0,retry_delayed,0,0.0,0.0,0.0
txn_000518,cust_0303,1,3815.59,card,SUBSCRIPTION_MANDATE_FAILURE,BAD_REQUEST_ERROR,2025-07-06T19:13:38.005346,regular,21,0.916,1149.61,45421.27,sms,3,monthly,1,send_payment_link,0,0.0,0.0,0.5
txn_000519,cust_0166,3,3463.12,card,USER_ABANDONED,BAD_REQUEST_ERROR,2025-07-10T23:15:53.639446,regular,26,0.88,687.9,37073.74,email,3,quarterly,11,offer_discount,1,5.86,277.05,277.15
txn_000520,cust_0191,2,4832.06,wallet,INSUFFICIENT_FUNDS,BAD_REQUEST_ERROR,2025-07-28T01:20:33.174592,at_risk,10,0.708,4218.41,13014.75,whatsapp,0,,0,offer_discount,1,1.58,386.56,386.66
txn_000521,cust_0131,2,28979.67,card,AUTH_OTP_FAILURE,GATEWAY_ERROR,2025-07-27T07:43:24.221029,vip,25,0.775,5401.1,228754.99,upi,3,quarterly,38,offer_discount,0,0.0,0.0,3477.66
txn_000522,cust_0235,3,718.97,card,INSUFFICIENT_FUNDS,BAD_REQUEST_ERROR,2025-07-02T12:09:31.682721,new,12,0.665,241.94,9433.34,email,1,,63,send_payment_link,0,0.0,0.0,0.5
txn_000523,cust_0313,2,2103.27,upi,INVALID_DETAILS,BAD_REQUEST_ERROR,2025-07-07T01:13:02.942743,regular,68,0.884,3474.87,35234.94,email,1,monthly,11,email_reminder,0,0.0,0.0,0.1
txn_000524,cust_0057,2,452.73,upi,MERCHANT_INTEGRATION_ERROR,SERVER_ERROR,2025-07-08T15:08:02.151435,at_risk,29,0.305,401.43,18163.23,whatsapp,3,,27,escalate_human,1,58.33,0.0,50.0
txn_000525,cust_0496,2,618.49,card,INSUFFICIENT_FUNDS,BAD_REQUEST_ERROR,2025-07-18T20:44:57.344484,regular,8,0.939,1624.77,24143.7,email,0,monthly,12,retry_delayed,0,0.0,0.0,0.0
txn_000526,cust_0326,3,15146.22,nach,SUSPECTED_FRAUD,BAD_REQUEST_ERROR,2025-07-11T22:42:19.782765,vip,22,0.962,96.84,354377.2,upi,1,,16,send_payment_link,0,0.0,0.0,0.5
txn_000527,cust_0474,1,256.06,upi,USER_ABANDONED,BAD_REQUEST_ERROR,2025-07-16T10:13:19.438630,regular,79,0.99,494.71,27758.02,email,0,monthly,2,whatsapp_nudge,0,0.0,0.0,1.5
txn_000528,cust_0077,1,1587.8,card,EXPIRED_CARD,BAD_REQUEST_ERROR,2025-07-20T00:32:47.650315,regular,22,0.972,3755.6,7273.39,email,3,,1,switch_to_upi,1,1.64,0.0,0.0
txn_000529,cust_0410,1,32357.45,upi,USER_ABANDONED,BAD_REQUEST_ERROR,2025-07-04T08:23:21.493521,regular,48,0.566,937.79,42890.88,email,2,monthly,4,email_reminder,0,0.0,0.0,0.1
txn_000530,cust_0149,1,1802.75,netbanking,INVALID_DETAILS,BAD_REQUEST_ERROR,2025-07-16T05:55:48.023188,new,5,0.833,685.09,9518.29,email,1,,6,send_payment_link,1,16.07,0.0,0.5
txn_000531,cust_0272,1,41384.47,wallet,INVALID_DETAILS,BAD_REQUEST_ERROR,2025-07-20T10:08:16.992558,b2b,7,0.799,554.87,383532.68,sms,1,,12,escalate_human,0,0.0,0.0,50.0
txn_000532,cust_0335,2,6332.1,upi,INSUFFICIENT_FUNDS,BAD_REQUEST_ERROR,2025-07-22T12:48:06.418232,regular,17,0.5,316.1,37511.5,sms,0,,21,whatsapp_nudge,0,0.0,0.0,1.5
txn_000533,cust_0471,3,857.89,wallet,USER_ABANDONED,BAD_REQUEST_ERROR,2025-07-20T12:13:30.188405,regular,15,0.951,6600.15,11783.49,email,0,annual,9,offer_discount,1,8.82,128.68,128.78
txn_000534,cust_0266,2,7140.11,upi,BANK_DOWNTIME,BAD_REQUEST_ERROR,2025-07-28T05:30:38.398048,vip,27,0.939,6670.22,342422.34,whatsapp,3,,2,retry_delayed,1,13.35,0.0,0.0
txn_000535,cust_0394,3,660.3,netbanking,AUTH_OTP_FAILURE,GATEWAY_ERROR,2025-07-23T13:05:20.079695,vip,25,0.82,3685.19,133485.89,email,1,,1,retry_delayed,0,0.0,0.0,0.0
txn_000536,cust_0217,3,856.71,upi,INSUFFICIENT_FUNDS,BAD_REQUEST_ERROR,2025-07-01T17:13:41.722306,regular,2,0.861,3261.92,17936.29,whatsapp,2,monthly,11,offer_discount,0,0.0,0.0,42.94
txn_000537,cust_0103,3,1938.56,card,BANK_DOWNTIME,SERVER_ERROR,2025-07-19T06:26:19.504127,at_risk,1,0.13,832.85,4186.29,email,2,,6,send_payment_link,0,0.0,0.0,0.5
txn_000538,cust_0154,3,4124.66,netbanking,INSUFFICIENT_FUNDS,BAD_REQUEST_ERROR,2025-07-27T08:20:53.782362,regular,2,0.871,1042.01,25872.26,email,3,,0,escalate_human,1,19.19,0.0,50.0
txn_000539,cust_0175,1,14179.68,wallet,INSUFFICIENT_FUNDS,BAD_REQUEST_ERROR,2025-07-05T04:39:30.003202,regular,39,0.776,803.96,49352.95,whatsapp,1,,12,offer_discount,0,0.0,0.0,709.08
txn_000540,cust_0108,1,1243.13,netbanking,USER_ABANDONED,BAD_REQUEST_ERROR,2025-07-11T21:45:55.624080,regular,1,0.848,9187.6,8038.33,sms,3,monthly,3,send_payment_link,1,1.22,0.0,0.5
txn_000541,cust_0400,3,1345.31,netbanking,USER_ABANDONED,BAD_REQUEST_ERROR,2025-07-22T16:57:14.200743,at_risk,6,0.191,1771.23,6492.96,upi,3,monthly,31,offer_discount,0,0.0,0.0,107.72
txn_000542,cust_0465,1,15478.22,upi,INSUFFICIENT_FUNDS,BAD_REQUEST_ERROR,2025-07-16T23:33:24.480183,regular,11,0.734,1216.6,41534.67,whatsapp,3,monthly,4,offer_discount,1,9.43,773.91,774.01
txn_000543,cust_0098,2,1262.96,upi,INSUFFICIENT_FUNDS,BAD_REQUEST_ERROR,2025-07-27T12:09:21.596870,regular,32,0.747,2306.86,40016.81,email,2,,10,email_reminder,0,0.0,0.0,0.1
txn_000544,cust_0201,3,1782.14,card,INVALID_DETAILS,BAD_REQUEST_ERROR,2025-07-04T20:34:00.019431,new,22,0.571,312.08,9945.56,whatsapp,0,quarterly,5,sms_reminder,1,9.09,0.0,0.25
txn_000545,cust_0153,1,4619.19,emi,USER_ABANDONED,BAD_REQUEST_ERROR,2025-07-31T02:27:08.644521,vip,7,0.649,5001.27,492344.23,email,0,monthly,4,whatsapp_nudge,1,3.59,0.0,1.5
txn_000546,cust_0055,1,3376.88,netbanking,INVALID_DETAILS,BAD_REQUEST_ERROR,2025-07-20T02:53:20.802114,at_risk,3,0.348,905.44,7471.23,email,0,,62,offer_discount,0,0.0,0.0,168.94
txn_000547,cust_0428,2,6802.08,wallet,AUTH_OTP_FAILURE,BAD_REQUEST_ERROR,2025-07-16T12:35:17.663299,new,3,0.894,1420.61,5147.68,sms,2,,29,send_payment_link,0,0.0,0.0,0.5
txn_000548,cust_0101,3,8931.73,emi,INVALID_DETAILS,BAD_REQUEST_ERROR,2025-07-03T17:26:57.188069,regular,20,0.691,858.44,33449.11,sms,2,,11,sms_reminder,0,0.0,0.0,0.25
txn_000549,cust_0411,3,4380.42,netbanking,INSUFFICIENT_FUNDS,BAD_REQUEST_ERROR,2025-07-18T23:07:19.033844,vip,16,0.836,874.95,211702.57,sms,0,,10,offer_discount,0,0.0,0.0,219.12
txn_000550,cust_0394,3,53443.95,upi,INSUFFICIENT_FUNDS,BAD_REQUEST_ERROR,2025-07-22T07:46:41.364450,vip,25,0.82,3685.19,133485.89,email,3,monthly,1,email_reminder,0,0.0,0.0,0.1
txn_000551,cust_0014,2,2701.99,wallet,INSUFFICIENT_FUNDS,BAD_REQUEST_ERROR,2025-07-29T21:23:52.791659,regular,4,0.866,1512.1,40223.09,whatsapp,0,,11,retry_delayed,0,0.0,0.0,0.0
txn_000552,cust_0214,2,9382.24,card,INSUFFICIENT_FUNDS,BAD_REQUEST_ERROR,2025-07-29T09:44:50.472624,vip,2,0.91,416.88,141961.8,upi,0,,7,send_payment_link,1,12.52,0.0,0.5
txn_000553,cust_0018,2,9513.03,netbanking,INSUFFICIENT_FUNDS,BAD_REQUEST_ERROR,2025-07-10T14:34:41.354246,at_risk,16,0.586,6925.1,17975.49,email,2,monthly,12,offer_discount,0,0.0,0.0,951.4
txn_000554,cust_0407,3,1617.74,wallet,INSUFFICIENT_FUNDS,BAD_REQUEST_ERROR,2025-07-17T05:38:40.138448,new,1,0.915,6723.5,6731.55,sms,1,,11,offer_discount,0,0.0,0.0,129.52
txn_000555,cust_0374,1,3946.6,nach,USER_ABANDONED,BAD_REQUEST_ERROR,2025-07-14T23:10:33.956819,regular,3,0.699,1762.01,29227.71,email,3,,38,email_reminder,1,6.62,0.0,0.1
txn_000556,cust_0120,2,30705.94,card,USER_ABANDONED,BAD_REQUEST_ERROR,2025-07-13T20:24:37.609173,vip,19,0.689,1575.56,467046.23,whatsapp,0,,38,offer_discount,0,0.0,0.0,3070.69
txn_000557,cust_0050,1,243193.63,wallet,USER_ABANDONED,BAD_REQUEST_ERROR,2025-07-14T00:59:33.434300,b2b,41,0.946,988.99,1991382.5,whatsapp,0,monthly,5,whatsapp_nudge,0,0.0,0.0,1.5
txn_000558,cust_0042,1,978.21,card,USER_ABANDONED,BAD_REQUEST_ERROR,2025-07-11T17:52:34.200813,at_risk,17,0.181,1757.05,3949.05,whatsapp,2,,20,whatsapp_nudge,0,0.0,0.0,1.5
txn_000559,cust_0235,3,1708.4,upi,SUSPECTED_FRAUD,BAD_REQUEST_ERROR,2025-07-27T03:00:25.890991,new,12,0.665,241.94,9433.34,email,2,monthly,63,escalate_human,0,0.0,0.0,50.0
txn_000560,cust_0082,1,21426.85,netbanking,AUTH_OTP_FAILURE,BAD_REQUEST_ERROR,2025-07-31T08:04:40.663279,b2b,6,0.772,469.32,816574.89,whatsapp,3,monthly,9,escalate_human,0,0.0,0.0,50.0
txn_000561,cust_0273,3,65025.35,upi,BANK_DOWNTIME,SERVER_ERROR,2025-07-26T02:02:36.609032,vip,2,0.861,1275.89,255311.29,email,2,,21,send_payment_link,1,12.06,0.0,0.5
txn_000562,cust_0228,1,3422.1,card,EXPIRED_CARD,BAD_REQUEST_ERROR,2025-07-12T15:59:42.754835,at_risk,50,0.355,4220.52,14648.66,sms,1,quarterly,15,switch_to_upi,0,0.0,0.0,0.0
txn_000563,cust_0360,3,4150.07,nach,SUBSCRIPTION_MANDATE_FAILURE,BAD_REQUEST_ERROR,2025-07-19T12:01:40.403094,regular,8,0.831,647.19,21503.44,sms,0,monthly,5,send_payment_link,0,0.0,0.0,0.5
txn_000564,cust_0061,3,2647.16,card,EXPIRED_CARD,BAD_REQUEST_ERROR,2025-07-13T02:37:41.807357,vip,1,0.782,314.6,436156.39,sms,3,annual,21,switch_to_upi,0,0.0,0.0,0.0
txn_000565,cust_0327,2,1992.09,card,BANK_DOWNTIME,SERVER_ERROR,2025-07-31T09:53:46.263156,at_risk,33,0.365,3933.07,14624.08,whatsapp,1,,13,send_payment_link,0,0.0,0.0,0.5
txn_000566,cust_0413,2,4522.81,upi,AUTH_OTP_FAILURE,BAD_REQUEST_ERROR,2025-07-06T13:33:50.299294,regular,15,0.84,41296.69,39885.5,whatsapp,3,,19,escalate_human,0,0.0,0.0,50.0
txn_000567,cust_0421,2,4388.37,wallet,INSUFFICIENT_FUNDS,BAD_REQUEST_ERROR,2025-07-03T14:32:41.784148,regular,18,0.89,578.3,32813.32,whatsapp,0,,25,offer_discount,1,6.22,438.84,438.94
txn_000568,cust_0434,1,965.1,netbanking,AUTH_OTP_FAILURE,GATEWAY_ERROR,2025-07-02T00:07:54.905112,new,4,0.923,43.26,3092.93,email,1,,23,whatsapp_nudge,1,3.74,0.0,1.5
txn_000569,cust_0343,3,884.47,netbanking,USER_ABANDONED,BAD_REQUEST_ERROR,2025-07-14T16:14:43.086433,regular,11,0.861,9520.37,30911.97,whatsapp,1,,8,sms_reminder,0,0.0,0.0,0.25
txn_000570,cust_0063,2,5111.48,card,INVALID_DETAILS,BAD_REQUEST_ERROR,2025-07-22T11:56:16.587646,vip,15,0.963,889.8,413344.22,whatsapp,2,quarterly,6,switch_to_upi,0,0.0,0.0,0.0
txn_000571,cust_0410,1,1169.2,card,AUTH_OTP_FAILURE,GATEWAY_ERROR,2025-07-30T03:46:58.876618,regular,48,0.566,937.79,42890.88,email,3,,4,send_payment_link,0,0.0,0.0,0.5
txn_000572,cust_0493,3,25292.31,upi,USER_ABANDONED,BAD_REQUEST_ERROR,2025-07-12T00:54:13.210215,vip,41,0.983,1355.8,130003.75,email,2,,13,retry_now,0,0.0,0.0,0.0
txn_000573,cust_0106,2,67749.98,upi,MERCHANT_INTEGRATION_ERROR,SERVER_ERROR,2025-07-20T06:39:22.610368,vip,6,0.814,2542.41,489498.84,whatsapp,3,,19,retry_delayed,0,0.0,0.0,0.0
txn_000574,cust_0410,1,2023.63,netbanking,USER_ABANDONED,BAD_REQUEST_ERROR,2025-07-11T21:00:09.873234,regular,48,0.566,937.79,42890.88,email,2,,4,sms_reminder,0,0.0,0.0,0.25
txn_000575,cust_0491,2,527.68,upi,INSUFFICIENT_FUNDS,BAD_REQUEST_ERROR,2025-07-29T14:53:44.785977,at_risk,5,0.275,35.04,12439.67,upi,3,,1,send_payment_link,0,0.0,0.0,0.5
txn_000576,cust_0178,1,19878.26,upi,INSUFFICIENT_FUNDS,BAD_REQUEST_ERROR,2025-07-24T06:09:25.633514,regular,1,0.853,702.8,24928.32,upi,0,monthly,4,retry_delayed,0,0.0,0.0,0.0
txn_000577,cust_0145,3,736.22,upi,INSUFFICIENT_FUNDS,BAD_REQUEST_ERROR,2025-07-10T14:37:52.704546,at_risk,1,0.288,465.05,6963.09,sms,2,monthly,13,offer_discount,0,0.0,0.0,88.45
txn_000578,cust_0282,2,4727.74,netbanking,INVALID_DETAILS,BAD_REQUEST_ERROR,2025-07-02T01:51:23.771284,regular,7,0.823,2713.06,45018.58,email,0,quarterly,4,whatsapp_nudge,0,0.0,0.0,1.5
txn_000579,cust_0151,3,2489.81,netbanking,SUSPECTED_FRAUD,BAD_REQUEST_ERROR,2025-07-17T22:22:17.408113,at_risk,20,0.131,912.67,8188.04,email,0,,3,email_reminder,0,0.0,0.0,0.1
txn_000580,cust_0043,2,1407.51,card,INSUFFICIENT_FUNDS,BAD_REQUEST_ERROR,2025-07-30T00:16:57.804921,new,10,0.908,873.85,8899.38,sms,2,,23,retry_delayed,0,0.0,0.0,0.0
txn_000581,cust_0043,2,2804.88,card,SUBSCRIPTION_MANDATE_FAILURE,BAD_REQUEST_ERROR,2025-07-21T18:30:22.954588,new,10,0.908,873.85,8899.38,sms,3,monthly,23,retry_delayed,1,29.41,0.0,0.0
txn_000582,cust_0299,3,3229.71,upi,INSUFFICIENT_FUNDS,BAD_REQUEST_ERROR,2025-07-18T03:20:12.843247,vip,3,0.805,490.97,92344.69,upi,2,,0,send_payment_link,0,0.0,0.0,0.5
txn_000583,cust_0279,3,9147.77,card,EXPIRED_CARD,BAD_REQUEST_ERROR,2025-07-22T21:42:16.095484,vip,24,0.652,461.1,443794.95,email,2,monthly,2,whatsapp_nudge,1,5.51,0.0,1.5
txn_000584,cust_0473,2,800.88,upi,SUSPECTED_FRAUD,BAD_REQUEST_ERROR,2025-07-06T22:20:26.321829,regular,4,0.512,3020.09,18592.31,whatsapp,1,monthly,1,escalate_human,0,0.0,0.0,50.0
txn_000585,cust_0248,3,4714.22,upi,BANK_DOWNTIME,GATEWAY_ERROR,2025-07-06T22:13:41.657502,at_risk,12,0.257,159.2,14858.8,sms,2,,15,retry_delayed,0,0.0,0.0,0.0
txn_000586,cust_0310,1,17183.16,netbanking,BANK_DOWNTIME,SERVER_ERROR,2025-07-27T05:51:28.078734,vip,4,0.861,1962.84,181352.48,email,1,,28,retry_delayed,0,0.0,0.0,0.0
txn_000587,cust_0063,2,7498.55,upi,INSUFFICIENT_FUNDS,BAD_REQUEST_ERROR,2025-07-02T19:38:29.019963,vip,15,0.963,889.8,413344.22,whatsapp,1,monthly,6,send_payment_link,1,10.34,0.0,0.5
txn_000588,cust_0417,1,1416.41,netbanking,SUSPECTED_FRAUD,BAD_REQUEST_ERROR,2025-07-16T01:10:21.808044,new,2,0.823,1647.14,6048.6,email,2,monthly,9,escalate_human,1,45.47,0.0,50.0
txn_000589,cust_0450,3,1742.35,upi,INSUFFICIENT_FUNDS,BAD_REQUEST_ERROR,2025-07-16T12:11:10.290213,new,4,0.976,2187.29,2745.55,sms,2,,11,sms_reminder,0,0.0,0.0,0.25
txn_000590,cust_0066,2,2487.36,card,EXPIRED_CARD,BAD_REQUEST_ERROR,2025-07-19T16:50:09.498679,regular,17,0.798,2321.81,11994.87,whatsapp,2,monthly,11,send_payment_link,1,17.36,0.0,0.5
txn_000591,cust_0500,3,8443.64,upi,INSUFFICIENT_FUNDS,BAD_REQUEST_ERROR,2025-07-11T06:54:21.611785,at_risk,12,0.521,517.34,13497.37,whatsapp,1,,14,whatsapp_nudge,0,0.0,0.0,1.5
txn_000592,cust_0175,1,931.4,nach,SUBSCRIPTION_MANDATE_FAILURE,BAD_REQUEST_ERROR,2025-07-31T07:06:23.834594,regular,39,0.776,803.96,49352.95,whatsapp,2,monthly,12,send_payment_link,0,0.0,0.0,0.5
txn_000593,cust_0176,2,418.98,wallet,INSUFFICIENT_FUNDS,BAD_REQUEST_ERROR,2025-07-17T23:19:03.081875,regular,6,0.955,286.58,19880.46,sms,3,,0,whatsapp_nudge,0,0.0,0.0,1.5
txn_000594,cust_0318,3,2039.39,nach,INSUFFICIENT_FUNDS,BAD_REQUEST_ERROR,2025-07-21T21:16:42.814117,vip,5,0.829,1121.91,80972.34,whatsapp,3,monthly,10,whatsapp_nudge,0,0.0,0.0,1.5
txn_000595,cust_0305,3,5027.66,card,AUTH_OTP_FAILURE,GATEWAY_ERROR,2025-07-22T17:46:46.012676,new,3,0.941,954.36,7113.11,upi,2,,44,switch_to_upi,0,0.0,0.0,0.0
txn_000596,cust_0452,3,1242.19,upi,SUBSCRIPTION_MANDATE_FAILURE,BAD_REQUEST_ERROR,2025-07-04T15:14:47.966385,new,2,0.813,745.58,602.16,whatsapp,3,monthly,11,send_payment_link,0,0.0,0.0,0.5
txn_000597,cust_0468,2,444.96,wallet,USER_ABANDONED,BAD_REQUEST_ERROR,2025-07-29T23:26:47.037497,regular,28,0.842,2292.9,15572.55,whatsapp,0,,27,whatsapp_nudge,0,0.0,0.0,1.5
txn_000598,cust_0371,3,235.7,upi,BANK_DOWNTIME,GATEWAY_ERROR,2025-07-02T22:58:55.118821,new,8,0.751,337.88,9561.57,email,1,monthly,49,escalate_human,1,41.32,0.0,50.0
txn_000599,cust_0397,1,305.71,upi,USER_ABANDONED,BAD_REQUEST_ERROR,2025-07-09T13:36:20.840456,regular,1,0.939,5463.45,43452.04,whatsapp,1,monthly,0,whatsapp_nudge,1,9.86,0.0,1.5
txn_000600,cust_0419,1,633.46,wallet,INSUFFICIENT_FUNDS,BAD_REQUEST_ERROR,2025-07-02T16:39:28.926516,regular,43,0.532,2609.02,42282.36,email,0,quarterly,11,retry_delayed,1,20.39,0.0,0.0
txn_000601,cust_0147,1,944.69,card,INSUFFICIENT_FUNDS,BAD_REQUEST_ERROR,2025-07-15T17:05:32.820886,regular,29,0.873,6765.84,30567.53,upi,1,monthly,21,escalate_human,0,0.0,0.0,50.0
txn_000602,cust_0170,1,4816.25,nach,SUBSCRIPTION_MANDATE_FAILURE,BAD_REQUEST_ERROR,2025-07-06T07:37:16.904149,regular,27,0.813,2895.85,27463.74,sms,2,monthly,7,sms_reminder,1,18.93,0.0,0.25
txn_000603,cust_0361,1,3320.89,netbanking,SUSPECTED_FRAUD,BAD_REQUEST_ERROR,2025-07-30T11:29:50.977025,new,2,0.696,118.76,6921.14,whatsapp,2,,2,escalate_human,0,0.0,0.0,50.0
txn_000604,cust_0373,1,1729.51,nach,BANK_DOWNTIME,BAD_REQUEST_ERROR,2025-07-05T00:15:14.893713,new,6,0.493,182.0,3573.95,sms,0,,24,offer_discount,0,0.0,0.0,138.46
txn_000605,cust_0105,3,1054.6,upi,USER_ABANDONED,BAD_REQUEST_ERROR,2025-07-20T22:24:54.502273,new,2,0.805,4776.92,8409.03,upi,0,,0,retry_delayed,1,2.92,0.0,0.0
txn_000606,cust_0056,2,8218.98,card,INVALID_DETAILS,BAD_REQUEST_ERROR,2025-07-12T08:43:05.648092,regular,8,0.908,5450.29,18839.08,upi,2,monthly,21,send_payment_link,0,0.0,0.0,0.5
txn_000607,cust_0440,1,483.44,card,INSUFFICIENT_FUNDS,BAD_REQUEST_ERROR,2025-07-04T15:16:37.274930,at_risk,10,0.216,1156.28,5672.63,whatsapp,0,monthly,8,offer_discount,0,0.0,0.0,38.78
txn_000608,cust_0058,3,15773.79,card,INSUFFICIENT_FUNDS,BAD_REQUEST_ERROR,2025-07-12T14:54:56.075932,b2b,12,0.922,659.63,1970698.35,email,2,,15,offer_discount,0,0.0,0.0,788.79
txn_000609,cust_0296,3,5980.52,upi,BANK_DOWNTIME,SERVER_ERROR,2025-07-29T10:58:37.081519,vip,3,0.775,2229.62,93285.95,sms,1,monthly,62,switch_to_upi,0,0.0,0.0,0.0
txn_000610,cust_0435,1,1197.61,netbanking,INSUFFICIENT_FUNDS,BAD_REQUEST_ERROR,2025-07-20T06:21:55.856603,at_risk,28,0.237,1910.01,3039.95,whatsapp,1,,13,offer_discount,0,0.0,0.0,143.81
txn_000611,cust_0079,1,1364.82,card,USER_ABANDONED,BAD_REQUEST_ERROR,2025-07-30T20:36:09.021505,new,15,0.751,279.41,8062.27,email,3,quarterly,10,email_reminder,1,11.1,0.0,0.1
txn_000612,cust_0235,3,549.76,upi,SUBSCRIPTION_MANDATE_FAILURE,BAD_REQUEST_ERROR,2025-07-17T06:12:56.804928,new,12,0.665,241.94,9433.34,email,0,monthly,63,retry_delayed,0,0.0,0.0,0.0
txn_000613,cust_0160,2,7245.88,upi,AUTH_OTP_FAILURE,BAD_REQUEST_ERROR,2025-07-28T14:04:40.321044,regular,16,0.965,458.88,49099.03,sms,0,monthly,0,retry_now,1,0.57,0.0,0.0
txn_000614,cust_0430,3,6050.6,card,EXPIRED_CARD,BAD_REQUEST_ERROR,2025-07-22T10:43:42.333442,regular,10,0.739,228.33,33038.84,upi,2,,4,whatsapp_nudge,0,0.0,0.0,1.5
txn_000615,cust_0293,1,908.83,card,SUBSCRIPTION_MANDATE_FAILURE,BAD_REQUEST_ERROR,2025-07-26T23:36:48.510893,new,39,0.927,13253.99,7353.0,email,1,quarterly,0,escalate_human,0,0.0,0.0,50.0
txn_000616,cust_0081,2,3952.0,wallet,MERCHANT_INTEGRATION_ERROR,SERVER_ERROR,2025-07-09T22:51:41.865477,vip,5,0.85,9945.39,402332.06,email,0,,0,send_payment_link,1,10.27,0.0,0.5
txn_000617,cust_0197,3,4189.2,upi,AUTH_OTP_FAILURE,GATEWAY_ERROR,2025-07-13T23:40:32.882020,vip,26,0.679,3489.32,369661.64,email,3,monthly,0,send_payment_link,1,19.5,0.0,0.5
txn_000618,cust_0146,1,2816.16,netbanking,SUSPECTED_FRAUD,BAD_REQUEST_ERROR,2025-07-03T10:00:44.394925,vip,34,0.673,84.64,440227.52,email,1,,20,escalate_human,1,40.24,0.0,50.0
txn_000619,cust_0481,1,3238.36,upi,USER_ABANDONED,BAD_REQUEST_ERROR,2025-07-22T12:42:32.171436,regular,16,0.736,3702.18,45243.02,email,0,,22,whatsapp_nudge,1,11.25,0.0,1.5
txn_000620,cust_0282,2,2462.31,nach,SUBSCRIPTION_MANDATE_FAILURE,BAD_REQUEST_ERROR,2025-07-07T10:37:21.597146,regular,7,0.823,2713.06,45018.58,email,0,monthly,4,send_payment_link,1,7.16,0.0,0.5
txn_000621,cust_0232,2,1011.8,upi,SUSPECTED_FRAUD,BAD_REQUEST_ERROR,2025-07-23T20:55:30.477958,regular,4,0.916,176.51,7267.09,email,3,,9,escalate_human,0,0.0,0.0,50.0
txn_000622,cust_0218,1,7020.26,wallet,SUSPECTED_FRAUD,BAD_REQUEST_ERROR,2025-07-08T16:49:38.222188,b2b,4,0.62,1528.97,497023.25,sms,1,quarterly,18,escalate_human,0,0.0,0.0,50.0
txn_000623,cust_0192,1,4659.08,card,SUBSCRIPTION_MANDATE_FAILURE,BAD_REQUEST_ERROR,2025-07-29T04:17:00.899666,regular,5,0.636,7392.81,42919.46,email,1,monthly,1,send_payment_link,1,23.28,0.0,0.5
txn_000624,cust_0168,1,6300.4,upi,INSUFFICIENT_FUNDS,BAD_REQUEST_ERROR,2025-07-30T08:22:35.228128,vip,10,0.953,431.33,180425.35,sms,1,,43,send_payment_link,1,10.53,0.0,0.5
txn_000625,cust_0291,3,3023.84,upi,AUTH_OTP_FAILURE,GATEWAY_ERROR,2025-07-23T21:06:57.780040,vip,9,0.869,2053.73,345401.92,email,0,,5,send_payment_link,1,7.84,0.0,0.5
txn_000626,cust_0479,2,2530.96,card,INSUFFICIENT_FUNDS,BAD_REQUEST_ERROR,2025-07-24T11:41:18.661541,new,3,0.81,8178.94,4675.08,whatsapp,2,,0,retry_delayed,0,0.0,0.0,0.0
txn_000627,cust_0109,2,425.5,upi,INSUFFICIENT_FUNDS,BAD_REQUEST_ERROR,2025-07-24T14:14:05.336556,new,19,0.626,1146.73,8677.61,email,1,monthly,12,offer_discount,1,3.71,21.28,21.38
txn_000628,cust_0228,1,767.63,nach,SUBSCRIPTION_MANDATE_FAILURE,BAD_REQUEST_ERROR,2025-07-15T16:11:15.557655,at_risk,50,0.355,4220.52,14648.66,sms,3,monthly,15,escalate_human,0,0.0,0.0,50.0
txn_000629,cust_0394,3,15111.8,upi,AUTH_OTP_FAILURE,GATEWAY_ERROR,2025-07-09T18:35:01.404502,vip,25,0.82,3685.19,133485.89,email,3,monthly,1,switch_to_upi,0,0.0,0.0,0.0
txn_000630,cust_0098,2,4271.6,card,SUBSCRIPTION_MANDATE_FAILURE,BAD_REQUEST_ERROR,2025-07-22T15:59:40.757256,regular,32,0.747,2306.86,40016.81,email,1,monthly,10,escalate_human,0,0.0,0.0,50.0
txn_000631,cust_0261,2,28187.15,upi,USER_ABANDONED,BAD_REQUEST_ERROR,2025-07-17T13:16:34.439878,vip,6,0.869,240.49,208134.88,sms,0,monthly,45,whatsapp_nudge,1,7.27,0.0,1.5
txn_000632,cust_0485,1,1998.83,emi,INSUFFICIENT_FUNDS,BAD_REQUEST_ERROR,2025-07-04T12:24:22.125819,new,30,0.788,3033.35,6911.81,email,3,,6,offer_discount,0,0.0,0.0,100.04
txn_000633,cust_0134,3,10349.99,card,BANK_DOWNTIME,SERVER_ERROR,2025-07-08T06:16:34.290346,new,3,0.907,4532.54,1996.47,upi,1,,0,send_payment_link,0,0.0,0.0,0.5
txn_000634,cust_0498,2,4932.12,netbanking,USER_ABANDONED,BAD_REQUEST_ERROR,2025-07-08T15:48:14.399233,at_risk,6,0.273,649.09,15108.81,sms,0,,8,send_payment_link,0,0.0,0.0,0.5
txn_000635,cust_0292,1,1706.23,upi,BANK_DOWNTIME,BAD_REQUEST_ERROR,2025-07-11T18:55:32.199970,regular,14,0.825,620.54,13568.88,whatsapp,2,monthly,3,retry_delayed,1,41.92,0.0,0.0
txn_000636,cust_0273,3,3716.94,wallet,BANK_DOWNTIME,GATEWAY_ERROR,2025-07-27T19:51:50.522533,vip,2,0.861,1275.89,255311.29,email,3,monthly,21,sms_reminder,0,0.0,0.0,0.25
txn_000637,cust_0203,3,2251.46,card,EXPIRED_CARD,BAD_REQUEST_ERROR,2025-07-22T16:54:03.581590,regular,4,0.776,1820.28,19751.35,whatsapp,1,,5,offer_discount,1,0.61,270.18,270.28
txn_000638,cust_0471,3,249.3,upi,INSUFFICIENT_FUNDS,BAD_REQUEST_ERROR,2025-07-05T01:31:26.848024,regular,15,0.951,6600.15,11783.49,email,3,,9,switch_to_upi,0,0.0,0.0,0.0
txn_000639,cust_0122,1,575.52,netbanking,AUTH_OTP_FAILURE,BAD_REQUEST_ERROR,2025-07-10T16:50:06.646452,at_risk,2,0.305,518.88,18622.59,upi,0,,0,switch_to_upi,0,0.0,0.0,0.0
txn_000640,cust_0473,2,4227.46,upi,SUSPECTED_FRAUD,BAD_REQUEST_ERROR,2025-07-03T16:00:55.852227,regular,4,0.512,3020.09,18592.31,whatsapp,2,quarterly,1,escalate_human,0,0.0,0.0,50.0
txn_000641,cust_0087,1,4264.84,card,EXPIRED_CARD,BAD_REQUEST_ERROR,2025-07-09T07:13:11.935939,regular,6,0.938,7375.59,43336.99,sms,1,,19,send_payment_link,0,0.0,0.0,0.5
txn_000642,cust_0002,3,13670.3,card,EXPIRED_CARD,BAD_REQUEST_ERROR,2025-07-22T20:23:41.165953,b2b,6,0.805,1032.86,1323343.73,sms,3,annual,18,sms_reminder,0,0.0,0.0,0.25
txn_000643,cust_0010,3,37497.38,card,SUBSCRIPTION_MANDATE_FAILURE,BAD_REQUEST_ERROR,2025-07-26T05:51:16.261669,vip,2,0.671,5213.85,212815.67,email,3,monthly,27,switch_to_upi,0,0.0,0.0,0.0
txn_000644,cust_0242,3,2565.81,nach,INVALID_DETAILS,BAD_REQUEST_ERROR,2025-07-17T04:17:06.716880,new,1,0.863,1470.88,2348.97,whatsapp,3,,37,email_reminder,0,0.0,0.0,0.1
txn_000645,cust_0264,1,1378.03,card,AUTH_OTP_FAILURE,GATEWAY_ERROR,2025-07-15T14:21:39.599617,new,8,0.808,3122.44,5807.41,sms,3,monthly,31,sms_reminder,0,0.0,0.0,0.25
txn_000646,cust_0463,2,353.71,upi,AUTH_OTP_FAILURE,BAD_REQUEST_ERROR,2025-07-30T20:26:55.037132,at_risk,4,0.503,1041.22,5616.73,email,2,,5,retry_now,0,0.0,0.0,0.0
txn_000647,cust_0452,3,348.14,upi,SUSPECTED_FRAUD,BAD_REQUEST_ERROR,2025-07-29T16:40:27.206008,new,2,0.813,745.58,602.16,whatsapp,2,,11,escalate_human,0,0.0,0.0,50.0
txn_000648,cust_0038,1,12049.75,upi,INSUFFICIENT_FUNDS,BAD_REQUEST_ERROR,2025-07-18T18:43:34.386483,vip,1,0.958,1858.57,358743.36,whatsapp,2,,5,send_payment_link,0,0.0,0.0,0.5
txn_000649,cust_0166,3,1272.42,upi,INSUFFICIENT_FUNDS,BAD_REQUEST_ERROR,2025-07-11T16:52:41.164367,regular,26,0.88,687.9,37073.74,email,2,,11,escalate_human,1,69.02,0.0,50.0
txn_000650,cust_0211,2,1450.0,netbanking,INSUFFICIENT_FUNDS,BAD_REQUEST_ERROR,2025-07-17T12:17:05.190614,at_risk,2,0.564,2831.25,8198.49,whatsapp,3,,26,send_payment_link,0,0.0,0.0,0.5
txn_000651,cust_0482,1,1915.52,upi,AUTH_OTP_FAILURE,BAD_REQUEST_ERROR,2025-07-20T03:21:44.703864,regular,1,0.957,3243.99,18579.62,sms,2,,46,email_reminder,0,0.0,0.0,0.1
txn_000652,cust_0375,3,823.48,card,INVALID_DETAILS,BAD_REQUEST_ERROR,2025-07-04T21:12:45.705884,new,27,0.726,308.73,5868.91,email,1,,17,sms_reminder,1,14.09,0.0,0.25
txn_000653,cust_0417,1,1228.28,card,EXPIRED_CARD,BAD_REQUEST_ERROR,2025-07-16T15:12:09.007378,new,2,0.823,1647.14,6048.6,email,2,quarterly,9,escalate_human,0,0.0,0.0,50.0
txn_000654,cust_0202,3,1628.67,upi,INSUFFICIENT_FUNDS,BAD_REQUEST_ERROR,2025-07-17T21:44:29.726347,regular,1,0.815,1247.68,23637.99,upi,3,,4,sms_reminder,0,0.0,0.0,0.25
txn_000655,cust_0339,3,1358.31,upi,INVALID_DETAILS,BAD_REQUEST_ERROR,2025-07-27T15:13:06.663166,at_risk,24,0.192,264.64,13776.35,whatsapp,0,monthly,23,email_reminder,0,0.0,0.0,0.1
txn_000656,cust_0440,1,14293.79,card,INVALID_DETAILS,BAD_REQUEST_ERROR,2025-07-17T18:32:05.169124,at_risk,10,0.216,1156.28,5672.63,whatsapp,0,,8,escalate_human,0,0.0,0.0,50.0
txn_000657,cust_0038,1,16719.54,emi,BANK_DOWNTIME,SERVER_ERROR,2025-07-28T15:58:30.508212,vip,1,0.958,1858.57,358743.36,whatsapp,1,,5,send_payment_link,1,12.69,0.0,0.5
txn_000658,cust_0016,1,1358.35,emi,USER_ABANDONED,BAD_REQUEST_ERROR,2025-07-19T12:42:00.117297,at_risk,21,0.262,2999.46,3047.08,sms,3,,11,send_payment_link,1,23.33,0.0,0.5
txn_000659,cust_0470,2,1202.01,netbanking,SUSPECTED_FRAUD,BAD_REQUEST_ERROR,2025-07-25T23:16:54.367858,new,2,0.699,1031.11,8590.6,email,3,,6,escalate_human,0,0.0,0.0,50.0
txn_000660,cust_0007,3,1964.04,wallet,BANK_DOWNTIME,GATEWAY_ERROR,2025-07-03T08:10:13.071964,at_risk,25,0.503,237.26,13059.65,whatsapp,2,,4,send_payment_link,0,0.0,0.0,0.5
txn_000661,cust_0484,2,1380.53,card,AUTH_OTP_FAILURE,GATEWAY_ERROR,2025-07-21T13:02:52.233768,new,1,0.8,3194.2,6901.97,whatsapp,2,,14,switch_to_upi,0,0.0,0.0,0.0
txn_000662,cust_0230,2,13969.15,card,SUSPECTED_FRAUD,BAD_REQUEST_ERROR,2025-07-01T04:50:53.492502,vip,65,0.727,576.6,338696.24,upi,2,,0,escalate_human,0,0.0,0.0,50.0
txn_000663,cust_0459,2,101426.39,nach,AUTH_OTP_FAILURE,GATEWAY_ERROR,2025-07-26T23:34:48.690643,b2b,21,0.897,1077.93,715561.14,email,1,,2,email_reminder,0,0.0,0.0,0.1
txn_000664,cust_0311,1,120.89,card,EXPIRED_CARD,BAD_REQUEST_ERROR,2025-07-30T20:11:18.134338,at_risk,4,0.395,1653.09,12481.84,email,1,,4,sms_reminder,1,5.13,0.0,0.25
txn_000665,cust_0280,1,14296.54,card,USER_ABANDONED,BAD_REQUEST_ERROR,2025-07-21T00:06:40.865210,vip,18,0.836,447.94,405889.31,sms,1,,15,whatsapp_nudge,0,0.0,0.0,1.5
txn_000666,cust_0232,2,4729.16,card,EXPIRED_CARD,BAD_REQUEST_ERROR,2025-07-13T20:22:33.987010,regular,4,0.916,176.51,7267.09,email,1,,9,send_payment_link,0,0.0,0.0,0.5
txn_000667,cust_0230,2,19089.52,card,SUSPECTED_FRAUD,BAD_REQUEST_ERROR,2025-07-28T01:25:46.814404,vip,65,0.727,576.6,338696.24,upi,1,,0,escalate_human,0,0.0,0.0,50.0
txn_000668,cust_0196,2,39289.64,card,EXPIRED_CARD,BAD_REQUEST_ERROR,2025-07-24T10:52:09.147934,b2b,3,0.352,2207.75,751035.56,email,3,monthly,9,switch_to_upi,0,0.0,0.0,0.0
txn_000669,cust_0480,1,11183.99,netbanking,INSUFFICIENT_FUNDS,BAD_REQUEST_ERROR,2025-07-08T13:14:33.944200,new,28,0.85,313.56,2660.21,whatsapp,2,,12,offer_discount,0,0.0,0.0,1342.18
txn_000670,cust_0203,3,5638.84,upi,USER_ABANDONED,BAD_REQUEST_ERROR,2025-07-02T01:47:51.634585,regular,4,0.776,1820.28,19751.35,whatsapp,1,,5,offer_discount,0,0.0,0.0,563.98
txn_000671,cust_0346,1,1803.8,netbanking,BANK_DOWNTIME,SERVER_ERROR,2025-07-23T11:45:37.261046,at_risk,16,0.484,516.41,5637.19,sms,3,quarterly,7,retry_now,0,0.0,0.0,0.0
txn_000672,cust_0314,1,15222.02,nach,SUBSCRIPTION_MANDATE_FAILURE,BAD_REQUEST_ERROR,2025-07-03T22:19:41.814196,regular,24,0.715,214.72,30226.98,whatsapp,2,monthly,9,send_payment_link,0,0.0,0.0,0.5
txn_000673,cust_0217,3,1640.94,upi,SUSPECTED_FRAUD,BAD_REQUEST_ERROR,2025-07-07T14:59:35.987157,regular,2,0.861,3261.92,17936.29,whatsapp,3,monthly,11,escalate_human,0,0.0,0.0,50.0
txn_000674,cust_0184,3,15519.33,card,EXPIRED_CARD,BAD_REQUEST_ERROR,2025-07-09T15:18:18.593176,regular,13,0.669,675.66,27942.37,email,3,,21,send_payment_link,0,0.0,0.0,0.5
txn_000675,cust_0251,1,2675.34,upi,SUSPECTED_FRAUD,BAD_REQUEST_ERROR,2025-07-13T19:01:36.955225,regular,5,0.566,5561.86,41802.59,email,0,,11,escalate_human,0,0.0,0.0,50.0
txn_000676,cust_0026,3,395.18,upi,USER_ABANDONED,BAD_REQUEST_ERROR,2025-07-28T09:37:02.777871,regular,4,0.768,1931.1,17812.4,email,2,,5,send_payment_link,0,0.0,0.0,0.5
txn_000677,cust_0496,2,4060.2,card,MERCHANT_INTEGRATION_ERROR,SERVER_ERROR,2025-07-17T20:21:00.038060,regular,8,0.939,1624.77,24143.7,email,0,,12,escalate_human,0,0.0,0.0,50.0
txn_000678,cust_0316,3,1040.4,wallet,USER_ABANDONED,BAD_REQUEST_ERROR,2025-07-02T02:44:11.833342,new,9,0.817,643.75,9196.27,sms,3,,54,email_reminder,0,0.0,0.0,0.1
txn_000679,cust_0104,3,17225.79,card,EXPIRED_CARD,BAD_REQUEST_ERROR,2025-07-27T17:51:10.128784,regular,11,0.893,1251.97,32885.08,email,3,,7,switch_to_upi,0,0.0,0.0,0.0
txn_000680,cust_0141,2,726.69,emi,MERCHANT_INTEGRATION_ERROR,SERVER_ERROR,2025-07-07T16:40:31.191675,regular,36,0.706,872.26,38145.79,sms,0,,15,send_payment_link,0,0.0,0.0,0.5
txn_000681,cust_0088,3,1480.02,wallet,INSUFFICIENT_FUNDS,BAD_REQUEST_ERROR,2025-07-04T18:40:00.050064,new,3,0.9,519.78,9013.16,whatsapp,2,,11,retry_delayed,0,0.0,0.0,0.0
txn_000682,cust_0418,3,14743.13,wallet,BANK_DOWNTIME,BAD_REQUEST_ERROR,2025-07-26T09:15:15.167636,vip,7,0.857,540.31,496352.89,whatsapp,2,,4,whatsapp_nudge,0,0.0,0.0,1.5
txn_000683,cust_0245,2,425.7,card,SUBSCRIPTION_MANDATE_FAILURE,BAD_REQUEST_ERROR,2025-07-08T16:13:19.947131,at_risk,12,0.33,8257.36,6151.62,upi,2,annual,7,escalate_human,1,31.77,0.0,50.0
txn_000684,cust_0344,3,1800.2,card,EXPIRED_CARD,BAD_REQUEST_ERROR,2025-07-08T10:19:46.401517,new,4,0.596,206.97,7509.64,whatsapp,3,,28,email_reminder,1,29.42,0.0,0.1
txn_000685,cust_0204,2,9170.85,upi,INSUFFICIENT_FUNDS,BAD_REQUEST_ERROR,2025-07-08T00:51:57.023154,regular,17,0.873,1608.27,48639.72,email,3,,10,offer_discount,0,0.0,0.0,733.77
txn_000686,cust_0352,1,3037.5,nach,INSUFFICIENT_FUNDS,BAD_REQUEST_ERROR,2025-07-12T16:36:04.861191,at_risk,20,0.495,255.89,10738.51,sms,0,,34,send_payment_link,0,0.0,0.0,0.5
txn_000687,cust_0496,2,3361.63,upi,AUTH_OTP_FAILURE,BAD_REQUEST_ERROR,2025-07-02T22:15:53.639411,regular,8,0.939,1624.77,24143.7,email,2,monthly,12,escalate_human,0,0.0,0.0,50.0
txn_000688,cust_0008,1,1198.92,nach,SUBSCRIPTION_MANDATE_FAILURE,BAD_REQUEST_ERROR,2025-07-24T12:09:07.009735,new,39,0.838,1897.19,3173.15,whatsapp,0,monthly,2,whatsapp_nudge,0,0.0,0.0,1.5
txn_000689,cust_0020,3,24457.75,card,INSUFFICIENT_FUNDS,BAD_REQUEST_ERROR,2025-07-26T21:21:43.020466,b2b,3,0.829,1034.36,1051408.25,email,0,,15,send_payment_link,1,19.95,0.0,0.5
txn_000690,cust_0011,3,17411.38,netbanking,INSUFFICIENT_FUNDS,BAD_REQUEST_ERROR,2025-07-02T21:55:00.218203,vip,6,0.639,537.55,252212.68,whatsapp,2,,10,offer_discount,0,0.0,0.0,1741.24
txn_000691,cust_0116,1,2317.67,upi,BANK_DOWNTIME,SERVER_ERROR,2025-07-11T20:09:23.510635,new,20,0.467,609.79,8672.68,whatsapp,2,monthly,63,send_payment_link,0,0.0,0.0,0.5
txn_000692,cust_0375,3,1547.66,upi,INSUFFICIENT_FUNDS,BAD_REQUEST_ERROR,2025-07-22T17:09:34.830548,new,27,0.726,308.73,5868.91,email,3,,17,email_reminder,0,0.0,0.0,0.1
txn_000693,cust_0228,1,551.16,card,EXPIRED_CARD,BAD_REQUEST_ERROR,2025-07-22T21:24:13.428542,at_risk,50,0.355,4220.52,14648.66,sms,1,,15,switch_to_upi,0,0.0,0.0,0.0
txn_000694,cust_0340,2,1204.25,card,EXPIRED_CARD,BAD_REQUEST_ERROR,2025-07-29T15:37:00.014894,regular,11,0.737,1256.45,41204.57,email,3,,7,offer_discount,1,4.42,144.51,144.61
txn_000695,cust_0048,2,9523.2,netbanking,AUTH_OTP_FAILURE,BAD_REQUEST_ERROR,2025-07-05T02:06:24.090557,regular,63,0.769,777.82,28412.38,email,2,monthly,13,switch_to_upi,0,0.0,0.0,0.0
txn_000696,cust_0387,1,2988.9,card,MERCHANT_INTEGRATION_ERROR,SERVER_ERROR,2025-07-28T03:38:48.238867,regular,2,0.836,1721.37,28803.8,whatsapp,2,,16,switch_to_upi,0,0.0,0.0,0.0
txn_000697,cust_0328,1,5247.89,upi,USER_ABANDONED,BAD_REQUEST_ERROR,2025-07-25T17:45:42.190773,regular,18,0.76,728.45,41447.14,upi,1,,23,sms_reminder,0,0.0,0.0,0.25
txn_000698,cust_0204,2,4048.12,card,BANK_DOWNTIME,SERVER_ERROR,2025-07-08T07:55:18.685453,regular,17,0.873,1608.27,48639.72,email,0,monthly,10,send_payment_link,1,1.79,0.0,0.5
txn_000699,cust_0411,3,5837.88,upi,SUBSCRIPTION_MANDATE_FAILURE,BAD_REQUEST_ERROR,2025-07-21T17:49:01.144019,vip,16,0.836,874.95,211702.57,sms,0,monthly,10,send_payment_link,0,0.0,0.0,0.5
txn_000700,cust_0040,3,3878.08,card,EXPIRED_CARD,BAD_REQUEST_ERROR,2025-07-12T09:07:15.086055,at_risk,59,0.45,231.42,4765.88,whatsapp,1,quarterly,5,send_payment_link,0,0.0,0.0,0.5
txn_000701,cust_0354,3,22718.01,netbanking,INSUFFICIENT_FUNDS,BAD_REQUEST_ERROR,2025-07-02T00:04:56.676342,b2b,8,0.704,2244.72,342976.53,email,0,monthly,6,offer_discount,1,7.8,2271.8,2271.9
txn_000702,cust_0052,3,2535.33,emi,INSUFFICIENT_FUNDS,BAD_REQUEST_ERROR,2025-07-19T13:47:29.104789,new,18,0.947,167.52,7675.64,email,2,,14,retry_delayed,0,0.0,0.0,0.0
txn_000703,cust_0101,3,3813.43,upi,SUBSCRIPTION_MANDATE_FAILURE,BAD_REQUEST_ERROR,2025-07-20T21:29:07.115110,regular,20,0.691,858.44,33449.11,sms,1,monthly,11,offer_discount,0,0.0,0.0,190.77
txn_000704,cust_0154,3,758.1,upi,INVALID_DETAILS,BAD_REQUEST_ERROR,2025-07-24T18:32:22.679286,regular,2,0.871,1042.01,25872.26,email,2,quarterly,0,email_reminder,0,0.0,0.0,0.1
txn_000705,cust_0420,3,1927.72,emi,BANK_DOWNTIME,BAD_REQUEST_ERROR,2025-07-10T14:17:58.961002,regular,12,0.929,1480.83,43269.4,upi,2,,0,retry_delayed,0,0.0,0.0,0.0
txn_000706,cust_0139,3,7585.51,nach,AUTH_OTP_FAILURE,GATEWAY_ERROR,2025-07-30T09:17:25.320496,vip,31,0.926,682.46,72875.06,whatsapp,1,,13,sms_reminder,0,0.0,0.0,0.25
txn_000707,cust_0164,2,6004.52,emi,SUSPECTED_FRAUD,BAD_REQUEST_ERROR,2025-07-20T01:03:11.018055,regular,5,0.836,220.07,31037.42,email,2,,2,escalate_human,1,59.69,0.0,50.0
txn_000708,cust_0435,1,1135.94,netbanking,USER_ABANDONED,BAD_REQUEST_ERROR,2025-07-05T14:23:00.869000,at_risk,28,0.237,1910.01,3039.95,whatsapp,1,,13,send_payment_link,0,0.0,0.0,0.5
txn_000709,cust_0122,1,4665.35,wallet,INSUFFICIENT_FUNDS,BAD_REQUEST_ERROR,2025-07-19T15:43:15.917025,at_risk,2,0.305,518.88,18622.59,upi,3,,0,sms_reminder,0,0.0,0.0,0.25
txn_000710,cust_0382,2,634.66,upi,BANK_DOWNTIME,BAD_REQUEST_ERROR,2025-07-31T07:26:45.418928,new,3,0.931,1522.31,2192.27,whatsapp,0,,4,retry_delayed,1,12.71,0.0,0.0
txn_000711,cust_0003,2,2415.9,netbanking,BANK_DOWNTIME,GATEWAY_ERROR,2025-07-06T17:28:07.697956,regular,19,0.727,14328.09,48681.41,sms,0,monthly,18,escalate_human,0,0.0,0.0,50.0
txn_000712,cust_0489,3,20029.76,card,EXPIRED_CARD,BAD_REQUEST_ERROR,2025-07-25T12:10:20.590186,vip,2,0.818,1346.8,332114.91,whatsapp,2,,17,send_payment_link,1,17.95,0.0,0.5
txn_000713,cust_0249,3,41916.28,netbanking,BANK_DOWNTIME,BAD_REQUEST_ERROR,2025-07-31T00:20:01.951910,b2b,15,0.721,373.53,849409.27,email,2,,10,retry_delayed,1,8.53,0.0,0.0
txn_000714,cust_0351,2,10441.49,upi,AUTH_OTP_FAILURE,BAD_REQUEST_ERROR,2025-07-12T06:22:38.367134,regular,12,0.784,312.11,20471.72,email,2,,0,send_payment_link,0,0.0,0.0,0.5
txn_000715,cust_0380,1,9119.7,emi,INVALID_DETAILS,BAD_REQUEST_ERROR,2025-07-06T12:31:58.320374,vip,1,0.752,806.93,459540.35,email,3,monthly,14,whatsapp_nudge,0,0.0,0.0,1.5
txn_000716,cust_0009,2,3858.02,card,INSUFFICIENT_FUNDS,BAD_REQUEST_ERROR,2025-07-25T11:40:12.026660,new,26,0.844,974.4,1355.45,whatsapp,2,,3,sms_reminder,0,0.0,0.0,0.25
txn_000717,cust_0073,3,1365.83,upi,AUTH_OTP_FAILURE,BAD_REQUEST_ERROR,2025-07-19T18:22:13.457256,regular,51,0.92,363.21,39782.18,whatsapp,0,,8,escalate_human,0,0.0,0.0,50.0
txn_000718,cust_0045,2,3106.4,upi,BANK_DOWNTIME,BAD_REQUEST_ERROR,2025-07-29T14:24:19.483140,regular,1,0.911,403.41,10364.79,whatsapp,1,monthly,8,retry_delayed,0,0.0,0.0,0.0
txn_000719,cust_0419,1,11016.61,card,BANK_DOWNTIME,GATEWAY_ERROR,2025-07-28T15:11:54.890977,regular,43,0.532,2609.02,42282.36,email,1,,11,retry_delayed,1,2.8,0.0,0.0
txn_000720,cust_0009,2,605.67,card,AUTH_OTP_FAILURE,GATEWAY_ERROR,2025-07-14T05:55:46.625028,new,26,0.844,974.4,1355.45,whatsapp,0,,3,switch_to_upi,1,3.84,0.0,0.0
txn_000721,cust_0018,2,3469.66,nach,INVALID_DETAILS,BAD_REQUEST_ERROR,2025-07-16T16:21:07.582451,at_risk,16,0.586,6925.1,17975.49,email,2,,12,send_payment_link,0,0.0,0.0,0.5
txn_000722,cust_0499,3,3113.69,emi,USER_ABANDONED,BAD_REQUEST_ERROR,2025-07-26T19:55:27.355387,regular,4,0.766,3688.36,6905.28,sms,3,,14,whatsapp_nudge,0,0.0,0.0,1.5
txn_000723,cust_0344,3,5354.58,card,EXPIRED_CARD,BAD_REQUEST_ERROR,2025-07-13T18:53:53.261990,new,4,0.596,206.97,7509.64,whatsapp,2,quarterly,28,offer_discount,0,0.0,0.0,267.83
txn_000724,cust_0396,1,1525.14,upi,SUSPECTED_FRAUD,BAD_REQUEST_ERROR,2025-07-15T04:36:09.252534,regular,8,0.853,1228.05,22293.8,whatsapp,3,,13,escalate_human,0,0.0,0.0,50.0
txn_000725,cust_0120,2,39897.27,netbanking,INSUFFICIENT_FUNDS,BAD_REQUEST_ERROR,2025-07-24T13:12:09.297945,vip,19,0.689,1575.56,467046.23,whatsapp,1,,38,send_payment_link,1,13.5,0.0,0.5
txn_000726,cust_0057,2,12068.22,card,USER_ABANDONED,BAD_REQUEST_ERROR,2025-07-13T05:44:06.373708,at_risk,29,0.305,401.43,18163.23,whatsapp,1,,27,email_reminder,0,0.0,0.0,0.1
txn_000727,cust_0165,1,820.52,nach,SUBSCRIPTION_MANDATE_FAILURE,BAD_REQUEST_ERROR,2025-07-08T20:46:05.561869,new,30,0.939,983.34,1177.39,whatsapp,2,monthly,20,send_payment_link,1,23.68,0.0,0.5
txn_000728,cust_0026,3,3193.79,nach,SUBSCRIPTION_MANDATE_FAILURE,BAD_REQUEST_ERROR,2025-07-14T23:31:57.222399,regular,4,0.768,1931.1,17812.4,email,0,monthly,5,send_payment_link,0,0.0,0.0,0.5
txn_000729,cust_0482,1,297.63,card,EXPIRED_CARD,BAD_REQUEST_ERROR,2025-07-09T19:52:21.684174,regular,1,0.957,3243.99,18579.62,sms,1,,46,whatsapp_nudge,0,0.0,0.0,1.5
txn_000730,cust_0159,2,22689.91,upi,USER_ABANDONED,BAD_REQUEST_ERROR,2025-07-24T21:22:56.673918,b2b,23,0.665,1538.17,1969952.0,upi,0,,69,send_payment_link,0,0.0,0.0,0.5
txn_000731,cust_0224,1,1310.75,wallet,INSUFFICIENT_FUNDS,BAD_REQUEST_ERROR,2025-07-19T09:29:19.095752,vip,30,0.833,887.46,82337.97,upi,0,,4,send_payment_link,0,0.0,0.0,0.5
txn_000732,cust_0353,1,4340.4,nach,SUBSCRIPTION_MANDATE_FAILURE,BAD_REQUEST_ERROR,2025-07-19T22:27:15.371138,regular,3,0.94,898.94,36700.62,email,1,monthly,22,email_reminder,0,0.0,0.0,0.1
txn_000733,cust_0391,3,17682.42,upi,INVALID_DETAILS,BAD_REQUEST_ERROR,2025-07-21T18:00:46.533825,vip,10,0.851,131.95,267942.01,email,2,,15,send_payment_link,1,16.2,0.0,0.5
txn_000734,cust_0309,1,3635.37,wallet,USER_ABANDONED,BAD_REQUEST_ERROR,2025-07-26T14:59:57.714489,regular,52,0.892,612.97,49973.4,upi,3,annual,9,email_reminder,0,0.0,0.0,0.1
txn_000735,cust_0217,3,4640.47,card,EXPIRED_CARD,BAD_REQUEST_ERROR,2025-07-11T10:52:54.300524,regular,2,0.861,3261.92,17936.29,whatsapp,3,,11,email_reminder,1,22.49,0.0,0.1
txn_000736,cust_0306,3,9158.95,card,SUBSCRIPTION_MANDATE_FAILURE,BAD_REQUEST_ERROR,2025-07-22T13:28:38.401994,vip,20,0.642,1834.92,338747.18,whatsapp,3,monthly,22,escalate_human,0,0.0,0.0,50.0
txn_000737,cust_0095,3,36010.7,card,AUTH_OTP_FAILURE,GATEWAY_ERROR,2025-07-26T14:21:32.679810,vip,13,0.791,762.69,319862.91,upi,1,,46,offer_discount,0,0.0,0.0,1800.64
txn_000738,cust_0249,3,10627.03,card,USER_ABANDONED,BAD_REQUEST_ERROR,2025-07-03T01:56:40.444154,b2b,15,0.721,373.53,849409.27,email,0,monthly,10,send_payment_link,1,2.64,0.0,0.5
txn_000739,cust_0103,3,3290.01,upi,MERCHANT_INTEGRATION_ERROR,SERVER_ERROR,2025-07-30T13:25:42.837332,at_risk,1,0.13,832.85,4186.29,email,0,,6,retry_delayed,0,0.0,0.0,0.0
txn_000740,cust_0412,3,1344.66,netbanking,USER_ABANDONED,BAD_REQUEST_ERROR,2025-07-29T14:01:16.330296,regular,21,0.792,63.2,31799.5,email,1,quarterly,4,offer_discount,1,9.62,67.23,67.33
txn_000741,cust_0347,2,423.91,netbanking,BANK_DOWNTIME,BAD_REQUEST_ERROR,2025-07-17T18:38:41.914755,at_risk,29,0.448,892.71,15409.07,whatsapp,0,,30,send_payment_link,0,0.0,0.0,0.5
txn_000742,cust_0422,3,1531.68,card,INSUFFICIENT_FUNDS,BAD_REQUEST_ERROR,2025-07-08T07:49:34.538315,at_risk,4,0.432,4832.88,3318.28,email,2,quarterly,6,offer_discount,0,0.0,0.0,153.27
txn_000743,cust_0499,3,475.46,upi,AUTH_OTP_FAILURE,GATEWAY_ERROR,2025-07-12T23:34:01.460905,regular,4,0.766,3688.36,6905.28,sms,1,monthly,14,sms_reminder,1,12.49,0.0,0.25
txn_000744,cust_0191,2,2195.21,upi,INSUFFICIENT_FUNDS,BAD_REQUEST_ERROR,2025-07-30T17:17:35.860494,at_risk,10,0.708,4218.41,13014.75,whatsapp,0,,0,retry_delayed,0,0.0,0.0,0.0
txn_000745,cust_0302,3,4536.02,netbanking,INVALID_DETAILS,BAD_REQUEST_ERROR,2025-07-21T15:33:55.075405,regular,4,0.883,2134.01,24770.75,upi,1,monthly,14,email_reminder,0,0.0,0.0,0.1
txn_000746,cust_0330,2,6995.38,emi,AUTH_OTP_FAILURE,GATEWAY_ERROR,2025-07-01T11:15:45.682254,regular,2,0.948,2605.74,42692.78,sms,2,,6,whatsapp_nudge,0,0.0,0.0,1.5
txn_000747,cust_0159,2,9798.16,card,BANK_DOWNTIME,BAD_REQUEST_ERROR,2025-07-06T13:44:07.374700,b2b,23,0.665,1538.17,1969952.0,upi,2,,69,switch_to_upi,0,0.0,0.0,0.0
txn_000748,cust_0408,2,1009.51,upi,INSUFFICIENT_FUNDS,BAD_REQUEST_ERROR,2025-07-02T13:39:11.996806,vip,24,0.852,1654.37,490463.89,whatsapp,0,,0,offer_discount,0,0.0,0.0,121.24
txn_000749,cust_0200,3,6084.43,card,INSUFFICIENT_FUNDS,BAD_REQUEST_ERROR,2025-07-25T02:56:28.597329,regular,36,0.763,3118.13,39827.27,sms,1,,34,whatsapp_nudge,0,0.0,0.0,1.5
txn_000750,cust_0040,3,5719.27,card,EXPIRED_CARD,BAD_REQUEST_ERROR,2025-07-21T02:26:54.204389,at_risk,59,0.45,231.42,4765.88,whatsapp,2,monthly,5,offer_discount,0,0.0,0.0,686.41
txn_000751,cust_0078,2,19427.94,upi,USER_ABANDONED,BAD_REQUEST_ERROR,2025-07-25T13:50:24.973065,vip,20,0.713,747.75,299093.38,upi,0,annual,24,retry_delayed,0,0.0,0.0,0.0
txn_000752,cust_0061,3,11315.01,nach,INVALID_DETAILS,BAD_REQUEST_ERROR,2025-07-27T23:40:04.174140,vip,1,0.782,314.6,436156.39,sms,0,monthly,21,whatsapp_nudge,0,0.0,0.0,1.5
txn_000753,cust_0342,1,1217.69,upi,INSUFFICIENT_FUNDS,BAD_REQUEST_ERROR,2025-07-21T06:45:07.836572,at_risk,3,0.353,12906.08,2088.52,whatsapp,1,,4,whatsapp_nudge,0,0.0,0.0,1.5
txn_000754,cust_0417,1,971.54,card,INSUFFICIENT_FUNDS,BAD_REQUEST_ERROR,2025-07-27T07:57:46.278264,new,2,0.823,1647.14,6048.6,email,2,quarterly,9,retry_delayed,0,0.0,0.0,0.0
txn_000755,cust_0402,3,4046.45,card,MERCHANT_INTEGRATION_ERROR,SERVER_ERROR,2025-07-30T01:50:52.401994,regular,7,0.689,3181.94,35962.78,email,0,,15,escalate_human,1,18.59,0.0,50.0
txn_000756,cust_0455,3,7252.82,card,INSUFFICIENT_FUNDS,BAD_REQUEST_ERROR,2025-07-11T15:15:38.068100,vip,17,0.879,1359.68,245038.89,sms,0,,11,escalate_human,0,0.0,0.0,50.0
txn_000757,cust_0127,1,5875.96,upi,BANK_DOWNTIME,GATEWAY_ERROR,2025-07-04T16:00:31.730499,regular,22,0.778,1558.56,25865.41,whatsapp,1,annual,5,escalate_human,0,0.0,0.0,50.0
txn_000758,cust_0122,1,32378.02,wallet,SUSPECTED_FRAUD,BAD_REQUEST_ERROR,2025-07-16T01:34:15.432905,at_risk,2,0.305,518.88,18622.59,upi,0,,0,escalate_human,0,0.0,0.0,50.0
txn_000759,cust_0158,1,1004.97,nach,SUBSCRIPTION_MANDATE_FAILURE,BAD_REQUEST_ERROR,2025-07-08T16:44:44.542173,regular,21,0.906,1747.9,40410.11,email,2,monthly,93,escalate_human,0,0.0,0.0,50.0
txn_000760,cust_0491,2,1459.26,card,EXPIRED_CARD,BAD_REQUEST_ERROR,2025-07-01T09:40:17.649543,at_risk,5,0.275,35.04,12439.67,upi,3,,1,escalate_human,1,59.13,0.0,50.0
txn_000761,cust_0089,1,6636.3,upi,USER_ABANDONED,BAD_REQUEST_ERROR,2025-07-30T01:34:29.502003,at_risk,12,0.685,552.39,17616.93,upi,1,,10,retry_delayed,0,0.0,0.0,0.0
txn_000762,cust_0288,3,11992.2,upi,INSUFFICIENT_FUNDS,BAD_REQUEST_ERROR,2025-07-18T12:40:05.919196,b2b,24,0.796,661.57,741230.44,sms,0,quarterly,12,offer_discount,1,11.5,599.61,599.71
txn_000763,cust_0389,2,1634.33,nach,SUBSCRIPTION_MANDATE_FAILURE,BAD_REQUEST_ERROR,2025-07-27T08:17:22.335826,regular,13,0.841,254.94,43700.29,whatsapp,1,monthly,14,retry_delayed,0,0.0,0.0,0.0
txn_000764,cust_0315,3,1301.62,card,INSUFFICIENT_FUNDS,BAD_REQUEST_ERROR,2025-07-03T04:20:17.605754,regular,40,0.773,1019.32,36232.03,email,1,quarterly,25,send_payment_link,1,23.63,0.0,0.5
txn_000765,cust_0243,2,54984.63,card,MERCHANT_INTEGRATION_ERROR,SERVER_ERROR,2025-07-06T21:27:24.603295,vip,5,0.68,746.47,105984.67,whatsapp,2,,1,retry_delayed,0,0.0,0.0,0.0
txn_000766,cust_0163,1,4380.06,nach,USER_ABANDONED,BAD_REQUEST_ERROR,2025-07-29T09:16:02.537333,b2b,30,0.341,900.78,1449032.07,email,3,,49,send_payment_link,0,0.0,0.0,0.5
txn_000767,cust_0177,3,1312.71,card,EXPIRED_CARD,BAD_REQUEST_ERROR,2025-07-27T13:46:33.683940,regular,10,0.744,1758.21,12965.06,sms,0,,21,send_payment_link,0,0.0,0.0,0.5
txn_000768,cust_0207,3,13269.63,upi,SUSPECTED_FRAUD,BAD_REQUEST_ERROR,2025-07-14T22:04:14.086860,new,7,0.822,452.12,9997.77,upi,1,monthly,19,send_payment_link,0,0.0,0.0,0.5
txn_000769,cust_0248,3,1596.39,card,EXPIRED_CARD,BAD_REQUEST_ERROR,2025-07-18T07:14:19.215868,at_risk,12,0.257,159.2,14858.8,sms,0,,15,send_payment_link,1,17.17,0.0,0.5
txn_000770,cust_0238,1,7846.18,upi,INVALID_DETAILS,BAD_REQUEST_ERROR,2025-07-19T22:52:32.812936,regular,6,0.657,1093.68,5557.87,whatsapp,2,,3,email_reminder,0,0.0,0.0,0.1
txn_000771,cust_0326,3,13162.81,card,EXPIRED_CARD,BAD_REQUEST_ERROR,2025-07-30T04:30:22.192435,vip,22,0.962,96.84,354377.2,upi,1,monthly,16,send_payment_link,1,1.56,0.0,0.5
txn_000772,cust_0159,2,19468.18,upi,INSUFFICIENT_FUNDS,BAD_REQUEST_ERROR,2025-07-19T12:52:47.624283,b2b,23,0.665,1538.17,1969952.0,upi,3,,69,offer_discount,1,9.0,973.41,973.51
txn_000773,cust_0086,3,915.0,netbanking,INSUFFICIENT_FUNDS,BAD_REQUEST_ERROR,2025-07-20T10:15:25.321828,new,10,0.957,671.78,1809.04,whatsapp,2,,11,email_reminder,0,0.0,0.0,0.1
txn_000774,cust_0386,2,6989.76,upi,INSUFFICIENT_FUNDS,BAD_REQUEST_ERROR,2025-07-19T20:55:36.517166,vip,10,0.829,345.45,332067.31,upi,0,,7,retry_delayed,0,0.0,0.0,0.0
txn_000775,cust_0041,2,2681.53,upi,MERCHANT_INTEGRATION_ERROR,SERVER_ERROR,2025-07-29T03:56:06.989916,at_risk,24,0.231,5565.28,2087.41,email,0,monthly,32,send_payment_link,0,0.0,0.0,0.5
txn_000776,cust_0092,2,7372.21,netbanking,BANK_DOWNTIME,GATEWAY_ERROR,2025-07-13T14:34:22.485359,regular,12,0.368,466.6,49487.18,whatsapp,2,,2,retry_delayed,0,0.0,0.0,0.0
txn_000777,cust_0144,3,10524.01,netbanking,MERCHANT_INTEGRATION_ERROR,SERVER_ERROR,2025-07-29T18:57:57.942316,vip,35,0.606,1995.13,416782.89,whatsapp,1,quarterly,9,send_payment_link,0,0.0,0.0,0.5
txn_000778,cust_0150,3,2458.17,card,EXPIRED_CARD,BAD_REQUEST_ERROR,2025-07-20T22:58:09.000994,vip,8,0.762,1130.21,416513.24,whatsapp,2,monthly,7,switch_to_upi,0,0.0,0.0,0.0
txn_000779,cust_0092,2,312.91,card,EXPIRED_CARD,BAD_REQUEST_ERROR,2025-07-08T08:36:01.692535,regular,12,0.368,466.6,49487.18,whatsapp,2,,2,sms_reminder,0,0.0,0.0,0.25
txn_000780,cust_0103,3,3730.48,upi,INVALID_DETAILS,BAD_REQUEST_ERROR,2025-07-04T06:06:56.697396,at_risk,1,0.13,832.85,4186.29,email,0,,6,sms_reminder,0,0.0,0.0,0.25
txn_000781,cust_0273,3,2760.65,upi,INVALID_DETAILS,BAD_REQUEST_ERROR,2025-07-07T19:50:15.231690,vip,2,0.861,1275.89,255311.29,email,3,annual,21,send_payment_link,1,6.06,0.0,0.5
txn_000782,cust_0349,2,2348.8,card,BANK_DOWNTIME,GATEWAY_ERROR,2025-07-26T12:53:30.861157,vip,47,0.794,1664.9,125281.05,email,2,monthly,20,send_payment_link,0,0.0,0.0,0.5
txn_000783,cust_0429,1,34846.69,upi,INSUFFICIENT_FUNDS,BAD_REQUEST_ERROR,2025-07-21T17:33:07.681576,b2b,3,0.854,453.81,1323140.93,whatsapp,2,monthly,7,retry_delayed,0,0.0,0.0,0.0
txn_000784,cust_0337,2,3426.87,nach,SUSPECTED_FRAUD,BAD_REQUEST_ERROR,2025-07-27T17:35:44.053791,new,9,0.709,7139.68,1860.37,upi,0,,37,escalate_human,0,0.0,0.0,50.0
txn_000785,cust_0080,3,1360.53,card,INSUFFICIENT_FUNDS,BAD_REQUEST_ERROR,2025-07-22T15:59:29.477772,regular,15,0.954,952.29,43654.23,whatsapp,2,monthly,32,sms_reminder,0,0.0,0.0,0.25
txn_000786,cust_0259,1,11751.86,netbanking,INSUFFICIENT_FUNDS,BAD_REQUEST_ERROR,2025-07-17T16:41:30.619110,b2b,26,0.839,1576.1,290991.8,upi,2,annual,7,retry_delayed,1,21.1,0.0,0.0
txn_000787,cust_0364,2,8028.15,card,EXPIRED_CARD,BAD_REQUEST_ERROR,2025-07-08T05:01:58.538563,vip,11,0.784,816.8,189978.73,sms,0,monthly,10,offer_discount,0,0.0,0.0,401.51
txn_000788,cust_0306,3,8965.52,card,EXPIRED_CARD,BAD_REQUEST_ERROR,2025-07-09T20:02:23.734470,vip,20,0.642,1834.92,338747.18,whatsapp,1,,22,switch_to_upi,1,3.85,0.0,0.0
txn_000789,cust_0472,3,1533.72,wallet,BANK_DOWNTIME,GATEWAY_ERROR,2025-07-21T04:21:07.824204,regular,4,0.907,2539.21,30135.38,whatsapp,3,,4,escalate_human,0,0.0,0.0,50.0
txn_000790,cust_0356,1,20885.78,upi,INSUFFICIENT_FUNDS,BAD_REQUEST_ERROR,2025-07-08T19:05:46.833016,vip,7,0.715,1538.41,471057.64,whatsapp,3,,6,retry_delayed,0,0.0,0.0,0.0
txn_000791,cust_0494,1,3533.64,card,USER_ABANDONED,BAD_REQUEST_ERROR,2025-07-13T11:56:41.158349,regular,8,0.795,348.0,32380.27,whatsapp,3,,12,send_payment_link,1,9.15,0.0,0.5
txn_000792,cust_0012,1,2851.98,emi,BANK_DOWNTIME,GATEWAY_ERROR,2025-07-22T07:56:03.425653,at_risk,18,0.393,1427.95,14669.8,whatsapp,1,,13,retry_delayed,0,0.0,0.0,0.0
txn_000793,cust_0452,3,9536.5,upi,BANK_DOWNTIME,SERVER_ERROR,2025-07-08T18:23:52.852778,new,2,0.813,745.58,602.16,whatsapp,2,,11,offer_discount,0,0.0,0.0,953.75
txn_000794,cust_0495,2,16113.15,emi,BANK_DOWNTIME,BAD_REQUEST_ERROR,2025-07-20T12:26:30.676609,regular,5,0.801,1741.26,9165.15,upi,1,,7,offer_discount,0,0.0,0.0,1611.42
txn_000795,cust_0213,3,1823.52,card,AUTH_OTP_FAILURE,GATEWAY_ERROR,2025-07-02T06:08:56.523516,at_risk,53,0.337,300.94,17006.65,whatsapp,3,monthly,4,whatsapp_nudge,0,0.0,0.0,1.5
txn_000796,cust_0396,1,5454.11,netbanking,AUTH_OTP_FAILURE,BAD_REQUEST_ERROR,2025-07-26T01:03:12.795838,regular,8,0.853,1228.05,22293.8,whatsapp,1,,13,email_reminder,0,0.0,0.0,0.1
txn_000797,cust_0036,3,9705.59,card,SUSPECTED_FRAUD,BAD_REQUEST_ERROR,2025-07-20T09:03:04.354483,regular,10,0.686,6488.24,21388.64,whatsapp,2,,20,escalate_human,0,0.0,0.0,50.0
txn_000798,cust_0320,2,1181.63,netbanking,MERCHANT_INTEGRATION_ERROR,SERVER_ERROR,2025-07-13T11:50:38.041562,at_risk,22,0.344,1815.99,7503.11,upi,3,monthly,37,retry_delayed,0,0.0,0.0,0.0
txn_000799,cust_0023,2,65757.27,netbanking,INVALID_DETAILS,BAD_REQUEST_ERROR,2025-07-06T01:23:37.965349,b2b,22,0.872,500.21,1232480.85,sms,0,,9,whatsapp_nudge,1,2.44,0.0,1.5
txn_000800,cust_0101,3,19220.77,wallet,INSUFFICIENT_FUNDS,BAD_REQUEST_ERROR,2025-07-29T18:49:51.094396,regular,20,0.691,858.44,33449.11,sms,0,monthly,11,escalate_human,1,12.58,0.0,50.0
txn_000801,cust_0101,3,1665.43,card,BANK_DOWNTIME,SERVER_ERROR,2025-07-05T04:38:34.620180,regular,20,0.691,858.44,33449.11,sms,0,monthly,11,send_payment_link,1,10.17,0.0,0.5
txn_000802,cust_0037,2,77041.85,emi,INSUFFICIENT_FUNDS,BAD_REQUEST_ERROR,2025-07-29T20:04:07.979285,b2b,8,0.717,857.32,1582572.84,upi,2,monthly,2,escalate_human,0,0.0,0.0,50.0
txn_000803,cust_0250,2,493.24,upi,AUTH_OTP_FAILURE,GATEWAY_ERROR,2025-07-14T11:19:38.075404,at_risk,8,0.18,485.52,2332.17,whatsapp,2,,16,sms_reminder,0,0.0,0.0,0.25
txn_000804,cust_0434,1,1791.59,card,INSUFFICIENT_FUNDS,BAD_REQUEST_ERROR,2025-07-04T22:27:36.033364,new,4,0.923,43.26,3092.93,email,2,,23,send_payment_link,0,0.0,0.0,0.5
txn_000805,cust_0433,3,469.77,upi,BANK_DOWNTIME,BAD_REQUEST_ERROR,2025-07-02T17:48:07.054195,regular,17,0.652,1086.51,17207.33,email,1,annual,19,offer_discount,1,5.16,37.58,37.68
txn_000806,cust_0136,1,8221.31,wallet,INSUFFICIENT_FUNDS,BAD_REQUEST_ERROR,2025-07-15T11:30:23.363136,b2b,6,0.828,852.96,761011.47,sms,0,monthly,7,whatsapp_nudge,0,0.0,0.0,1.5
txn_000807,cust_0276,1,1628.23,nach,SUSPECTED_FRAUD,BAD_REQUEST_ERROR,2025-07-25T20:03:34.991381,regular,15,0.844,680.87,19598.25,email,2,,20,escalate_human,0,0.0,0.0,50.0
txn_000808,cust_0474,1,1925.61,card,EXPIRED_CARD,BAD_REQUEST_ERROR,2025-07-01T13:19:49.203659,regular,79,0.99,494.71,27758.02,email,2,quarterly,2,email_reminder,0,0.0,0.0,0.1
txn_000809,cust_0125,2,702.06,wallet,INSUFFICIENT_FUNDS,BAD_REQUEST_ERROR,2025-07-27T07:26:10.748645,at_risk,37,0.725,55.88,4564.58,whatsapp,0,monthly,6,offer_discount,0,0.0,0.0,56.26
txn_000810,cust_0246,3,7419.24,wallet,INSUFFICIENT_FUNDS,BAD_REQUEST_ERROR,2025-07-08T04:19:22.658971,vip,15,0.355,1365.8,240122.79,whatsapp,3,,23,send_payment_link,1,18.9,0.0,0.5
txn_000811,cust_0036,3,4171.89,upi,SUSPECTED_FRAUD,BAD_REQUEST_ERROR,2025-07-22T21:36:14.336831,regular,10,0.686,6488.24,21388.64,whatsapp,0,monthly,20,escalate_human,0,0.0,0.0,50.0
txn_000812,cust_0375,3,1721.22,upi,SUSPECTED_FRAUD,BAD_REQUEST_ERROR,2025-07-26T01:03:27.243700,new,27,0.726,308.73,5868.91,email,3,,17,escalate_human,0,0.0,0.0,50.0
txn_000813,cust_0288,3,6210.77,upi,USER_ABANDONED,BAD_REQUEST_ERROR,2025-07-05T12:21:15.096523,b2b,24,0.796,661.57,741230.44,sms,3,,12,offer_discount,0,0.0,0.0,310.64
txn_000814,cust_0363,3,14549.33,netbanking,AUTH_OTP_FAILURE,BAD_REQUEST_ERROR,2025-07-15T01:15:42.837222,b2b,23,0.761,1573.94,174706.83,whatsapp,0,monthly,7,send_payment_link,0,0.0,0.0,0.5
txn_000815,cust_0149,1,4974.3,upi,USER_ABANDONED,BAD_REQUEST_ERROR,2025-07-13T00:28:44.129706,new,5,0.833,685.09,9518.29,email,1,,6,whatsapp_nudge,0,0.0,0.0,1.5
txn_000816,cust_0303,1,4168.14,nach,AUTH_OTP_FAILURE,GATEWAY_ERROR,2025-07-11T21:50:26.829325,regular,21,0.916,1149.61,45421.27,sms,3,monthly,1,whatsapp_nudge,0,0.0,0.0,1.5
txn_000817,cust_0069,2,24720.53,upi,AUTH_OTP_FAILURE,BAD_REQUEST_ERROR,2025-07-03T23:21:59.797069,vip,2,0.811,851.65,143159.24,email,2,,10,switch_to_upi,1,0.62,0.0,0.0
txn_000818,cust_0349,2,4080.53,emi,INVALID_DETAILS,BAD_REQUEST_ERROR,2025-07-16T07:22:09.048441,vip,47,0.794,1664.9,125281.05,email,2,,20,escalate_human,0,0.0,0.0,50.0
txn_000819,cust_0262,2,3268.32,nach,SUBSCRIPTION_MANDATE_FAILURE,BAD_REQUEST_ERROR,2025-07-16T21:20:31.358768,b2b,19,0.913,5828.33,1708536.61,upi,0,monthly,2,email_reminder,0,0.0,0.0,0.1
txn_000820,cust_0306,3,4162.12,upi,BANK_DOWNTIME,BAD_REQUEST_ERROR,2025-07-10T07:57:10.225821,vip,20,0.642,1834.92,338747.18,whatsapp,0,,22,escalate_human,0,0.0,0.0,50.0
txn_000821,cust_0423,3,634.39,upi,USER_ABANDONED,BAD_REQUEST_ERROR,2025-07-20T16:05:15.034085,at_risk,4,0.554,206.72,17160.68,sms,1,,6,email_reminder,0,0.0,0.0,0.1
txn_000822,cust_0255,3,7049.12,netbanking,AUTH_OTP_FAILURE,GATEWAY_ERROR,2025-07-30T20:32:36.833218,vip,13,0.805,678.95,280530.07,email,2,quarterly,33,whatsapp_nudge,0,0.0,0.0,1.5
txn_000823,cust_0434,1,470.04,card,SUBSCRIPTION_MANDATE_FAILURE,BAD_REQUEST_ERROR,2025-07-06T04:53:51.835442,new,4,0.923,43.26,3092.93,email,3,monthly,23,send_payment_link,0,0.0,0.0,0.5
txn_000824,cust_0198,2,8803.62,netbanking,AUTH_OTP_FAILURE,BAD_REQUEST_ERROR,2025-07-21T17:15:02.709394,b2b,2,0.765,234.31,602691.13,email,1,monthly,7,send_payment_link,0,0.0,0.0,0.5
txn_000825,cust_0040,3,387.16,wallet,INSUFFICIENT_FUNDS,BAD_REQUEST_ERROR,2025-07-31T01:42:01.036391,at_risk,59,0.45,231.42,4765.88,whatsapp,3,monthly,5,retry_delayed,0,0.0,0.0,0.0
txn_000826,cust_0182,1,13692.88,card,USER_ABANDONED,BAD_REQUEST_ERROR,2025-07-07T10:37:49.662848,b2b,27,0.724,429.87,133935.82,upi,2,annual,24,email_reminder,0,0.0,0.0,0.1
txn_000827,cust_0020,3,158572.65,wallet,BANK_DOWNTIME,BAD_REQUEST_ERROR,2025-07-31T08:26:01.545892,b2b,3,0.829,1034.36,1051408.25,email,0,,15,sms_reminder,0,0.0,0.0,0.25
txn_000828,cust_0132,1,2910.27,nach,INSUFFICIENT_FUNDS,BAD_REQUEST_ERROR,2025-07-20T02:47:44.691128,vip,38,0.753,6427.45,423508.63,upi,1,,4,offer_discount,0,0.0,0.0,349.33
txn_000829,cust_0476,2,6927.13,nach,INVALID_DETAILS,BAD_REQUEST_ERROR,2025-07-08T01:22:47.628103,b2b,24,0.693,1387.12,1155667.6,email,3,,45,email_reminder,0,0.0,0.0,0.1
txn_000830,cust_0087,1,290.97,netbanking,INSUFFICIENT_FUNDS,BAD_REQUEST_ERROR,2025-07-22T21:48:00.263943,regular,6,0.938,7375.59,43336.99,sms,1,monthly,19,send_payment_link,0,0.0,0.0,0.5
txn_000831,cust_0346,1,2010.79,card,USER_ABANDONED,BAD_REQUEST_ERROR,2025-07-03T22:40:18.839107,at_risk,16,0.484,516.41,5637.19,sms,2,monthly,7,email_reminder,0,0.0,0.0,0.1
txn_000832,cust_0334,3,3723.7,upi,BANK_DOWNTIME,SERVER_ERROR,2025-07-03T06:08:42.136494,regular,18,0.838,830.7,25057.97,email,2,,5,retry_delayed,1,47.83,0.0,0.0
txn_000833,cust_0135,3,3877.57,netbanking,INSUFFICIENT_FUNDS,BAD_REQUEST_ERROR,2025-07-22T15:18:50.763810,regular,5,0.786,15925.52,7849.78,sms,1,,10,offer_discount,1,6.16,310.21,310.31
txn_000834,cust_0177,3,752.39,card,AUTH_OTP_FAILURE,GATEWAY_ERROR,2025-07-19T20:15:52.149277,regular,10,0.744,1758.21,12965.06,sms,2,,21,switch_to_upi,1,1.34,0.0,0.0
txn_000835,cust_0061,3,3447.48,card,EXPIRED_CARD,BAD_REQUEST_ERROR,2025-07-02T08:40:03.295862,vip,1,0.782,314.6,436156.39,sms,2,,21,whatsapp_nudge,0,0.0,0.0,1.5
txn_000836,cust_0003,2,3808.51,card,SUSPECTED_FRAUD,BAD_REQUEST_ERROR,2025-07-15T17:36:10.517805,regular,19,0.727,14328.09,48681.41,sms,0,,18,escalate_human,0,0.0,0.0,50.0
txn_000837,cust_0134,3,286.1,nach,SUBSCRIPTION_MANDATE_FAILURE,BAD_REQUEST_ERROR,2025-07-03T04:15:55.294572,new,3,0.907,4532.54,1996.47,upi,0,monthly,0,escalate_human,0,0.0,0.0,50.0
txn_000838,cust_0171,2,4675.38,netbanking,SUSPECTED_FRAUD,BAD_REQUEST_ERROR,2025-07-14T00:34:15.399902,regular,13,0.971,1086.28,46475.82,email,1,,10,escalate_human,0,0.0,0.0,50.0
txn_000839,cust_0107,1,4724.96,wallet,INSUFFICIENT_FUNDS,BAD_REQUEST_ERROR,2025-07-08T09:26:19.100128,at_risk,15,0.695,4274.48,8916.65,upi,0,,1,offer_discount,0,0.0,0.0,567.1
txn_000840,cust_0332,1,455.72,nach,SUBSCRIPTION_MANDATE_FAILURE,BAD_REQUEST_ERROR,2025-07-24T05:54:05.946825,at_risk,11,0.103,2282.19,17409.96,whatsapp,3,quarterly,51,send_payment_link,0,0.0,0.0,0.5
txn_000841,cust_0308,1,30754.42,wallet,SUSPECTED_FRAUD,BAD_REQUEST_ERROR,2025-07-25T17:00:35.476550,vip,8,0.975,538.95,271204.6,email,0,,7,escalate_human,1,56.47,0.0,50.0
txn_000842,cust_0390,2,13236.36,card,INSUFFICIENT_FUNDS,BAD_REQUEST_ERROR,2025-07-15T00:12:44.557134,b2b,28,0.676,3757.19,660614.17,upi,0,,2,offer_discount,0,0.0,0.0,661.92
txn_000843,cust_0446,3,4709.09,card,INSUFFICIENT_FUNDS,BAD_REQUEST_ERROR,2025-07-01T14:44:35.051035,regular,3,0.811,22580.69,5272.62,whatsapp,1,quarterly,48,offer_discount,0,0.0,0.0,235.55
txn_000844,cust_0032,3,6564.33,card,SUSPECTED_FRAUD,BAD_REQUEST_ERROR,2025-07-11T23:15:26.769265,vip,20,0.772,9747.59,179670.03,email,1,quarterly,1,escalate_human,0,0.0,0.0,50.0
txn_000845,cust_0201,3,3589.89,card,SUSPECTED_FRAUD,BAD_REQUEST_ERROR,2025-07-22T11:46:03.750532,new,22,0.571,312.08,9945.56,whatsapp,2,,5,email_reminder,0,0.0,0.0,0.1
txn_000846,cust_0150,3,7249.54,netbanking,MERCHANT_INTEGRATION_ERROR,SERVER_ERROR,2025-07-17T10:45:33.105478,vip,8,0.762,1130.21,416513.24,whatsapp,3,,7,send_payment_link,1,14.95,0.0,0.5
txn_000847,cust_0204,2,7786.47,card,EXPIRED_CARD,BAD_REQUEST_ERROR,2025-07-30T08:29:13.058676,regular,17,0.873,1608.27,48639.72,email,1,monthly,10,switch_to_upi,1,2.3,0.0,0.0
txn_000848,cust_0045,2,5862.08,card,EXPIRED_CARD,BAD_REQUEST_ERROR,2025-07-31T04:19:18.194674,regular,1,0.911,403.41,10364.79,whatsapp,0,,8,switch_to_upi,1,3.46,0.0,0.0
txn_000849,cust_0271,2,35150.49,wallet,BANK_DOWNTIME,BAD_REQUEST_ERROR,2025-07-05T23:28:01.013134,b2b,1,0.95,1982.12,305785.43,whatsapp,0,,4,email_reminder,1,36.87,0.0,0.1
txn_000850,cust_0267,1,1451.27,card,MERCHANT_INTEGRATION_ERROR,SERVER_ERROR,2025-07-15T00:24:19.353658,vip,1,0.833,962.71,154648.86,whatsapp,3,monthly,33,retry_now,0,0.0,0.0,0.0
txn_000851,cust_0056,2,2556.02,netbanking,INSUFFICIENT_FUNDS,BAD_REQUEST_ERROR,2025-07-02T14:07:31.852743,regular,8,0.908,5450.29,18839.08,upi,2,monthly,21,send_payment_link,1,19.81,0.0,0.5
txn_000852,cust_0191,2,4654.55,card,EXPIRED_CARD,BAD_REQUEST_ERROR,2025-07-11T05:02:21.012211,at_risk,10,0.708,4218.41,13014.75,whatsapp,3,,0,whatsapp_nudge,0,0.0,0.0,1.5
txn_000853,cust_0186,3,2211.54,card,MERCHANT_INTEGRATION_ERROR,SERVER_ERROR,2025-07-25T00:00:06.825069,regular,16,0.482,130.1,8978.1,email,2,,27,retry_delayed,1,10.23,0.0,0.0
txn_000854,cust_0443,2,6314.92,emi,INSUFFICIENT_FUNDS,BAD_REQUEST_ERROR,2025-07-29T12:35:51.606486,regular,22,0.939,266.84,40061.23,email,1,monthly,23,send_payment_link,0,0.0,0.0,0.5
txn_000855,cust_0159,2,18624.87,wallet,AUTH_OTP_FAILURE,BAD_REQUEST_ERROR,2025-07-23T12:56:11.666756,b2b,23,0.665,1538.17,1969952.0,upi,0,,69,retry_delayed,0,0.0,0.0,0.0
txn_000856,cust_0004,1,548.36,upi,SUSPECTED_FRAUD,BAD_REQUEST_ERROR,2025-07-08T02:07:47.344512,regular,7,0.934,2675.54,21670.69,sms,1,quarterly,20,escalate_human,0,0.0,0.0,50.0
txn_000857,cust_0149,1,755.61,netbanking,INVALID_DETAILS,BAD_REQUEST_ERROR,2025-07-14T12:51:47.124937,new,5,0.833,685.09,9518.29,email,0,,6,sms_reminder,1,19.86,0.0,0.25
txn_000858,cust_0191,2,3264.27,card,AUTH_OTP_FAILURE,GATEWAY_ERROR,2025-07-27T22:21:35.809623,at_risk,10,0.708,4218.41,13014.75,whatsapp,1,quarterly,0,switch_to_upi,1,2.67,0.0,0.0
txn_000859,cust_0210,1,1215.21,wallet,INVALID_DETAILS,BAD_REQUEST_ERROR,2025-07-25T22:32:08.629115,new,7,0.85,413.2,4004.34,whatsapp,2,,41,send_payment_link,0,0.0,0.0,0.5
txn_000860,cust_0496,2,1702.63,upi,INSUFFICIENT_FUNDS,BAD_REQUEST_ERROR,2025-07-23T09:33:47.141775,regular,8,0.939,1624.77,24143.7,email,3,,12,offer_discount,0,0.0,0.0,204.42
txn_000861,cust_0128,1,1804.79,card,AUTH_OTP_FAILURE,GATEWAY_ERROR,2025-07-03T07:12:24.833464,new,9,0.713,1924.2,2290.51,upi,1,,12,send_payment_link,0,0.0,0.0,0.5
txn_000862,cust_0024,1,5117.95,upi,AUTH_OTP_FAILURE,GATEWAY_ERROR,2025-07-14T03:54:10.561817,regular,13,0.953,188.58,32270.71,upi,2,monthly,4,whatsapp_nudge,1,10.4,0.0,1.5
txn_000863,cust_0162,1,1667.62,card,BANK_DOWNTIME,GATEWAY_ERROR,2025-07-05T09:09:59.339689,vip,10,0.736,136.28,165925.68,email,0,,0,whatsapp_nudge,0,0.0,0.0,1.5
txn_000864,cust_0391,3,42217.12,upi,BANK_DOWNTIME,SERVER_ERROR,2025-07-23T16:51:36.984878,vip,10,0.851,131.95,267942.01,email,0,monthly,15,escalate_human,1,20.25,0.0,50.0
txn_000865,cust_0181,1,5425.53,upi,SUSPECTED_FRAUD,BAD_REQUEST_ERROR,2025-07-06T02:06:06.894469,regular,21,0.951,563.69,32153.27,sms,0,monthly,1,escalate_human,0,0.0,0.0,50.0
txn_000866,cust_0024,1,1704.71,upi,INVALID_DETAILS,BAD_REQUEST_ERROR,2025-07-06T07:32:08.855620,regular,13,0.953,188.58,32270.71,upi,2,monthly,4,send_payment_link,0,0.0,0.0,0.5
txn_000867,cust_0262,2,13300.05,netbanking,AUTH_OTP_FAILURE,GATEWAY_ERROR,2025-07-27T16:38:21.233370,b2b,19,0.913,5828.33,1708536.61,upi,0,monthly,2,offer_discount,0,0.0,0.0,1995.11
txn_000868,cust_0143,3,541.74,upi,INSUFFICIENT_FUNDS,BAD_REQUEST_ERROR,2025-07-20T14:43:11.991719,regular,5,0.833,291.55,26528.22,email,1,,12,retry_delayed,1,16.3,0.0,0.0
txn_000869,cust_0289,1,352.84,upi,INSUFFICIENT_FUNDS,BAD_REQUEST_ERROR,2025-07-23T01:06:56.362090,regular,5,0.712,1114.19,14236.69,whatsapp,1,monthly,3,retry_delayed,0,0.0,0.0,0.0
txn_000870,cust_0076,1,14428.9,upi,USER_ABANDONED,BAD_REQUEST_ERROR,2025-07-27T19:15:31.256366,b2b,1,0.891,859.63,107614.45,upi,1,monthly,6,whatsapp_nudge,1,9.84,0.0,1.5
txn_000871,cust_0225,1,639.62,card,EXPIRED_CARD,BAD_REQUEST_ERROR,2025-07-27T11:40:50.836066,new,16,0.831,1617.74,5774.93,whatsapp,3,,9,whatsapp_nudge,0,0.0,0.0,1.5
txn_000872,cust_0015,1,4292.76,card,AUTH_OTP_FAILURE,GATEWAY_ERROR,2025-07-25T15:26:22.580719,regular,1,0.882,1028.09,24751.02,sms,1,,36,send_payment_link,1,11.93,0.0,0.5
txn_000873,cust_0099,1,3688.88,card,SUBSCRIPTION_MANDATE_FAILURE,BAD_REQUEST_ERROR,2025-07-29T02:02:59.194727,b2b,10,0.958,4560.38,484792.58,whatsapp,1,monthly,16,switch_to_upi,1,1.55,0.0,0.0
txn_000874,cust_0004,1,706.66,wallet,AUTH_OTP_FAILURE,GATEWAY_ERROR,2025-07-14T05:45:33.471819,regular,7,0.934,2675.54,21670.69,sms,1,,20,offer_discount,0,0.0,0.0,56.63
txn_000875,cust_0012,1,780.83,card,INSUFFICIENT_FUNDS,BAD_REQUEST_ERROR,2025-07-19T08:20:55.697193,at_risk,18,0.393,1427.95,14669.8,whatsapp,2,monthly,13,whatsapp_nudge,0,0.0,0.0,1.5
txn_000876,cust_0103,3,2012.76,nach,BANK_DOWNTIME,SERVER_ERROR,2025-07-26T04:49:05.714585,at_risk,1,0.13,832.85,4186.29,email,0,monthly,6,escalate_human,0,0.0,0.0,50.0
txn_000877,cust_0366,3,5491.6,upi,AUTH_OTP_FAILURE,GATEWAY_ERROR,2025-07-06T14:50:49.564602,regular,17,0.922,432.8,29518.25,upi,0,,17,offer_discount,1,5.13,658.99,659.09
txn_000878,cust_0347,2,1526.03,upi,SUSPECTED_FRAUD,BAD_REQUEST_ERROR,2025-07-28T08:50:49.444546,at_risk,29,0.448,892.71,15409.07,whatsapp,1,,30,escalate_human,0,0.0,0.0,50.0
txn_000879,cust_0312,3,3450.19,upi,USER_ABANDONED,BAD_REQUEST_ERROR,2025-07-29T21:17:54.966932,regular,7,0.789,1761.94,20810.74,sms,0,monthly,11,offer_discount,0,0.0,0.0,345.12
txn_000880,cust_0242,3,8199.58,upi,SUSPECTED_FRAUD,BAD_REQUEST_ERROR,2025-07-15T23:31:44.214945,new,1,0.863,1470.88,2348.97,whatsapp,1,,37,escalate_human,0,0.0,0.0,50.0
txn_000881,cust_0475,3,1794.92,card,EXPIRED_CARD,BAD_REQUEST_ERROR,2025-07-15T08:10:02.917150,new,6,0.93,201.1,9364.21,sms,0,,1,whatsapp_nudge,0,0.0,0.0,1.5
txn_000882,cust_0223,1,3118.26,upi,USER_ABANDONED,BAD_REQUEST_ERROR,2025-07-13T23:07:00.870326,vip,34,0.728,30361.27,110203.89,sms,3,,2,whatsapp_nudge,0,0.0,0.0,1.5
txn_000883,cust_0418,3,14582.39,nach,SUBSCRIPTION_MANDATE_FAILURE,BAD_REQUEST_ERROR,2025-07-20T21:22:00.482171,vip,7,0.857,540.31,496352.89,whatsapp,2,monthly,4,escalate_human,1,34.84,0.0,50.0
txn_000884,cust_0094,2,1192.9,card,EXPIRED_CARD,BAD_REQUEST_ERROR,2025-07-29T20:18:58.487115,new,2,0.778,314.22,4853.49,whatsapp,1,,13,whatsapp_nudge,0,0.0,0.0,1.5
txn_000885,cust_0319,2,273.63,upi,USER_ABANDONED,BAD_REQUEST_ERROR,2025-07-10T01:19:17.531907,new,4,0.744,2743.36,6759.04,sms,1,,6,offer_discount,0,0.0,0.0,13.78
txn_000886,cust_0122,1,1360.84,card,SUSPECTED_FRAUD,BAD_REQUEST_ERROR,2025-07-10T15:31:06.673293,at_risk,2,0.305,518.88,18622.59,upi,3,monthly,0,escalate_human,0,0.0,0.0,50.0
txn_000887,cust_0460,1,3338.37,nach,SUBSCRIPTION_MANDATE_FAILURE,BAD_REQUEST_ERROR,2025-07-20T02:08:56.467837,regular,9,0.794,1073.93,14725.04,sms,0,monthly,12,retry_delayed,0,0.0,0.0,0.0
txn_000888,cust_0246,3,16606.69,upi,INVALID_DETAILS,BAD_REQUEST_ERROR,2025-07-14T23:41:39.947016,vip,15,0.355,1365.8,240122.79,whatsapp,1,monthly,23,email_reminder,0,0.0,0.0,0.1
txn_000889,cust_0479,2,817.86,upi,INSUFFICIENT_FUNDS,BAD_REQUEST_ERROR,2025-07-17T03:16:40.486117,new,3,0.81,8178.94,4675.08,whatsapp,0,,0,send_payment_link,0,0.0,0.0,0.5
txn_000890,cust_0342,1,2037.93,nach,MERCHANT_INTEGRATION_ERROR,SERVER_ERROR,2025-07-13T23:56:13.440236,at_risk,3,0.353,12906.08,2088.52,whatsapp,0,,4,switch_to_upi,0,0.0,0.0,0.0
txn_000891,cust_0194,2,835.76,card,BANK_DOWNTIME,SERVER_ERROR,2025-07-29T16:49:17.312177,at_risk,41,0.465,2655.01,8407.9,whatsapp,2,,6,retry_delayed,0,0.0,0.0,0.0
txn_000892,cust_0438,3,250.48,netbanking,SUSPECTED_FRAUD,BAD_REQUEST_ERROR,2025-07-15T19:20:29.640873,at_risk,29,0.049,1310.91,14843.28,sms,1,,22,send_payment_link,0,0.0,0.0,0.5
txn_000893,cust_0080,3,50177.2,upi,INSUFFICIENT_FUNDS,BAD_REQUEST_ERROR,2025-07-16T23:13:26.928453,regular,15,0.954,952.29,43654.23,whatsapp,1,,32,offer_discount,0,0.0,0.0,5017.82
txn_000894,cust_0147,1,10951.59,upi,BANK_DOWNTIME,BAD_REQUEST_ERROR,2025-07-25T06:27:10.870203,regular,29,0.873,6765.84,30567.53,upi,3,quarterly,21,send_payment_link,1,13.35,0.0,0.5
txn_000895,cust_0416,3,12436.13,card,SUSPECTED_FRAUD,BAD_REQUEST_ERROR,2025-07-28T07:13:48.002456,regular,12,0.986,863.02,27021.16,sms,1,,7,switch_to_upi,0,0.0,0.0,0.0
txn_000896,cust_0148,3,1198.83,netbanking,USER_ABANDONED,BAD_REQUEST_ERROR,2025-07-05T13:15:34.802305,regular,6,0.979,1762.72,23074.77,email,3,,2,whatsapp_nudge,0,0.0,0.0,1.5
txn_000897,cust_0401,2,10616.53,card,MERCHANT_INTEGRATION_ERROR,SERVER_ERROR,2025-07-23T03:20:26.301130,regular,3,0.938,153.35,49742.54,whatsapp,2,annual,14,escalate_human,1,48.35,0.0,50.0
txn_000898,cust_0408,2,4090.23,upi,AUTH_OTP_FAILURE,GATEWAY_ERROR,2025-07-26T01:48:21.000195,vip,24,0.852,1654.37,490463.89,whatsapp,0,annual,0,retry_delayed,0,0.0,0.0,0.0
txn_000899,cust_0465,1,12499.62,upi,USER_ABANDONED,BAD_REQUEST_ERROR,2025-07-23T00:18:45.071180,regular,11,0.734,1216.6,41534.67,whatsapp,1,,4,offer_discount,0,0.0,0.0,1250.06
txn_000900,cust_0496,2,1810.68,upi,INSUFFICIENT_FUNDS,BAD_REQUEST_ERROR,2025-07-14T03:26:51.014905,regular,8,0.939,1624.77,24143.7,email,2,,12,retry_delayed,0,0.0,0.0,0.0
txn_000901,cust_0488,1,3770.32,wallet,INSUFFICIENT_FUNDS,BAD_REQUEST_ERROR,2025-07-23T15:30:10.810741,regular,9,0.715,2276.85,24902.71,upi,3,,3,retry_delayed,1,7.45,0.0,0.0
txn_000902,cust_0129,2,781.21,card,SUSPECTED_FRAUD,BAD_REQUEST_ERROR,2025-07-31T03:09:37.497528,at_risk,10,0.486,455.44,13050.45,email,1,quarterly,5,send_payment_link,0,0.0,0.0,0.5
txn_000903,cust_0014,2,10269.57,netbanking,USER_ABANDONED,BAD_REQUEST_ERROR,2025-07-09T23:25:08.639673,regular,4,0.866,1512.1,40223.09,whatsapp,0,,11,retry_delayed,1,43.65,0.0,0.0
txn_000904,cust_0206,3,4056.88,upi,USER_ABANDONED,BAD_REQUEST_ERROR,2025-07-25T07:16:36.437217,vip,78,0.796,449.15,103404.82,sms,3,monthly,3,offer_discount,1,7.78,405.69,405.79
txn_000905,cust_0115,3,8251.9,upi,USER_ABANDONED,BAD_REQUEST_ERROR,2025-07-09T21:53:37.025433,b2b,2,0.952,611.9,213024.72,email,0,quarterly,2,sms_reminder,0,0.0,0.0,0.25
txn_000906,cust_0069,2,6349.38,upi,INSUFFICIENT_FUNDS,BAD_REQUEST_ERROR,2025-07-08T12:02:39.501955,vip,2,0.811,851.65,143159.24,email,3,,10,offer_discount,0,0.0,0.0,762.03
txn_000907,cust_0468,2,697.59,card,SUBSCRIPTION_MANDATE_FAILURE,BAD_REQUEST_ERROR,2025-07-24T13:41:22.937400,regular,28,0.842,2292.9,15572.55,whatsapp,2,monthly,27,whatsapp_nudge,0,0.0,0.0,1.5
txn_000908,cust_0104,3,2195.91,card,INVALID_DETAILS,BAD_REQUEST_ERROR,2025-07-28T18:25:26.788359,regular,11,0.893,1251.97,32885.08,email,0,,7,switch_to_upi,1,3.02,0.0,0.0
txn_000909,cust_0376,1,973.95,card,BANK_DOWNTIME,BAD_REQUEST_ERROR,2025-07-12T00:04:34.526455,at_risk,32,0.344,1259.18,18990.95,whatsapp,3,monthly,17,retry_delayed,0,0.0,0.0,0.0
txn_000910,cust_0168,1,25437.41,netbanking,INSUFFICIENT_FUNDS,BAD_REQUEST_ERROR,2025-07-10T07:27:36.155611,vip,10,0.953,431.33,180425.35,sms,3,,43,sms_reminder,0,0.0,0.0,0.25
txn_000911,cust_0175,1,11762.6,card,EXPIRED_CARD,BAD_REQUEST_ERROR,2025-07-11T03:38:55.647361,regular,39,0.776,803.96,49352.95,whatsapp,0,,12,switch_to_upi,0,0.0,0.0,0.0
txn_000912,cust_0451,1,3197.8,netbanking,INSUFFICIENT_FUNDS,BAD_REQUEST_ERROR,2025-07-27T12:16:29.092477,regular,8,0.715,3109.75,13051.62,sms,2,monthly,7,send_payment_link,0,0.0,0.0,0.5
txn_000913,cust_0425,1,1313.73,card,INVALID_DETAILS,BAD_REQUEST_ERROR,2025-07-09T17:14:55.087664,regular,96,0.892,1105.53,17369.47,sms,2,monthly,14,email_reminder,0,0.0,0.0,0.1
txn_000914,cust_0215,3,3658.03,upi,USER_ABANDONED,BAD_REQUEST_ERROR,2025-07-27T19:59:57.005418,regular,1,0.718,2465.56,18460.63,sms,0,monthly,6,offer_discount,0,0.0,0.0,183.0
txn_000915,cust_0152,1,3215.13,nach,SUBSCRIPTION_MANDATE_FAILURE,BAD_REQUEST_ERROR,2025-07-26T07:57:12.225922,new,17,0.804,201.95,4254.73,whatsapp,2,monthly,13,switch_to_upi,1,1.98,0.0,0.0
txn_000916,cust_0436,1,7971.66,card,SUBSCRIPTION_MANDATE_FAILURE,BAD_REQUEST_ERROR,2025-07-26T13:04:19.945370,regular,10,0.82,1263.61,44370.37,sms,3,monthly,4,send_payment_link,0,0.0,0.0,0.5
txn_000917,cust_0499,3,7178.53,card,INSUFFICIENT_FUNDS,BAD_REQUEST_ERROR,2025-07-05T08:48:17.421507,regular,4,0.766,3688.36,6905.28,sms,0,,14,retry_delayed,0,0.0,0.0,0.0
txn_000918,cust_0240,3,3395.29,upi,AUTH_OTP_FAILURE,BAD_REQUEST_ERROR,2025-07-25T06:46:45.539797,new,35,0.802,8502.55,6367.86,email,2,,27,switch_to_upi,0,0.0,0.0,0.0
txn_000919,cust_0202,3,374.24,netbanking,USER_ABANDONED,BAD_REQUEST_ERROR,2025-07-07T22:28:36.191274,regular,1,0.815,1247.68,23637.99,upi,2,monthly,4,retry_now,0,0.0,0.0,0.0
txn_000920,cust_0135,3,531.28,wallet,AUTH_OTP_FAILURE,GATEWAY_ERROR,2025-07-13T06:47:35.206560,regular,5,0.786,15925.52,7849.78,sms,3,monthly,10,send_payment_link,0,0.0,0.0,0.5
txn_000921,cust_0496,2,1985.09,netbanking,INVALID_DETAILS,BAD_REQUEST_ERROR,2025-07-07T00:17:08.675875,regular,8,0.939,1624.77,24143.7,email,2,,12,send_payment_link,0,0.0,0.0,0.5
txn_000922,cust_0031,3,9967.52,netbanking,INSUFFICIENT_FUNDS,BAD_REQUEST_ERROR,2025-07-25T03:30:28.003102,vip,18,0.718,2961.9,183594.41,sms,1,,17,retry_delayed,0,0.0,0.0,0.0
txn_000923,cust_0422,3,443.05,card,EXPIRED_CARD,BAD_REQUEST_ERROR,2025-07-24T03:49:25.639613,at_risk,4,0.432,4832.88,3318.28,email,2,,6,switch_to_upi,0,0.0,0.0,0.0
txn_000924,cust_0308,1,11658.64,wallet,BANK_DOWNTIME,SERVER_ERROR,2025-07-25T15:05:37.627763,vip,8,0.975,538.95,271204.6,email,2,quarterly,7,retry_delayed,1,27.07,0.0,0.0
txn_000925,cust_0410,1,5604.56,netbanking,INVALID_DETAILS,BAD_REQUEST_ERROR,2025-07-02T11:06:47.562474,regular,48,0.566,937.79,42890.88,email,2,monthly,4,whatsapp_nudge,0,0.0,0.0,1.5
txn_000926,cust_0427,3,1856.38,card,EXPIRED_CARD,BAD_REQUEST_ERROR,2025-07-22T14:37:15.379865,at_risk,13,0.499,1567.94,1706.05,sms,0,,28,whatsapp_nudge,1,5.3,0.0,1.5
txn_000927,cust_0301,3,9654.01,upi,INSUFFICIENT_FUNDS,BAD_REQUEST_ERROR,2025-07-10T01:15:36.446984,regular,14,0.664,1812.02,19877.02,sms,2,,35,send_payment_link,0,0.0,0.0,0.5
txn_000928,cust_0484,2,2888.26,wallet,AUTH_OTP_FAILURE,BAD_REQUEST_ERROR,2025-07-10T21:18:34.886202,new,1,0.8,3194.2,6901.97,whatsapp,0,monthly,14,send_payment_link,0,0.0,0.0,0.5
txn_000929,cust_0486,2,1608.55,netbanking,INSUFFICIENT_FUNDS,BAD_REQUEST_ERROR,2025-07-11T08:36:00.347952,regular,1,0.64,195.69,12655.6,whatsapp,2,,18,send_payment_link,0,0.0,0.0,0.5
txn_000930,cust_0151,3,5281.31,netbanking,USER_ABANDONED,BAD_REQUEST_ERROR,2025-07-06T09:50:59.912767,at_risk,20,0.131,912.67,8188.04,email,2,,3,sms_reminder,0,0.0,0.0,0.25
txn_000931,cust_0027,3,3370.1,card,INSUFFICIENT_FUNDS,BAD_REQUEST_ERROR,2025-07-09T09:04:25.955077,regular,3,0.784,7244.7,19309.6,email,0,annual,11,send_payment_link,0,0.0,0.0,0.5
txn_000932,cust_0040,3,216.69,netbanking,INSUFFICIENT_FUNDS,BAD_REQUEST_ERROR,2025-07-17T04:59:04.836997,at_risk,59,0.45,231.42,4765.88,whatsapp,3,,5,offer_discount,0,0.0,0.0,17.44
txn_000933,cust_0155,3,24469.09,card,AUTH_OTP_FAILURE,BAD_REQUEST_ERROR,2025-07-16T19:57:01.042135,b2b,5,0.811,4494.49,863890.82,sms,3,,11,email_reminder,0,0.0,0.0,0.1
txn_000934,cust_0215,3,1631.25,nach,MERCHANT_INTEGRATION_ERROR,SERVER_ERROR,2025-07-12T09:20:49.104830,regular,1,0.718,2465.56,18460.63,sms,0,,6,retry_delayed,1,2.67,0.0,0.0
txn_000935,cust_0335,2,2884.4,card,INVALID_DETAILS,BAD_REQUEST_ERROR,2025-07-30T04:04:10.890456,regular,17,0.5,316.1,37511.5,sms,1,,21,sms_reminder,0,0.0,0.0,0.25
txn_000936,cust_0341,3,637.45,nach,SUBSCRIPTION_MANDATE_FAILURE,BAD_REQUEST_ERROR,2025-07-21T21:54:23.528242,regular,26,0.805,1695.81,16118.04,email,1,monthly,13,escalate_human,1,36.15,0.0,50.0
txn_000937,cust_0466,1,38804.34,card,EXPIRED_CARD,BAD_REQUEST_ERROR,2025-07-16T02:02:18.041371,b2b,1,0.913,643.44,295888.99,email,2,annual,7,send_payment_link,0,0.0,0.0,0.5
txn_000938,cust_0124,2,2826.08,upi,AUTH_OTP_FAILURE,BAD_REQUEST_ERROR,2025-07-05T13:13:42.626123,at_risk,27,0.433,3024.74,8088.15,whatsapp,2,quarterly,81,email_reminder,0,0.0,0.0,0.1
txn_000939,cust_0339,3,1306.54,upi,USER_ABANDONED,BAD_REQUEST_ERROR,2025-07-05T04:21:15.326437,at_risk,24,0.192,264.64,13776.35,whatsapp,0,quarterly,23,offer_discount,1,10.9,104.52,104.62
txn_000940,cust_0475,3,396.87,card,SUSPECTED_FRAUD,BAD_REQUEST_ERROR,2025-07-25T13:15:32.482453,new,6,0.93,201.1,9364.21,sms,0,,1,escalate_human,0,0.0,0.0,50.0
txn_000941,cust_0190,2,2948.67,upi,INSUFFICIENT_FUNDS,BAD_REQUEST_ERROR,2025-07-14T20:30:04.908506,regular,17,0.644,1218.58,20517.41,whatsapp,1,,1,retry_delayed,1,38.91,0.0,0.0
txn_000942,cust_0248,3,3113.55,emi,BANK_DOWNTIME,SERVER_ERROR,2025-07-06T00:36:31.027793,at_risk,12,0.257,159.2,14858.8,sms,3,,15,retry_delayed,0,0.0,0.0,0.0
txn_000943,cust_0049,3,9310.41,upi,AUTH_OTP_FAILURE,GATEWAY_ERROR,2025-07-24T23:49:23.113681,regular,10,0.946,180.73,19125.2,whatsapp,1,,14,email_reminder,1,21.35,0.0,0.1
txn_000944,cust_0035,1,4418.57,card,SUBSCRIPTION_MANDATE_FAILURE,BAD_REQUEST_ERROR,2025-07-26T09:58:29.188100,b2b,9,0.806,1450.2,327493.82,whatsapp,3,monthly,39,sms_reminder,0,0.0,0.0,0.25
txn_000945,cust_0151,3,1702.48,card,EXPIRED_CARD,BAD_REQUEST_ERROR,2025-07-14T09:39:14.314129,at_risk,20,0.131,912.67,8188.04,email,1,monthly,3,escalate_human,0,0.0,0.0,50.0
txn_000946,cust_0063,2,9726.96,card,INSUFFICIENT_FUNDS,BAD_REQUEST_ERROR,2025-07-02T23:08:17.174685,vip,15,0.963,889.8,413344.22,whatsapp,1,,6,offer_discount,1,3.51,972.7,972.8
txn_000947,cust_0288,3,10703.32,emi,USER_ABANDONED,BAD_REQUEST_ERROR,2025-07-25T12:50:48.084881,b2b,24,0.796,661.57,741230.44,sms,0,,12,offer_discount,0,0.0,0.0,535.27
txn_000948,cust_0008,1,256.13,upi,INVALID_DETAILS,BAD_REQUEST_ERROR,2025-07-10T00:34:35.043798,new,39,0.838,1897.19,3173.15,whatsapp,2,annual,2,offer_discount,1,6.14,12.81,12.91
txn_000949,cust_0345,1,7801.35,card,EXPIRED_CARD,BAD_REQUEST_ERROR,2025-07-28T10:18:14.107330,regular,8,0.885,628.83,6750.99,email,2,monthly,17,send_payment_link,0,0.0,0.0,0.5
txn_000950,cust_0187,3,11715.76,card,INVALID_DETAILS,BAD_REQUEST_ERROR,2025-07-27T11:51:18.659816,regular,3,0.825,826.04,42922.94,email,0,,7,switch_to_upi,0,0.0,0.0,0.0
txn_000951,cust_0198,2,49201.79,upi,BANK_DOWNTIME,BAD_REQUEST_ERROR,2025-07-12T12:27:17.732599,b2b,2,0.765,234.31,602691.13,email,3,,7,whatsapp_nudge,0,0.0,0.0,1.5
txn_000952,cust_0058,3,6578.39,netbanking,USER_ABANDONED,BAD_REQUEST_ERROR,2025-07-06T07:13:43.035604,b2b,12,0.922,659.63,1970698.35,email,2,,15,retry_delayed,1,4.63,0.0,0.0
txn_000953,cust_0257,3,151.69,netbanking,BANK_DOWNTIME,GATEWAY_ERROR,2025-07-07T00:13:22.642683,new,2,0.884,822.44,8521.88,whatsapp,2,monthly,6,retry_delayed,1,15.29,0.0,0.0
txn_000954,cust_0121,3,29646.16,card,AUTH_OTP_FAILURE,GATEWAY_ERROR,2025-07-05T09:03:04.063462,regular,24,0.803,1033.32,20557.89,whatsapp,2,,5,retry_delayed,0,0.0,0.0,0.0
txn_000955,cust_0414,1,3296.34,card,INSUFFICIENT_FUNDS,BAD_REQUEST_ERROR,2025-07-15T14:01:53.663961,regular,1,0.611,130.92,13403.58,sms,1,,11,sms_reminder,0,0.0,0.0,0.25
txn_000956,cust_0004,1,2295.66,upi,SUBSCRIPTION_MANDATE_FAILURE,BAD_REQUEST_ERROR,2025-07-02T06:31:32.669493,regular,7,0.934,2675.54,21670.69,sms,0,monthly,20,send_payment_link,0,0.0,0.0,0.5
txn_000957,cust_0115,3,266774.71,wallet,INSUFFICIENT_FUNDS,BAD_REQUEST_ERROR,2025-07-10T18:53:18.901108,b2b,2,0.952,611.9,213024.72,email,1,,2,whatsapp_nudge,0,0.0,0.0,1.5
txn_000958,cust_0012,1,1057.84,upi,MERCHANT_INTEGRATION_ERROR,SERVER_ERROR,2025-07-10T13:25:47.609139,at_risk,18,0.393,1427.95,14669.8,whatsapp,1,quarterly,13,retry_delayed,1,9.87,0.0,0.0
txn_000959,cust_0496,2,7312.91,upi,USER_ABANDONED,BAD_REQUEST_ERROR,2025-07-22T17:09:41.633997,regular,8,0.939,1624.77,24143.7,email,1,monthly,12,sms_reminder,0,0.0,0.0,0.25
txn_000960,cust_0127,1,1054.79,card,BANK_DOWNTIME,SERVER_ERROR,2025-07-11T10:16:43.236672,regular,22,0.778,1558.56,25865.41,whatsapp,2,,5,retry_delayed,0,0.0,0.0,0.0
txn_000961,cust_0127,1,9380.16,upi,SUBSCRIPTION_MANDATE_FAILURE,BAD_REQUEST_ERROR,2025-07-29T13:17:30.715949,regular,22,0.778,1558.56,25865.41,whatsapp,3,monthly,5,send_payment_link,0,0.0,0.0,0.5
txn_000962,cust_0263,1,15264.21,netbanking,INSUFFICIENT_FUNDS,BAD_REQUEST_ERROR,2025-07-05T23:31:14.586394,vip,10,0.761,310.32,103560.87,upi,0,monthly,0,switch_to_upi,1,1.38,0.0,0.0
txn_000963,cust_0260,3,1924.72,card,SUSPECTED_FRAUD,BAD_REQUEST_ERROR,2025-07-17T17:11:51.280269,at_risk,11,0.2,3817.09,1928.63,email,1,,6,escalate_human,0,0.0,0.0,50.0
txn_000964,cust_0360,3,541.18,upi,BANK_DOWNTIME,SERVER_ERROR,2025-07-13T10:52:21.896006,regular,8,0.831,647.19,21503.44,sms,2,quarterly,5,escalate_human,0,0.0,0.0,50.0
txn_000965,cust_0066,2,6972.78,nach,INSUFFICIENT_FUNDS,BAD_REQUEST_ERROR,2025-07-22T17:39:32.137372,regular,17,0.798,2321.81,11994.87,whatsapp,3,,11,retry_delayed,0,0.0,0.0,0.0
txn_000966,cust_0221,1,1435.49,wallet,USER_ABANDONED,BAD_REQUEST_ERROR,2025-07-25T11:53:12.746357,regular,17,0.804,1702.07,27529.74,sms,2,annual,10,offer_discount,1,4.14,71.77,71.87
txn_000967,cust_0227,1,12820.85,upi,SUSPECTED_FRAUD,BAD_REQUEST_ERROR,2025-07-26T05:35:45.012757,b2b,7,0.855,1154.19,335303.0,sms,0,monthly,16,escalate_human,0,0.0,0.0,50.0
txn_000968,cust_0306,3,7477.87,emi,BANK_DOWNTIME,GATEWAY_ERROR,2025-07-12T08:41:39.786706,vip,20,0.642,1834.92,338747.18,whatsapp,1,,22,whatsapp_nudge,0,0.0,0.0,1.5
txn_000969,cust_0475,3,702.98,netbanking,BANK_DOWNTIME,GATEWAY_ERROR,2025-07-22T23:38:51.995053,new,6,0.93,201.1,9364.21,sms,3,,1,retry_delayed,1,22.44,0.0,0.0
txn_000970,cust_0032,3,3959.94,upi,INSUFFICIENT_FUNDS,BAD_REQUEST_ERROR,2025-07-17T04:36:29.694386,vip,20,0.772,9747.59,179670.03,email,0,annual,1,retry_delayed,1,21.4,0.0,0.0
txn_000971,cust_0137,3,1594.34,nach,SUBSCRIPTION_MANDATE_FAILURE,BAD_REQUEST_ERROR,2025-07-15T09:32:50.689973,regular,60,0.793,386.9,34393.63,email,0,annual,34,send_payment_link,0,0.0,0.0,0.5
txn_000972,cust_0042,1,1299.88,upi,INSUFFICIENT_FUNDS,BAD_REQUEST_ERROR,2025-07-07T06:24:23.988648,at_risk,17,0.181,1757.05,3949.05,whatsapp,0,monthly,20,offer_discount,0,0.0,0.0,65.09
txn_000973,cust_0048,2,755.69,card,INSUFFICIENT_FUNDS,BAD_REQUEST_ERROR,2025-07-04T03:55:37.913807,regular,63,0.769,777.82,28412.38,email,0,monthly,13,send_payment_link,0,0.0,0.0,0.5
txn_000974,cust_0104,3,1464.07,card,BANK_DOWNTIME,BAD_REQUEST_ERROR,2025-07-03T08:14:35.923134,regular,11,0.893,1251.97,32885.08,email,1,,7,send_payment_link,0,0.0,0.0,0.5
txn_000975,cust_0132,1,12031.87,card,SUBSCRIPTION_MANDATE_FAILURE,BAD_REQUEST_ERROR,2025-07-15T00:18:34.055137,vip,38,0.753,6427.45,423508.63,upi,2,monthly,4,escalate_human,0,0.0,0.0,50.0
txn_000976,cust_0001,3,6793.43,card,EXPIRED_CARD,BAD_REQUEST_ERROR,2025-07-08T04:04:38.805763,at_risk,36,0.655,394.0,9338.69,email,0,monthly,1,escalate_human,0,0.0,0.0,50.0
txn_000977,cust_0188,2,19477.26,wallet,SUSPECTED_FRAUD,BAD_REQUEST_ERROR,2025-07-03T06:05:20.595473,new,8,0.826,8399.3,3222.64,email,3,monthly,8,send_payment_link,0,0.0,0.0,0.5
txn_000978,cust_0336,1,735.83,card,EXPIRED_CARD,BAD_REQUEST_ERROR,2025-07-07T13:31:49.024429,new,12,0.79,2411.93,921.77,whatsapp,0,monthly,33,email_reminder,1,41.1,0.0,0.1
txn_000979,cust_0177,3,1642.81,card,EXPIRED_CARD,BAD_REQUEST_ERROR,2025-07-19T01:11:54.083642,regular,10,0.744,1758.21,12965.06,sms,2,,21,sms_reminder,0,0.0,0.0,0.25
txn_000980,cust_0336,1,704.49,card,EXPIRED_CARD,BAD_REQUEST_ERROR,2025-07-06T00:20:48.089323,new,12,0.79,2411.93,921.77,whatsapp,2,quarterly,33,switch_to_upi,1,1.92,0.0,0.0
txn_000981,cust_0235,3,4427.32,nach,SUSPECTED_FRAUD,BAD_REQUEST_ERROR,2025-07-26T17:01:25.801520,new,12,0.665,241.94,9433.34,email,0,,63,escalate_human,0,0.0,0.0,50.0
txn_000982,cust_0250,2,2557.69,netbanking,SUSPECTED_FRAUD,BAD_REQUEST_ERROR,2025-07-13T18:06:08.210305,at_risk,8,0.18,485.52,2332.17,whatsapp,2,monthly,16,escalate_human,1,70.01,0.0,50.0
txn_000983,cust_0016,1,2350.43,upi,INSUFFICIENT_FUNDS,BAD_REQUEST_ERROR,2025-07-21T23:03:54.284584,at_risk,21,0.262,2999.46,3047.08,sms,2,quarterly,11,email_reminder,0,0.0,0.0,0.1
txn_000984,cust_0008,1,1680.27,netbanking,USER_ABANDONED,BAD_REQUEST_ERROR,2025-07-22T17:42:24.279562,new,39,0.838,1897.19,3173.15,whatsapp,2,,2,whatsapp_nudge,1,2.91,0.0,1.5
txn_000985,cust_0194,2,431.78,upi,BANK_DOWNTIME,SERVER_ERROR,2025-07-29T06:18:52.540042,at_risk,41,0.465,2655.01,8407.9,whatsapp,1,quarterly,6,send_payment_link,0,0.0,0.0,0.5
txn_000986,cust_0446,3,1718.15,card,EXPIRED_CARD,BAD_REQUEST_ERROR,2025-07-25T10:17:50.920359,regular,3,0.811,22580.69,5272.62,whatsapp,3,monthly,48,send_payment_link,1,11.93,0.0,0.5
txn_000987,cust_0474,1,4088.54,nach,SUBSCRIPTION_MANDATE_FAILURE,BAD_REQUEST_ERROR,2025-07-22T16:48:38.689752,regular,79,0.99,494.71,27758.02,email,0,monthly,2,escalate_human,0,0.0,0.0,50.0
txn_000988,cust_0059,2,15767.58,upi,INSUFFICIENT_FUNDS,BAD_REQUEST_ERROR,2025-07-14T05:06:08.031544,b2b,24,0.701,2739.45,983449.57,upi,3,,0,retry_delayed,1,31.46,0.0,0.0
txn_000989,cust_0031,3,4429.63,wallet,BANK_DOWNTIME,BAD_REQUEST_ERROR,2025-07-17T11:00:09.545516,vip,18,0.718,2961.9,183594.41,sms,2,,17,retry_now,0,0.0,0.0,0.0
txn_000990,cust_0281,2,4805.08,nach,BANK_DOWNTIME,GATEWAY_ERROR,2025-07-11T20:54:46.642184,new,20,0.351,5005.0,8377.6,email,0,,6,retry_now,0,0.0,0.0,0.0
txn_000991,cust_0399,3,2402.62,card,EXPIRED_CARD,BAD_REQUEST_ERROR,2025-07-28T23:43:53.317499,regular,38,0.911,1793.5,41697.62,email,2,,6,switch_to_upi,1,0.66,0.0,0.0
txn_000992,cust_0453,1,968.36,card,BANK_DOWNTIME,SERVER_ERROR,2025-07-17T10:12:20.905990,new,4,0.806,1035.56,6731.2,whatsapp,0,,1,switch_to_upi,0,0.0,0.0,0.0
txn_000993,cust_0338,2,3756.27,nach,INVALID_DETAILS,BAD_REQUEST_ERROR,2025-07-13T18:41:01.205060,regular,9,0.781,1356.22,12188.23,sms,3,monthly,22,switch_to_upi,0,0.0,0.0,0.0
txn_000994,cust_0363,3,110365.48,card,INSUFFICIENT_FUNDS,BAD_REQUEST_ERROR,2025-07-31T03:56:20.405242,b2b,23,0.761,1573.94,174706.83,whatsapp,0,monthly,7,send_payment_link,0,0.0,0.0,0.5
txn_000995,cust_0071,1,3006.76,upi,BANK_DOWNTIME,BAD_REQUEST_ERROR,2025-07-09T23:36:39.820754,regular,1,0.74,1325.76,46867.31,upi,3,,1,escalate_human,0,0.0,0.0,50.0
txn_000996,cust_0337,2,2336.77,upi,AUTH_OTP_FAILURE,BAD_REQUEST_ERROR,2025-07-14T10:57:28.309939,new,9,0.709,7139.68,1860.37,upi,2,monthly,37,send_payment_link,0,0.0,0.0,0.5
txn_000997,cust_0023,2,3408.28,card,USER_ABANDONED,BAD_REQUEST_ERROR,2025-07-22T02:26:15.677865,b2b,22,0.872,500.21,1232480.85,sms,3,,9,retry_delayed,0,0.0,0.0,0.0
txn_000998,cust_0419,1,8537.81,card,AUTH_OTP_FAILURE,BAD_REQUEST_ERROR,2025-07-17T17:26:13.017444,regular,43,0.532,2609.02,42282.36,email,2,,11,send_payment_link,0,0.0,0.0,0.5
txn_000999,cust_0099,1,4449.95,nach,SUBSCRIPTION_MANDATE_FAILURE,BAD_REQUEST_ERROR,2025-07-18T16:58:02.358126,b2b,10,0.958,4560.38,484792.58,whatsapp,0,monthly,16,escalate_human,1,55.11,0.0,50.0
txn_001000,cust_0194,2,927.32,nach,SUBSCRIPTION_MANDATE_FAILURE,BAD_REQUEST_ERROR,2025-07-26T11:37:35.618571,at_risk,41,0.465,2655.01,8407.9,whatsapp,2,monthly,6,send_payment_link,0,0.0,0.0,0.5
txn_001001,cust_0392,2,1020.49,card,INSUFFICIENT_FUNDS,BAD_REQUEST_ERROR,2025-07-30T13:46:04.337498,at_risk,6,0.538,2781.94,6316.12,email,3,annual,1,offer_discount,0,0.0,0.0,51.12
txn_001002,cust_0321,2,23964.46,card,USER_ABANDONED,BAD_REQUEST_ERROR,2025-07-16T13:16:50.217561,vip,2,0.769,359.97,300919.37,email,1,,1,retry_delayed,0,0.0,0.0,0.0
txn_001003,cust_0105,3,833.27,card,SUSPECTED_FRAUD,BAD_REQUEST_ERROR,2025-07-10T18:56:36.252544,new,2,0.805,4776.92,8409.03,upi,1,,0,escalate_human,0,0.0,0.0,50.0
txn_001004,cust_0320,2,4655.95,card,USER_ABANDONED,BAD_REQUEST_ERROR,2025-07-07T02:30:31.110929,at_risk,22,0.344,1815.99,7503.11,upi,3,,37,offer_discount,1,1.27,465.6,465.7
txn_001005,cust_0107,1,1351.55,upi,INSUFFICIENT_FUNDS,BAD_REQUEST_ERROR,2025-07-11T18:47:30.827125,at_risk,15,0.695,4274.48,8916.65,upi,0,quarterly,1,offer_discount,0,0.0,0.0,108.22
txn_001006,cust_0108,1,1884.62,upi,USER_ABANDONED,BAD_REQUEST_ERROR,2025-07-07T17:50:21.208628,regular,1,0.848,9187.6,8038.33,sms,3,,3,offer_discount,1,3.13,94.23,94.33
txn_001007,cust_0009,2,10578.33,upi,INSUFFICIENT_FUNDS,BAD_REQUEST_ERROR,2025-07-09T18:46:48.962667,new,26,0.844,974.4,1355.45,whatsapp,0,quarterly,3,retry_delayed,0,0.0,0.0,0.0
txn_001008,cust_0345,1,22320.94,card,INSUFFICIENT_FUNDS,BAD_REQUEST_ERROR,2025-07-14T00:10:14.657384,regular,8,0.885,628.83,6750.99,email,0,,17,send_payment_link,1,3.98,0.0,0.5
txn_001009,cust_0332,1,3301.75,nach,INSUFFICIENT_FUNDS,BAD_REQUEST_ERROR,2025-07-03T04:03:14.907623,at_risk,11,0.103,2282.19,17409.96,whatsapp,2,monthly,51,retry_delayed,0,0.0,0.0,0.0
txn_001010,cust_0203,3,6542.74,nach,SUBSCRIPTION_MANDATE_FAILURE,BAD_REQUEST_ERROR,2025-07-18T14:53:40.930421,regular,4,0.776,1820.28,19751.35,whatsapp,0,monthly,5,email_reminder,0,0.0,0.0,0.1
txn_001011,cust_0474,1,2947.63,upi,AUTH_OTP_FAILURE,GATEWAY_ERROR,2025-07-06T16:08:42.904173,regular,79,0.99,494.71,27758.02,email,0,,2,send_payment_link,0,0.0,0.0,0.5
txn_001012,cust_0477,2,665.4,wallet,USER_ABANDONED,BAD_REQUEST_ERROR,2025-07-01T19:19:14.575332,at_risk,1,0.477,557.44,9560.26,sms,0,monthly,3,email_reminder,0,0.0,0.0,0.1
txn_001013,cust_0163,1,3852.78,wallet,INSUFFICIENT_FUNDS,BAD_REQUEST_ERROR,2025-07-29T09:14:47.449977,b2b,30,0.341,900.78,1449032.07,email,3,,49,retry_delayed,0,0.0,0.0,0.0
txn_001014,cust_0137,3,5232.12,upi,INSUFFICIENT_FUNDS,BAD_REQUEST_ERROR,2025-07-17T18:13:18.918862,regular,60,0.793,386.9,34393.63,email,3,monthly,34,offer_discount,0,0.0,0.0,418.67
txn_001015,cust_0306,3,9802.29,nach,USER_ABANDONED,BAD_REQUEST_ERROR,2025-07-23T08:50:32.509506,vip,20,0.642,1834.92,338747.18,whatsapp,1,,22,whatsapp_nudge,0,0.0,0.0,1.5
txn_001016,cust_0105,3,16883.78,wallet,INVALID_DETAILS,BAD_REQUEST_ERROR,2025-07-10T21:24:05.702769,new,2,0.805,4776.92,8409.03,upi,2,,0,sms_reminder,0,0.0,0.0,0.25
txn_001017,cust_0336,1,20638.93,card,SUBSCRIPTION_MANDATE_FAILURE,BAD_REQUEST_ERROR,2025-07-17T08:30:26.059089,new,12,0.79,2411.93,921.77,whatsapp,3,monthly,33,send_payment_link,0,0.0,0.0,0.5
txn_001018,cust_0357,2,1537.29,netbanking,USER_ABANDONED,BAD_REQUEST_ERROR,2025-07-30T13:25:18.012059,regular,110,0.853,620.86,35862.37,whatsapp,0,,12,whatsapp_nudge,0,0.0,0.0,1.5
txn_001019,cust_0209,3,6770.48,card,INVALID_DETAILS,BAD_REQUEST_ERROR,2025-07-25T08:29:58.466147,regular,2,0.755,2119.17,34495.67,whatsapp,0,annual,8,escalate_human,0,0.0,0.0,50.0
txn_001020,cust_0071,1,1025.95,card,INSUFFICIENT_FUNDS,BAD_REQUEST_ERROR,2025-07-30T07:57:20.159463,regular,1,0.74,1325.76,46867.31,upi,0,,1,offer_discount,1,8.19,51.3,51.4
txn_001021,cust_0277,1,3244.63,upi,INSUFFICIENT_FUNDS,BAD_REQUEST_ERROR,2025-07-02T04:45:31.127906,regular,1,0.917,2893.6,12066.15,whatsapp,3,,22,send_payment_link,0,0.0,0.0,0.5
txn_001022,cust_0494,1,7850.91,card,SUBSCRIPTION_MANDATE_FAILURE,BAD_REQUEST_ERROR,2025-07-10T03:04:42.231351,regular,8,0.795,348.0,32380.27,whatsapp,3,monthly,12,offer_discount,0,0.0,0.0,785.19
txn_001023,cust_0150,3,7365.3,upi,SUBSCRIPTION_MANDATE_FAILURE,BAD_REQUEST_ERROR,2025-07-06T23:02:27.965286,vip,8,0.762,1130.21,416513.24,whatsapp,3,monthly,7,send_payment_link,1,3.06,0.0,0.5
txn_001024,cust_0074,3,678.05,upi,SUBSCRIPTION_MANDATE_FAILURE,BAD_REQUEST_ERROR,2025-07-23T02:06:08.670655,at_risk,11,0.383,1212.39,12413.94,whatsapp,3,annual,3,escalate_human,0,0.0,0.0,50.0
txn_001025,cust_0101,3,944.79,upi,AUTH_OTP_FAILURE,BAD_REQUEST_ERROR,2025-07-02T02:37:09.898567,regular,20,0.691,858.44,33449.11,sms,1,quarterly,11,email_reminder,1,27.91,0.0,0.1
txn_001026,cust_0268,3,45860.5,upi,INSUFFICIENT_FUNDS,BAD_REQUEST_ERROR,2025-07-09T12:27:55.559737,vip,31,0.82,803.09,244256.49,email,3,monthly,0,escalate_human,1,32.53,0.0,50.0
txn_001027,cust_0281,2,29368.27,card,SUSPECTED_FRAUD,BAD_REQUEST_ERROR,2025-07-21T20:08:38.503398,new,20,0.351,5005.0,8377.6,email,3,quarterly,6,escalate_human,0,0.0,0.0,50.0
txn_001028,cust_0098,2,2306.69,wallet,INSUFFICIENT_FUNDS,BAD_REQUEST_ERROR,2025-07-26T22:00:55.162206,regular,32,0.747,2306.86,40016.81,email,1,quarterly,10,send_payment_link,1,14.05,0.0,0.5
txn_001029,cust_0379,3,1444.52,card,INSUFFICIENT_FUNDS,BAD_REQUEST_ERROR,2025-07-15T06:49:25.079658,at_risk,9,0.448,167.93,6567.72,whatsapp,2,,1,whatsapp_nudge,0,0.0,0.0,1.5
txn_001030,cust_0493,3,1312.7,upi,SUSPECTED_FRAUD,BAD_REQUEST_ERROR,2025-07-04T18:20:04.037951,vip,41,0.983,1355.8,130003.75,email,1,,13,escalate_human,0,0.0,0.0,50.0
txn_001031,cust_0119,1,793.02,upi,INSUFFICIENT_FUNDS,BAD_REQUEST_ERROR,2025-07-08T01:37:53.744079,regular,2,0.671,579.88,31313.87,whatsapp,1,monthly,3,offer_discount,1,6.23,79.3,79.4
txn_001032,cust_0267,1,6393.21,netbanking,USER_ABANDONED,BAD_REQUEST_ERROR,2025-07-25T14:25:49.699727,vip,1,0.833,962.71,154648.86,whatsapp,0,,33,whatsapp_nudge,1,9.55,0.0,1.5
txn_001033,cust_0201,3,1649.57,card,AUTH_OTP_FAILURE,GATEWAY_ERROR,2025-07-03T07:48:45.788204,new,22,0.571,312.08,9945.56,whatsapp,0,monthly,5,send_payment_link,1,3.49,0.0,0.5
txn_001034,cust_0099,1,4230.04,card,EXPIRED_CARD,BAD_REQUEST_ERROR,2025-07-27T01:17:59.673452,b2b,10,0.958,4560.38,484792.58,whatsapp,3,,16,send_payment_link,0,0.0,0.0,0.5
txn_001035,cust_0283,3,1331.38,upi,USER_ABANDONED,BAD_REQUEST_ERROR,2025-07-31T09:14:37.144995,regular,7,0.74,1061.12,38404.97,whatsapp,2,,20,email_reminder,0,0.0,0.0,0.1
txn_001036,cust_0428,2,1015.09,wallet,USER_ABANDONED,BAD_REQUEST_ERROR,2025-07-15T09:04:02.617696,new,3,0.894,1420.61,5147.68,sms,0,monthly,29,offer_discount,1,8.95,50.75,50.85
txn_001037,cust_0415,1,10973.29,netbanking,USER_ABANDONED,BAD_REQUEST_ERROR,2025-07-09T01:13:55.637899,vip,11,0.834,94.98,422931.89,upi,3,,7,switch_to_upi,0,0.0,0.0,0.0
txn_001038,cust_0046,2,11335.69,upi,AUTH_OTP_FAILURE,BAD_REQUEST_ERROR,2025-07-02T11:59:12.128088,vip,1,0.66,672.84,192668.41,whatsapp,2,monthly,23,send_payment_link,0,0.0,0.0,0.5
txn_001039,cust_0467,2,49054.03,card,SUBSCRIPTION_MANDATE_FAILURE,BAD_REQUEST_ERROR,2025-07-12T19:58:29.531623,regular,15,0.865,1438.38,32685.35,sms,0,monthly,36,escalate_human,0,0.0,0.0,50.0
txn_001040,cust_0270,1,1258.02,upi,USER_ABANDONED,BAD_REQUEST_ERROR,2025-07-17T12:36:24.509704,regular,1,0.685,172.62,28806.77,whatsapp,2,,0,switch_to_upi,0,0.0,0.0,0.0
txn_001041,cust_0251,1,3835.03,upi,INSUFFICIENT_FUNDS,BAD_REQUEST_ERROR,2025-07-29T11:22:53.656690,regular,5,0.566,5561.86,41802.59,email,3,,11,escalate_human,0,0.0,0.0,50.0
txn_001042,cust_0169,3,1411.71,upi,AUTH_OTP_FAILURE,BAD_REQUEST_ERROR,2025-07-18T20:40:53.892037,new,4,0.866,638.0,4744.97,sms,3,monthly,11,send_payment_link,1,19.07,0.0,0.5
txn_001043,cust_0165,1,1105.4,netbanking,INSUFFICIENT_FUNDS,BAD_REQUEST_ERROR,2025-07-03T21:16:00.086277,new,30,0.939,983.34,1177.39,whatsapp,0,,20,offer_discount,0,0.0,0.0,55.37
txn_001044,cust_0002,3,86859.64,netbanking,INSUFFICIENT_FUNDS,BAD_REQUEST_ERROR,2025-07-12T00:48:48.590931,b2b,6,0.805,1032.86,1323343.73,sms,2,,18,escalate_human,0,0.0,0.0,50.0
txn_001045,cust_0174,3,3128.49,card,INSUFFICIENT_FUNDS,BAD_REQUEST_ERROR,2025-07-26T13:30:52.285223,regular,27,0.708,381.62,31210.01,whatsapp,0,,8,whatsapp_nudge,0,0.0,0.0,1.5
txn_001046,cust_0267,1,6615.16,upi,AUTH_OTP_FAILURE,BAD_REQUEST_ERROR,2025-07-26T18:40:46.655862,vip,1,0.833,962.71,154648.86,whatsapp,2,monthly,33,offer_discount,0,0.0,0.0,529.31
txn_001047,cust_0131,2,2919.3,nach,SUBSCRIPTION_MANDATE_FAILURE,BAD_REQUEST_ERROR,2025-07-27T19:52:26.544867,vip,25,0.775,5401.1,228754.99,upi,1,monthly,38,escalate_human,0,0.0,0.0,50.0
txn_001048,cust_0077,1,3570.01,emi,BANK_DOWNTIME,BAD_REQUEST_ERROR,2025-07-11T03:48:40.918176,regular,22,0.972,3755.6,7273.39,email,2,,1,retry_delayed,1,39.47,0.0,0.0
txn_001049,cust_0187,3,1700.7,netbanking,AUTH_OTP_FAILURE,GATEWAY_ERROR,2025-07-19T09:01:00.964221,regular,3,0.825,826.04,42922.94,email,1,,7,retry_delayed,1,29.24,0.0,0.0
txn_001050,cust_0499,3,1742.14,card,SUBSCRIPTION_MANDATE_FAILURE,BAD_REQUEST_ERROR,2025-07-02T16:58:58.609212,regular,4,0.766,3688.36,6905.28,sms,3,monthly,14,sms_reminder,0,0.0,0.0,0.25
txn_001051,cust_0391,3,3748.67,card,USER_ABANDONED,BAD_REQUEST_ERROR,2025-07-10T01:39:18.753021,vip,10,0.851,131.95,267942.01,email,1,monthly,15,send_payment_link,1,9.89,0.0,0.5
txn_001052,cust_0184,3,8153.74,emi,INSUFFICIENT_FUNDS,BAD_REQUEST_ERROR,2025-07-09T15:41:52.036836,regular,13,0.669,675.66,27942.37,email,3,,21,offer_discount,0,0.0,0.0,407.79
txn_001053,cust_0199,2,6128.84,card,USER_ABANDONED,BAD_REQUEST_ERROR,2025-07-05T04:05:37.465784,regular,8,0.939,978.14,20255.35,upi,3,,19,send_payment_link,1,15.72,0.0,0.5
txn_001054,cust_0112,3,5609.6,upi,INVALID_DETAILS,BAD_REQUEST_ERROR,2025-07-27T07:53:49.868248,vip,27,0.419,708.89,180087.61,email,1,,6,send_payment_link,1,5.76,0.0,0.5
txn_001055,cust_0437,3,3707.52,upi,INSUFFICIENT_FUNDS,BAD_REQUEST_ERROR,2025-07-18T14:02:08.853754,new,9,0.78,1593.44,1236.74,whatsapp,3,monthly,11,retry_delayed,0,0.0,0.0,0.0
txn_001056,cust_0173,2,304.5,card,BANK_DOWNTIME,GATEWAY_ERROR,2025-07-05T13:20:43.946505,regular,6,0.841,1523.19,39183.94,email,2,quarterly,19,retry_delayed,0,0.0,0.0,0.0
txn_001057,cust_0034,3,19592.25,card,AUTH_OTP_FAILURE,GATEWAY_ERROR,2025-07-06T19:01:54.622338,vip,5,0.819,7627.01,127081.09,sms,3,,23,switch_to_upi,1,2.38,0.0,0.0
txn_001058,cust_0341,3,2431.36,netbanking,USER_ABANDONED,BAD_REQUEST_ERROR,2025-07-19T17:32:46.426640,regular,26,0.805,1695.81,16118.04,email,2,,13,send_payment_link,1,5.5,0.0,0.5
txn_001059,cust_0486,2,4713.3,card,INSUFFICIENT_FUNDS,BAD_REQUEST_ERROR,2025-07-16T17:03:21.391308,regular,1,0.64,195.69,12655.6,whatsapp,0,monthly,18,offer_discount,0,0.0,0.0,377.16
txn_001060,cust_0050,1,7117.97,upi,SUBSCRIPTION_MANDATE_FAILURE,BAD_REQUEST_ERROR,2025-07-06T07:20:09.670458,b2b,41,0.946,988.99,1991382.5,whatsapp,2,monthly,5,switch_to_upi,0,0.0,0.0,0.0
txn_001061,cust_0069,2,3115.82,wallet,INSUFFICIENT_FUNDS,BAD_REQUEST_ERROR,2025-07-25T12:53:49.641054,vip,2,0.811,851.65,143159.24,email,1,,10,whatsapp_nudge,0,0.0,0.0,1.5
txn_001062,cust_0077,1,417.96,emi,MERCHANT_INTEGRATION_ERROR,SERVER_ERROR,2025-07-02T21:39:41.006414,regular,22,0.972,3755.6,7273.39,email,1,monthly,1,retry_delayed,0,0.0,0.0,0.0
txn_001063,cust_0433,3,6295.54,card,INSUFFICIENT_FUNDS,BAD_REQUEST_ERROR,2025-07-19T06:05:26.181086,regular,17,0.652,1086.51,17207.33,email,0,,19,retry_delayed,1,40.47,0.0,0.0
txn_001064,cust_0163,1,40356.89,wallet,INSUFFICIENT_FUNDS,BAD_REQUEST_ERROR,2025-07-25T23:12:36.465955,b2b,30,0.341,900.78,1449032.07,email,2,,49,retry_delayed,0,0.0,0.0,0.0
txn_001065,cust_0070,3,1143.5,card,BANK_DOWNTIME,BAD_REQUEST_ERROR,2025-07-13T04:52:35.118262,regular,28,0.59,362.32,24409.72,whatsapp,2,monthly,10,retry_delayed,0,0.0,0.0,0.0
txn_001066,cust_0118,3,1126.87,netbanking,INSUFFICIENT_FUNDS,BAD_REQUEST_ERROR,2025-07-16T13:36:57.325617,regular,16,0.94,70.68,47689.05,whatsapp,2,monthly,2,retry_delayed,0,0.0,0.0,0.0
txn_001067,cust_0050,1,30431.8,nach,SUBSCRIPTION_MANDATE_FAILURE,BAD_REQUEST_ERROR,2025-07-30T16:03:48.662584,b2b,41,0.946,988.99,1991382.5,whatsapp,0,monthly,5,retry_delayed,1,17.48,0.0,0.0
txn_001068,cust_0078,2,39780.34,netbanking,INSUFFICIENT_FUNDS,BAD_REQUEST_ERROR,2025-07-23T07:59:46.503821,vip,20,0.713,747.75,299093.38,upi,3,,24,retry_delayed,0,0.0,0.0,0.0
txn_001069,cust_0316,3,2460.78,card,MERCHANT_INTEGRATION_ERROR,SERVER_ERROR,2025-07-25T12:18:45.516422,new,9,0.817,643.75,9196.27,sms,0,annual,54,whatsapp_nudge,0,0.0,0.0,1.5
txn_001070,cust_0174,3,3175.6,nach,USER_ABANDONED,BAD_REQUEST_ERROR,2025-07-24T15:20:09.319031,regular,27,0.708,381.62,31210.01,whatsapp,2,quarterly,8,email_reminder,0,0.0,0.0,0.1
txn_001071,cust_0388,3,9766.62,card,INSUFFICIENT_FUNDS,BAD_REQUEST_ERROR,2025-07-27T01:22:34.940450,regular,8,0.825,515.9,24711.21,whatsapp,0,,7,offer_discount,0,0.0,0.0,1465.09
txn_001072,cust_0354,3,28433.54,nach,INSUFFICIENT_FUNDS,BAD_REQUEST_ERROR,2025-07-07T17:33:49.593157,b2b,8,0.704,2244.72,342976.53,email,0,,6,offer_discount,1,1.52,1421.68,1421.78
txn_001073,cust_0335,2,6099.64,emi,INVALID_DETAILS,BAD_REQUEST_ERROR,2025-07-14T09:29:46.202376,regular,17,0.5,316.1,37511.5,sms,3,monthly,21,escalate_human,0,0.0,0.0,50.0
txn_001074,cust_0192,1,8053.35,card,USER_ABANDONED,BAD_REQUEST_ERROR,2025-07-16T12:05:53.967615,regular,5,0.636,7392.81,42919.46,email,0,monthly,1,offer_discount,0,0.0,0.0,966.5
txn_001075,cust_0009,2,1966.98,card,USER_ABANDONED,BAD_REQUEST_ERROR,2025-07-28T10:47:04.094626,new,26,0.844,974.4,1355.45,whatsapp,0,,3,offer_discount,0,0.0,0.0,295.15
txn_001076,cust_0404,3,1006.19,upi,INSUFFICIENT_FUNDS,BAD_REQUEST_ERROR,2025-07-11T11:56:01.942068,at_risk,12,0.17,491.74,11465.8,sms,2,,7,sms_reminder,0,0.0,0.0,0.25
txn_001077,cust_0055,1,3589.57,card,INSUFFICIENT_FUNDS,BAD_REQUEST_ERROR,2025-07-19T10:16:19.226815,at_risk,3,0.348,905.44,7471.23,email,2,,62,sms_reminder,0,0.0,0.0,0.25
txn_001078,cust_0273,3,21048.28,netbanking,INSUFFICIENT_FUNDS,BAD_REQUEST_ERROR,2025-07-06T00:07:22.411113,vip,2,0.861,1275.89,255311.29,email,3,,21,escalate_human,1,21.58,0.0,50.0
txn_001079,cust_0091,3,7411.55,card,BANK_DOWNTIME,BAD_REQUEST_ERROR,2025-07-10T12:59:56.976467,vip,7,0.844,1551.89,143472.76,whatsapp,0,,5,retry_delayed,1,10.21,0.0,0.0
txn_001080,cust_0494,1,2704.62,card,SUSPECTED_FRAUD,BAD_REQUEST_ERROR,2025-07-02T06:07:29.979658,regular,8,0.795,348.0,32380.27,whatsapp,2,monthly,12,escalate_human,0,0.0,0.0,50.0
txn_001081,cust_0493,3,26697.36,upi,SUBSCRIPTION_MANDATE_FAILURE,BAD_REQUEST_ERROR,2025-07-11T05:02:49.647615,vip,41,0.983,1355.8,130003.75,email,1,monthly,13,switch_to_upi,1,2.45,0.0,0.0
txn_001082,cust_0001,3,476.32,card,INSUFFICIENT_FUNDS,BAD_REQUEST_ERROR,2025-07-03T05:20:33.082424,at_risk,36,0.655,394.0,9338.69,email,0,,1,send_payment_link,0,0.0,0.0,0.5
txn_001083,cust_0161,3,4335.29,card,BANK_DOWNTIME,GATEWAY_ERROR,2025-07-01T15:55:45.330604,regular,6,0.815,3126.5,37036.3,whatsapp,0,,1,send_payment_link,1,8.03,0.0,0.5
txn_001084,cust_0364,2,7325.16,wallet,INSUFFICIENT_FUNDS,BAD_REQUEST_ERROR,2025-07-08T21:10:26.799088,vip,11,0.784,816.8,189978.73,sms,1,,10,retry_delayed,0,0.0,0.0,0.0
txn_001085,cust_0293,1,1774.81,card,SUBSCRIPTION_MANDATE_FAILURE,BAD_REQUEST_ERROR,2025-07-17T07:56:20.406998,new,39,0.927,13253.99,7353.0,email,3,monthly,0,switch_to_upi,1,2.93,0.0,0.0
txn_001086,cust_0250,2,2334.58,netbanking,AUTH_OTP_FAILURE,GATEWAY_ERROR,2025-07-24T08:58:48.409937,at_risk,8,0.18,485.52,2332.17,whatsapp,0,,16,whatsapp_nudge,0,0.0,0.0,1.5
txn_001087,cust_0433,3,1199.99,card,BANK_DOWNTIME,SERVER_ERROR,2025-07-02T08:25:34.292678,regular,17,0.652,1086.51,17207.33,email,2,,19,retry_delayed,0,0.0,0.0,0.0
txn_001088,cust_0432,1,3688.88,card,INSUFFICIENT_FUNDS,BAD_REQUEST_ERROR,2025-07-15T05:22:24.059530,regular,14,0.915,1199.8,47237.48,email,2,,2,offer_discount,0,0.0,0.0,184.54
txn_001089,cust_0083,1,38802.1,netbanking,USER_ABANDONED,BAD_REQUEST_ERROR,2025-07-31T05:03:45.118851,b2b,4,0.821,2440.33,988516.49,whatsapp,1,monthly,8,send_payment_link,0,0.0,0.0,0.5
txn_001090,cust_0260,3,1299.54,card,EXPIRED_CARD,BAD_REQUEST_ERROR,2025-07-19T00:49:53.881604,at_risk,11,0.2,3817.09,1928.63,email,0,quarterly,6,offer_discount,0,0.0,0.0,195.03
txn_001091,cust_0312,3,6133.16,upi,INSUFFICIENT_FUNDS,BAD_REQUEST_ERROR,2025-07-04T12:31:12.584353,regular,7,0.789,1761.94,20810.74,sms,1,annual,11,retry_delayed,1,46.99,0.0,0.0
txn_001092,cust_0014,2,2298.18,card,USER_ABANDONED,BAD_REQUEST_ERROR,2025-07-24T00:57:04.494329,regular,4,0.866,1512.1,40223.09,whatsapp,3,monthly,11,switch_to_upi,0,0.0,0.0,0.0
txn_001093,cust_0131,2,1444.16,upi,BANK_DOWNTIME,SERVER_ERROR,2025-07-23T07:58:35.545617,vip,25,0.775,5401.1,228754.99,upi,1,,38,retry_delayed,0,0.0,0.0,0.0
txn_001094,cust_0194,2,487.19,card,SUSPECTED_FRAUD,BAD_REQUEST_ERROR,2025-07-29T05:39:08.461539,at_risk,41,0.465,2655.01,8407.9,whatsapp,3,,6,escalate_human,0,0.0,0.0,50.0
txn_001095,cust_0197,3,3984.81,upi,SUBSCRIPTION_MANDATE_FAILURE,BAD_REQUEST_ERROR,2025-07-22T03:37:41.593691,vip,26,0.679,3489.32,369661.64,email,1,monthly,0,retry_now,1,1.0,0.0,0.0
txn_001096,cust_0062,3,1187.53,nach,INSUFFICIENT_FUNDS,BAD_REQUEST_ERROR,2025-07-29T01:34:35.386952,regular,10,0.723,2198.37,43400.51,email,3,,0,escalate_human,0,0.0,0.0,50.0
txn_001097,cust_0186,3,1513.25,card,INSUFFICIENT_FUNDS,BAD_REQUEST_ERROR,2025-07-20T07:48:47.560587,regular,16,0.482,130.1,8978.1,email,1,monthly,27,retry_delayed,0,0.0,0.0,0.0
txn_001098,cust_0178,1,3677.26,netbanking,INSUFFICIENT_FUNDS,BAD_REQUEST_ERROR,2025-07-22T13:26:48.976154,regular,1,0.853,702.8,24928.32,upi,2,monthly,4,whatsapp_nudge,0,0.0,0.0,1.5
txn_001099,cust_0262,2,93598.76,wallet,USER_ABANDONED,BAD_REQUEST_ERROR,2025-07-29T02:11:06.255688,b2b,19,0.913,5828.33,1708536.61,upi,1,,2,retry_delayed,0,0.0,0.0,0.0
txn_001100,cust_0004,1,2343.42,upi,SUSPECTED_FRAUD,BAD_REQUEST_ERROR,2025-07-13T23:46:47.232430,regular,7,0.934,2675.54,21670.69,sms,1,,20,escalate_human,0,0.0,0.0,50.0
txn_001101,cust_0459,2,1694.75,emi,MERCHANT_INTEGRATION_ERROR,SERVER_ERROR,2025-07-11T17:55:55.059619,b2b,21,0.897,1077.93,715561.14,email,0,,2,escalate_human,0,0.0,0.0,50.0
txn_001102,cust_0203,3,622.23,upi,INSUFFICIENT_FUNDS,BAD_REQUEST_ERROR,2025-07-18T14:20:10.703053,regular,4,0.776,1820.28,19751.35,whatsapp,1,annual,5,whatsapp_nudge,0,0.0,0.0,1.5
txn_001103,cust_0387,1,30029.89,upi,USER_ABANDONED,BAD_REQUEST_ERROR,2025-07-29T22:26:53.935538,regular,2,0.836,1721.37,28803.8,whatsapp,0,,16,email_reminder,1,20.44,0.0,0.1
txn_001104,cust_0111,3,8843.71,upi,USER_ABANDONED,BAD_REQUEST_ERROR,2025-07-10T05:46:23.028130,at_risk,16,0.274,200.09,8571.63,upi,3,,2,send_payment_link,0,0.0,0.0,0.5
txn_001105,cust_0287,2,4301.12,netbanking,INSUFFICIENT_FUNDS,BAD_REQUEST_ERROR,2025-07-10T16:24:53.582900,regular,17,0.617,11606.88,25071.43,sms,3,quarterly,59,offer_discount,0,0.0,0.0,215.16
txn_001106,cust_0050,1,10967.73,card,SUBSCRIPTION_MANDATE_FAILURE,BAD_REQUEST_ERROR,2025-07-25T10:00:02.066344,b2b,41,0.946,988.99,1991382.5,whatsapp,1,monthly,5,whatsapp_nudge,0,0.0,0.0,1.5
txn_001107,cust_0463,2,3916.12,upi,SUSPECTED_FRAUD,BAD_REQUEST_ERROR,2025-07-15T15:12:12.809365,at_risk,4,0.503,1041.22,5616.73,email,0,monthly,5,escalate_human,0,0.0,0.0,50.0
txn_001108,cust_0324,2,13359.2,netbanking,INSUFFICIENT_FUNDS,BAD_REQUEST_ERROR,2025-07-12T02:51:46.148855,at_risk,8,0.51,2209.55,16067.39,whatsapp,2,,7,whatsapp_nudge,1,0.78,0.0,1.5
txn_001109,cust_0003,2,14497.62,nach,INSUFFICIENT_FUNDS,BAD_REQUEST_ERROR,2025-07-02T00:07:28.675856,regular,19,0.727,14328.09,48681.41,sms,1,,18,retry_delayed,0,0.0,0.0,0.0
txn_001110,cust_0141,2,6450.38,upi,USER_ABANDONED,BAD_REQUEST_ERROR,2025-07-16T06:28:15.122163,regular,36,0.706,872.26,38145.79,sms,1,quarterly,15,whatsapp_nudge,1,4.47,0.0,1.5
txn_001111,cust_0239,2,6050.55,upi,INSUFFICIENT_FUNDS,BAD_REQUEST_ERROR,2025-07-02T11:43:26.028055,regular,5,0.99,1478.37,18228.22,email,3,,20,send_payment_link,1,6.69,0.0,0.5
txn_001112,cust_0284,3,10005.08,netbanking,INSUFFICIENT_FUNDS,BAD_REQUEST_ERROR,2025-07-27T13:08:03.841779,new,18,0.675,1028.68,2911.97,email,3,,21,retry_delayed,0,0.0,0.0,0.0
txn_001113,cust_0423,3,5171.4,netbanking,SUSPECTED_FRAUD,BAD_REQUEST_ERROR,2025-07-07T10:31:24.547379,at_risk,4,0.554,206.72,17160.68,sms,2,,6,escalate_human,0,0.0,0.0,50.0
txn_001114,cust_0041,2,2819.92,nach,INSUFFICIENT_FUNDS,BAD_REQUEST_ERROR,2025-07-01T20:10:27.668646,at_risk,24,0.231,5565.28,2087.41,email,2,monthly,32,send_payment_link,0,0.0,0.0,0.5
txn_001115,cust_0370,1,1216.03,upi,SUSPECTED_FRAUD,BAD_REQUEST_ERROR,2025-07-04T10:49:12.746813,new,2,0.874,1775.96,4261.69,email,2,,10,escalate_human,0,0.0,0.0,50.0
txn_001116,cust_0331,1,4427.23,wallet,AUTH_OTP_FAILURE,GATEWAY_ERROR,2025-07-29T22:40:40.010704,vip,8,0.797,1977.81,119500.09,whatsapp,1,monthly,30,whatsapp_nudge,0,0.0,0.0,1.5
txn_001117,cust_0099,1,59505.92,upi,INVALID_DETAILS,BAD_REQUEST_ERROR,2025-07-09T02:47:19.736328,b2b,10,0.958,4560.38,484792.58,whatsapp,1,,16,whatsapp_nudge,0,0.0,0.0,1.5
txn_001118,cust_0445,2,7502.27,card,INSUFFICIENT_FUNDS,BAD_REQUEST_ERROR,2025-07-20T03:53:27.948589,b2b,10,0.919,1305.83,1063915.56,whatsapp,3,monthly,0,whatsapp_nudge,0,0.0,0.0,1.5
txn_001119,cust_0001,3,690.07,netbanking,INSUFFICIENT_FUNDS,BAD_REQUEST_ERROR,2025-07-03T20:22:19.235272,at_risk,36,0.655,394.0,9338.69,email,3,,1,retry_delayed,1,11.3,0.0,0.0
txn_001120,cust_0489,3,5064.17,netbanking,USER_ABANDONED,BAD_REQUEST_ERROR,2025-07-19T05:25:15.263232,vip,2,0.818,1346.8,332114.91,whatsapp,3,,17,whatsapp_nudge,1,2.0,0.0,1.5
txn_001121,cust_0248,3,1155.39,netbanking,AUTH_OTP_FAILURE,BAD_REQUEST_ERROR,2025-07-31T11:02:46.446458,at_risk,12,0.257,159.2,14858.8,sms,1,,15,send_payment_link,0,0.0,0.0,0.5
txn_001122,cust_0076,1,14631.4,wallet,BANK_DOWNTIME,BAD_REQUEST_ERROR,2025-07-13T01:56:33.964670,b2b,1,0.891,859.63,107614.45,upi,3,,6,send_payment_link,1,20.95,0.0,0.5
txn_001123,cust_0367,3,7662.2,upi,INSUFFICIENT_FUNDS,BAD_REQUEST_ERROR,2025-07-28T20:49:46.240805,regular,5,0.939,1215.85,42289.15,whatsapp,1,,4,retry_now,0,0.0,0.0,0.0
txn_001124,cust_0020,3,16206.92,upi,INSUFFICIENT_FUNDS,BAD_REQUEST_ERROR,2025-07-15T15:15:22.552852,b2b,3,0.829,1034.36,1051408.25,email,3,,15,escalate_human,0,0.0,0.0,50.0
txn_001125,cust_0005,2,6540.28,netbanking,INSUFFICIENT_FUNDS,BAD_REQUEST_ERROR,2025-07-30T01:30:19.886220,vip,18,0.809,1189.27,190564.99,email,2,,2,send_payment_link,0,0.0,0.0,0.5
txn_001126,cust_0270,1,8387.57,card,INSUFFICIENT_FUNDS,BAD_REQUEST_ERROR,2025-07-10T04:00:22.566925,regular,1,0.685,172.62,28806.77,whatsapp,3,monthly,0,send_payment_link,0,0.0,0.0,0.5
txn_001127,cust_0250,2,1303.81,emi,USER_ABANDONED,BAD_REQUEST_ERROR,2025-07-17T05:52:11.358352,at_risk,8,0.18,485.52,2332.17,whatsapp,1,monthly,16,whatsapp_nudge,0,0.0,0.0,1.5
txn_001128,cust_0158,1,1461.92,emi,MERCHANT_INTEGRATION_ERROR,SERVER_ERROR,2025-07-17T00:25:00.121907,regular,21,0.906,1747.9,40410.11,email,3,,93,escalate_human,0,0.0,0.0,50.0
txn_001129,cust_0062,3,284.65,upi,USER_ABANDONED,BAD_REQUEST_ERROR,2025-07-19T02:43:55.888491,regular,10,0.723,2198.37,43400.51,email,3,,0,offer_discount,0,0.0,0.0,34.26
txn_001130,cust_0444,3,892.86,card,AUTH_OTP_FAILURE,BAD_REQUEST_ERROR,2025-07-20T13:14:35.362158,regular,90,0.588,1071.94,26714.19,upi,1,quarterly,17,offer_discount,0,0.0,0.0,71.53
txn_001131,cust_0197,3,56153.42,card,SUBSCRIPTION_MANDATE_FAILURE,BAD_REQUEST_ERROR,2025-07-30T15:38:25.046958,vip,26,0.679,3489.32,369661.64,email,1,quarterly,0,send_payment_link,1,13.26,0.0,0.5
txn_001132,cust_0424,2,4482.16,upi,AUTH_OTP_FAILURE,GATEWAY_ERROR,2025-07-27T10:41:23.386917,regular,4,0.828,660.17,27642.15,email,0,monthly,14,escalate_human,1,40.32,0.0,50.0
txn_001133,cust_0469,3,1590.29,netbanking,USER_ABANDONED,BAD_REQUEST_ERROR,2025-07-08T10:08:53.388357,regular,12,0.804,345.68,46376.3,whatsapp,1,,0,switch_to_upi,0,0.0,0.0,0.0
txn_001134,cust_0065,1,5662.66,card,SUBSCRIPTION_MANDATE_FAILURE,BAD_REQUEST_ERROR,2025-07-14T01:05:27.536699,regular,6,0.788,465.61,45364.86,sms,2,monthly,2,email_reminder,0,0.0,0.0,0.1
txn_001135,cust_0259,1,5119.53,upi,USER_ABANDONED,BAD_REQUEST_ERROR,2025-07-23T16:07:25.222413,b2b,26,0.839,1576.1,290991.8,upi,3,,7,sms_reminder,0,0.0,0.0,0.25
txn_001136,cust_0115,3,4949.41,upi,AUTH_OTP_FAILURE,GATEWAY_ERROR,2025-07-08T22:42:51.969598,b2b,2,0.952,611.9,213024.72,email,0,,2,switch_to_upi,0,0.0,0.0,0.0
txn_001137,cust_0209,3,5766.76,upi,INSUFFICIENT_FUNDS,BAD_REQUEST_ERROR,2025-07-27T12:48:47.356964,regular,2,0.755,2119.17,34495.67,whatsapp,3,,8,email_reminder,0,0.0,0.0,0.1
txn_001138,cust_0237,2,30435.34,emi,USER_ABANDONED,BAD_REQUEST_ERROR,2025-07-23T20:55:07.469379,b2b,54,0.799,380.89,1814730.94,upi,3,,32,switch_to_upi,0,0.0,0.0,0.0
txn_001139,cust_0052,3,580.9,netbanking,SUSPECTED_FRAUD,BAD_REQUEST_ERROR,2025-07-15T15:18:26.726835,new,18,0.947,167.52,7675.64,email,1,monthly,14,escalate_human,0,0.0,0.0,50.0
txn_001140,cust_0004,1,1726.56,nach,INVALID_DETAILS,BAD_REQUEST_ERROR,2025-07-14T09:13:14.840251,regular,7,0.934,2675.54,21670.69,sms,0,monthly,20,whatsapp_nudge,0,0.0,0.0,1.5
txn_001141,cust_0302,3,753.08,wallet,INSUFFICIENT_FUNDS,BAD_REQUEST_ERROR,2025-07-28T15:09:10.030656,regular,4,0.883,2134.01,24770.75,upi,0,annual,14,whatsapp_nudge,0,0.0,0.0,1.5
txn_001142,cust_0191,2,697.19,wallet,INSUFFICIENT_FUNDS,BAD_REQUEST_ERROR,2025-07-11T10:27:38.308466,at_risk,10,0.708,4218.41,13014.75,whatsapp,2,,0,escalate_human,0,0.0,0.0,50.0
txn_001143,cust_0441,1,10409.77,card,SUBSCRIPTION_MANDATE_FAILURE,BAD_REQUEST_ERROR,2025-07-11T17:38:46.318867,regular,8,0.897,660.36,29438.0,whatsapp,2,monthly,10,send_payment_link,1,22.69,0.0,0.5
txn_001144,cust_0398,1,571.55,upi,INSUFFICIENT_FUNDS,BAD_REQUEST_ERROR,2025-07-10T17:36:26.849723,new,77,0.869,320.82,4919.1,sms,0,monthly,5,offer_discount,0,0.0,0.0,28.68
txn_001145,cust_0381,2,12774.81,wallet,INSUFFICIENT_FUNDS,BAD_REQUEST_ERROR,2025-07-17T23:44:23.495696,vip,15,0.57,760.59,120308.56,upi,2,,34,offer_discount,0,0.0,0.0,638.84
txn_001146,cust_0301,3,359.36,card,INSUFFICIENT_FUNDS,BAD_REQUEST_ERROR,2025-07-15T02:28:24.069534,regular,14,0.664,1812.02,19877.02,sms,0,monthly,35,offer_discount,0,0.0,0.0,36.04
txn_001147,cust_0139,3,3571.82,wallet,INSUFFICIENT_FUNDS,BAD_REQUEST_ERROR,2025-07-13T19:36:15.327723,vip,31,0.926,682.46,72875.06,whatsapp,0,monthly,13,email_reminder,0,0.0,0.0,0.1
txn_001148,cust_0070,3,5347.02,upi,AUTH_OTP_FAILURE,BAD_REQUEST_ERROR,2025-07-22T02:21:41.479878,regular,28,0.59,362.32,24409.72,whatsapp,2,quarterly,10,switch_to_upi,1,1.31,0.0,0.0
txn_001149,cust_0401,2,9878.69,card,BANK_DOWNTIME,BAD_REQUEST_ERROR,2025-07-16T05:03:07.822075,regular,3,0.938,153.35,49742.54,whatsapp,1,,14,send_payment_link,0,0.0,0.0,0.5
txn_001150,cust_0273,3,8785.61,card,BANK_DOWNTIME,SERVER_ERROR,2025-07-24T07:55:04.354271,vip,2,0.861,1275.89,255311.29,email,1,,21,send_payment_link,0,0.0,0.0,0.5
txn_001151,cust_0488,1,3988.35,upi,INVALID_DETAILS,BAD_REQUEST_ERROR,2025-07-12T19:37:06.907556,regular,9,0.715,2276.85,24902.71,upi,3,monthly,3,switch_to_upi,0,0.0,0.0,0.0
txn_001152,cust_0467,2,3188.2,card,MERCHANT_INTEGRATION_ERROR,SERVER_ERROR,2025-07-09T10:49:03.630080,regular,15,0.865,1438.38,32685.35,sms,3,,36,retry_delayed,0,0.0,0.0,0.0
txn_001153,cust_0322,2,1265.17,card,SUBSCRIPTION_MANDATE_FAILURE,BAD_REQUEST_ERROR,2025-07-23T04:28:05.826256,regular,19,0.863,544.21,44553.6,sms,0,monthly,0,sms_reminder,0,0.0,0.0,0.25
txn_001154,cust_0255,3,10065.15,upi,BANK_DOWNTIME,BAD_REQUEST_ERROR,2025-07-11T06:10:03.543231,vip,13,0.805,678.95,280530.07,email,2,monthly,33,retry_delayed,0,0.0,0.0,0.0
txn_001155,cust_0399,3,2563.12,card,MERCHANT_INTEGRATION_ERROR,SERVER_ERROR,2025-07-24T02:50:07.727117,regular,38,0.911,1793.5,41697.62,email,3,,6,retry_now,0,0.0,0.0,0.0
txn_001156,cust_0104,3,6803.39,netbanking,INSUFFICIENT_FUNDS,BAD_REQUEST_ERROR,2025-07-14T10:51:51.189950,regular,11,0.893,1251.97,32885.08,email,1,annual,7,email_reminder,0,0.0,0.0,0.1
txn_001157,cust_0223,1,35083.01,netbanking,AUTH_OTP_FAILURE,GATEWAY_ERROR,2025-07-04T14:22:30.381418,vip,34,0.728,30361.27,110203.89,sms,3,,2,switch_to_upi,1,3.16,0.0,0.0
txn_001158,cust_0364,2,11025.59,netbanking,USER_ABANDONED,BAD_REQUEST_ERROR,2025-07-24T17:04:55.570605,vip,11,0.784,816.8,189978.73,sms,1,,10,offer_discount,0,0.0,0.0,1102.66
txn_001159,cust_0352,1,1741.08,netbanking,INSUFFICIENT_FUNDS,BAD_REQUEST_ERROR,2025-07-31T12:31:10.015667,at_risk,20,0.495,255.89,10738.51,sms,1,monthly,34,send_payment_link,0,0.0,0.0,0.5
txn_001160,cust_0321,2,7193.17,upi,MERCHANT_INTEGRATION_ERROR,SERVER_ERROR,2025-07-12T18:22:38.775744,vip,2,0.769,359.97,300919.37,email,2,quarterly,1,offer_discount,0,0.0,0.0,359.76
txn_001161,cust_0388,3,8420.7,card,EXPIRED_CARD,BAD_REQUEST_ERROR,2025-07-19T00:17:13.547507,regular,8,0.825,515.9,24711.21,whatsapp,0,monthly,7,send_payment_link,0,0.0,0.0,0.5
txn_001162,cust_0372,1,9925.49,card,USER_ABANDONED,BAD_REQUEST_ERROR,2025-07-07T13:39:01.890810,new,8,0.872,212.35,4689.68,whatsapp,2,,17,escalate_human,0,0.0,0.0,50.0
txn_001163,cust_0019,3,17439.84,card,INSUFFICIENT_FUNDS,BAD_REQUEST_ERROR,2025-07-23T00:58:42.462695,b2b,3,0.917,374.78,557844.09,email,1,monthly,6,offer_discount,1,11.23,871.99,872.09
txn_001164,cust_0107,1,4425.03,upi,INSUFFICIENT_FUNDS,BAD_REQUEST_ERROR,2025-07-25T00:28:21.565898,at_risk,15,0.695,4274.48,8916.65,upi,1,annual,1,sms_reminder,0,0.0,0.0,0.25
txn_001165,cust_0371,3,657.01,upi,BANK_DOWNTIME,BAD_REQUEST_ERROR,2025-07-21T07:48:41.291709,new,8,0.751,337.88,9561.57,email,2,,49,send_payment_link,0,0.0,0.0,0.5
txn_001166,cust_0043,2,217.33,upi,AUTH_OTP_FAILURE,GATEWAY_ERROR,2025-07-08T12:10:43.628174,new,10,0.908,873.85,8899.38,sms,1,monthly,23,offer_discount,0,0.0,0.0,10.97
txn_001167,cust_0438,3,711.04,upi,USER_ABANDONED,BAD_REQUEST_ERROR,2025-07-09T13:47:04.969632,at_risk,29,0.049,1310.91,14843.28,sms,1,quarterly,22,offer_discount,1,9.73,71.1,71.2
txn_001168,cust_0128,1,1117.68,card,SUSPECTED_FRAUD,BAD_REQUEST_ERROR,2025-07-14T22:40:40.129921,new,9,0.713,1924.2,2290.51,upi,1,annual,12,escalate_human,0,0.0,0.0,50.0
txn_001169,cust_0333,2,1820.44,upi,INSUFFICIENT_FUNDS,BAD_REQUEST_ERROR,2025-07-03T15:56:33.566561,regular,4,0.777,1220.98,36998.12,whatsapp,1,,3,whatsapp_nudge,0,0.0,0.0,1.5
txn_001170,cust_0434,1,2230.42,nach,SUBSCRIPTION_MANDATE_FAILURE,BAD_REQUEST_ERROR,2025-07-01T20:58:02.413152,new,4,0.923,43.26,3092.93,email,2,quarterly,23,sms_reminder,0,0.0,0.0,0.25
txn_001171,cust_0455,3,4595.72,upi,USER_ABANDONED,BAD_REQUEST_ERROR,2025-07-07T20:39:29.769337,vip,17,0.879,1359.68,245038.89,sms,3,,11,send_payment_link,1,7.22,0.0,0.5
txn_001172,cust_0449,1,263.27,netbanking,BANK_DOWNTIME,GATEWAY_ERROR,2025-07-22T19:31:22.989059,at_risk,23,0.254,1691.21,14863.96,whatsapp,1,monthly,20,retry_delayed,1,11.95,0.0,0.0
txn_001173,cust_0306,3,23414.07,card,INSUFFICIENT_FUNDS,BAD_REQUEST_ERROR,2025-07-15T03:16:10.125552,vip,20,0.642,1834.92,338747.18,whatsapp,2,,22,whatsapp_nudge,0,0.0,0.0,1.5
txn_001174,cust_0284,3,434.23,card,EXPIRED_CARD,BAD_REQUEST_ERROR,2025-07-23T17:40:33.024970,new,18,0.675,1028.68,2911.97,email,3,monthly,21,sms_reminder,0,0.0,0.0,0.25
txn_001175,cust_0478,2,14599.47,upi,INSUFFICIENT_FUNDS,BAD_REQUEST_ERROR,2025-07-16T00:45:01.134337,b2b,11,0.93,475.33,1242788.32,whatsapp,2,,23,send_payment_link,0,0.0,0.0,0.5
txn_001176,cust_0393,3,6891.88,card,EXPIRED_CARD,BAD_REQUEST_ERROR,2025-07-13T17:10:26.951565,vip,41,0.906,4240.06,385781.59,whatsapp,0,,2,email_reminder,1,23.38,0.0,0.1
txn_001177,cust_0293,1,1656.27,wallet,BANK_DOWNTIME,GATEWAY_ERROR,2025-07-07T06:42:37.475584,new,39,0.927,13253.99,7353.0,email,2,quarterly,0,retry_delayed,0,0.0,0.0,0.0
txn_001178,cust_0488,1,5586.1,card,EXPIRED_CARD,BAD_REQUEST_ERROR,2025-07-20T06:23:06.395152,regular,9,0.715,2276.85,24902.71,upi,2,,3,whatsapp_nudge,0,0.0,0.0,1.5
txn_001179,cust_0279,3,32487.19,emi,AUTH_OTP_FAILURE,GATEWAY_ERROR,2025-07-26T08:27:57.344192,vip,24,0.652,461.1,443794.95,email,2,quarterly,2,switch_to_upi,1,2.25,0.0,0.0
txn_001180,cust_0490,1,282.89,card,SUBSCRIPTION_MANDATE_FAILURE,BAD_REQUEST_ERROR,2025-07-19T07:12:40.877739,vip,5,0.752,356.41,279225.45,email,1,annual,31,retry_delayed,0,0.0,0.0,0.0
txn_001181,cust_0261,2,2648.29,card,SUSPECTED_FRAUD,BAD_REQUEST_ERROR,2025-07-28T17:26:16.630601,vip,6,0.869,240.49,208134.88,sms,0,annual,45,escalate_human,0,0.0,0.0,50.0
txn_001182,cust_0253,2,889.89,card,INSUFFICIENT_FUNDS,BAD_REQUEST_ERROR,2025-07-22T11:10:30.242566,new,36,0.798,908.95,4236.37,whatsapp,2,,11,send_payment_link,0,0.0,0.0,0.5
txn_001183,cust_0025,1,1233.05,upi,MERCHANT_INTEGRATION_ERROR,SERVER_ERROR,2025-07-08T10:44:51.304021,regular,26,0.939,817.02,38570.64,whatsapp,1,,46,retry_delayed,1,34.53,0.0,0.0
txn_001184,cust_0210,1,1405.42,upi,AUTH_OTP_FAILURE,BAD_REQUEST_ERROR,2025-07-04T17:52:37.436765,new,7,0.85,413.2,4004.34,whatsapp,0,annual,41,escalate_human,0,0.0,0.0,50.0
txn_001185,cust_0061,3,49789.94,upi,INVALID_DETAILS,BAD_REQUEST_ERROR,2025-07-20T14:39:46.736202,vip,1,0.782,314.6,436156.39,sms,0,,21,escalate_human,0,0.0,0.0,50.0
txn_001186,cust_0364,2,141184.98,emi,INSUFFICIENT_FUNDS,BAD_REQUEST_ERROR,2025-07-05T04:52:18.468172,vip,11,0.784,816.8,189978.73,sms,0,monthly,10,retry_delayed,1,43.2,0.0,0.0
txn_001187,cust_0492,1,5443.22,netbanking,USER_ABANDONED,BAD_REQUEST_ERROR,2025-07-12T11:19:14.826025,regular,126,0.922,1159.74,44143.55,whatsapp,2,,10,switch_to_upi,0,0.0,0.0,0.0
txn_001188,cust_0244,3,916.95,card,EXPIRED_CARD,BAD_REQUEST_ERROR,2025-07-19T23:36:25.356796,at_risk,12,0.563,651.74,1600.05,upi,0,,18,escalate_human,0,0.0,0.0,50.0
txn_001189,cust_0060,3,857.28,card,BANK_DOWNTIME,SERVER_ERROR,2025-07-02T03:28:08.217993,regular,2,0.783,2582.68,7191.43,sms,0,,0,send_payment_link,1,15.22,0.0,0.5
txn_001190,cust_0191,2,620.14,netbanking,AUTH_OTP_FAILURE,GATEWAY_ERROR,2025-07-01T09:49:30.650696,at_risk,10,0.708,4218.41,13014.75,whatsapp,1,,0,switch_to_upi,0,0.0,0.0,0.0
txn_001191,cust_0236,1,770.51,upi,INSUFFICIENT_FUNDS,BAD_REQUEST_ERROR,2025-07-09T03:47:12.878040,new,7,0.587,630.66,2653.64,whatsapp,3,,1,offer_discount,0,0.0,0.0,38.63
txn_001192,cust_0274,3,4145.93,upi,USER_ABANDONED,BAD_REQUEST_ERROR,2025-07-18T01:14:21.853175,new,12,0.902,6871.76,6103.0,email,2,annual,13,offer_discount,1,8.75,331.67,331.77
txn_001193,cust_0293,1,1967.7,upi,INSUFFICIENT_FUNDS,BAD_REQUEST_ERROR,2025-07-04T13:36:37.533562,new,39,0.927,13253.99,7353.0,email,1,,0,offer_discount,1,2.74,196.77,196.87
txn_001194,cust_0079,1,3046.12,card,INSUFFICIENT_FUNDS,BAD_REQUEST_ERROR,2025-07-25T13:37:38.985430,new,15,0.751,279.41,8062.27,email,1,,10,escalate_human,0,0.0,0.0,50.0
txn_001195,cust_0067,3,7633.42,card,SUSPECTED_FRAUD,BAD_REQUEST_ERROR,2025-07-20T00:19:51.804952,b2b,11,0.898,3437.38,1596420.69,whatsapp,2,,110,escalate_human,0,0.0,0.0,50.0
txn_001196,cust_0442,1,46883.26,card,SUSPECTED_FRAUD,BAD_REQUEST_ERROR,2025-07-12T14:29:43.071321,b2b,28,0.671,1189.09,752197.26,email,2,,5,escalate_human,0,0.0,0.0,50.0
txn_001197,cust_0199,2,942.54,netbanking,USER_ABANDONED,BAD_REQUEST_ERROR,2025-07-14T23:12:28.898348,regular,8,0.939,978.14,20255.35,upi,3,,19,whatsapp_nudge,1,11.03,0.0,1.5
txn_001198,cust_0451,1,12691.49,card,INSUFFICIENT_FUNDS,BAD_REQUEST_ERROR,2025-07-10T01:36:12.314033,regular,8,0.715,3109.75,13051.62,sms,1,monthly,7,whatsapp_nudge,0,0.0,0.0,1.5
txn_001199,cust_0387,1,1840.51,upi,BANK_DOWNTIME,SERVER_ERROR,2025-07-24T23:20:13.073958,regular,2,0.836,1721.37,28803.8,whatsapp,1,monthly,16,escalate_human,0,0.0,0.0,50.0
txn_001200,cust_0040,3,1076.64,upi,AUTH_OTP_FAILURE,GATEWAY_ERROR,2025-07-23T20:26:14.300368,at_risk,59,0.45,231.42,4765.88,whatsapp,3,monthly,5,send_payment_link,0,0.0,0.0,0.5
txn_001201,cust_0287,2,786.73,upi,BANK_DOWNTIME,GATEWAY_ERROR,2025-07-19T06:11:46.171039,regular,17,0.617,11606.88,25071.43,sms,3,quarterly,59,whatsapp_nudge,0,0.0,0.0,1.5
txn_001202,cust_0360,3,5603.78,upi,MERCHANT_INTEGRATION_ERROR,SERVER_ERROR,2025-07-06T05:14:16.245088,regular,8,0.831,647.19,21503.44,sms,2,monthly,5,offer_discount,0,0.0,0.0,560.48
txn_001203,cust_0043,2,1913.76,upi,USER_ABANDONED,BAD_REQUEST_ERROR,2025-07-26T04:30:59.799852,new,10,0.908,873.85,8899.38,sms,2,monthly,23,whatsapp_nudge,0,0.0,0.0,1.5
txn_001204,cust_0271,2,62715.35,card,BANK_DOWNTIME,GATEWAY_ERROR,2025-07-03T09:34:33.241201,b2b,1,0.95,1982.12,305785.43,whatsapp,2,,4,escalate_human,0,0.0,0.0,50.0
txn_001205,cust_0129,2,516.19,netbanking,SUSPECTED_FRAUD,BAD_REQUEST_ERROR,2025-07-14T09:40:44.104444,at_risk,10,0.486,455.44,13050.45,email,0,,5,escalate_human,0,0.0,0.0,50.0
txn_001206,cust_0065,1,398.59,card,AUTH_OTP_FAILURE,GATEWAY_ERROR,2025-07-17T06:11:58.278202,regular,6,0.788,465.61,45364.86,sms,0,,2,switch_to_upi,0,0.0,0.0,0.0
txn_001207,cust_0033,3,38598.84,card,EXPIRED_CARD,BAD_REQUEST_ERROR,2025-07-19T11:27:07.119784,b2b,69,0.706,254.71,361075.07,email,1,monthly,0,send_payment_link,0,0.0,0.0,0.5
txn_001208,cust_0307,1,1415.65,card,EXPIRED_CARD,BAD_REQUEST_ERROR,2025-07-13T08:05:35.572027,new,3,0.797,1919.07,3118.53,whatsapp,3,,16,email_reminder,0,0.0,0.0,0.1
txn_001209,cust_0367,3,6815.37,card,INSUFFICIENT_FUNDS,BAD_REQUEST_ERROR,2025-07-28T02:48:55.639152,regular,5,0.939,1215.85,42289.15,whatsapp,1,,4,offer_discount,0,0.0,0.0,545.33
txn_001210,cust_0455,3,22190.5,card,EXPIRED_CARD,BAD_REQUEST_ERROR,2025-07-05T01:37:55.649384,vip,17,0.879,1359.68,245038.89,sms,3,,11,switch_to_upi,1,1.56,0.0,0.0
txn_001211,cust_0323,1,2561.44,card,USER_ABANDONED,BAD_REQUEST_ERROR,2025-07-08T00:25:25.801774,new,27,0.728,1004.08,9913.23,sms,3,,1,send_payment_link,0,0.0,0.0,0.5
txn_001212,cust_0265,3,21399.98,upi,BANK_DOWNTIME,SERVER_ERROR,2025-07-11T04:27:44.516153,b2b,8,0.962,3502.63,1504241.8,whatsapp,0,,18,retry_delayed,1,31.79,0.0,0.0
txn_001213,cust_0064,3,3619.09,nach,SUBSCRIPTION_MANDATE_FAILURE,BAD_REQUEST_ERROR,2025-07-15T21:32:47.900736,new,1,0.593,1073.76,2418.8,upi,2,annual,21,sms_reminder,0,0.0,0.0,0.25
txn_001214,cust_0329,2,9363.67,card,USER_ABANDONED,BAD_REQUEST_ERROR,2025-07-09T09:49:18.396186,vip,21,0.587,700.55,127476.8,whatsapp,3,annual,4,offer_discount,0,0.0,0.0,749.19
txn_001215,cust_0042,1,1243.76,upi,AUTH_OTP_FAILURE,BAD_REQUEST_ERROR,2025-07-21T00:17:58.071840,at_risk,17,0.181,1757.05,3949.05,whatsapp,0,,20,whatsapp_nudge,0,0.0,0.0,1.5
txn_001216,cust_0364,2,21621.36,wallet,INSUFFICIENT_FUNDS,BAD_REQUEST_ERROR,2025-07-28T14:28:35.905082,vip,11,0.784,816.8,189978.73,sms,3,monthly,10,retry_delayed,0,0.0,0.0,0.0
txn_001217,cust_0247,3,528.73,card,INSUFFICIENT_FUNDS,BAD_REQUEST_ERROR,2025-07-08T03:38:06.521210,regular,10,0.945,1905.05,24286.68,whatsapp,2,,5,retry_delayed,1,42.48,0.0,0.0
txn_001218,cust_0162,1,6680.54,wallet,BANK_DOWNTIME,BAD_REQUEST_ERROR,2025-07-13T14:24:10.603355,vip,10,0.736,136.28,165925.68,email,0,annual,0,send_payment_link,0,0.0,0.0,0.5
txn_001219,cust_0157,3,1781.71,upi,AUTH_OTP_FAILURE,BAD_REQUEST_ERROR,2025-07-12T14:44:27.733037,regular,6,0.98,950.51,44450.52,whatsapp,3,monthly,16,send_payment_link,0,0.0,0.0,0.5
txn_001220,cust_0098,2,3668.87,upi,BANK_DOWNTIME,BAD_REQUEST_ERROR,2025-07-17T09:48:20.884939,regular,32,0.747,2306.86,40016.81,email,0,monthly,10,send_payment_link,0,0.0,0.0,0.5
txn_001221,cust_0175,1,3302.31,upi,SUBSCRIPTION_MANDATE_FAILURE,BAD_REQUEST_ERROR,2025-07-24T03:11:48.348940,regular,39,0.776,803.96,49352.95,whatsapp,2,monthly,12,send_payment_link,0,0.0,0.0,0.5
txn_001222,cust_0128,1,2318.94,card,BANK_DOWNTIME,SERVER_ERROR,2025-07-17T18:27:04.582029,new,9,0.713,1924.2,2290.51,upi,0,quarterly,12,escalate_human,0,0.0,0.0,50.0
txn_001223,cust_0104,3,6527.26,card,USER_ABANDONED,BAD_REQUEST_ERROR,2025-07-03T16:10:03.785800,regular,11,0.893,1251.97,32885.08,email,1,,7,retry_delayed,0,0.0,0.0,0.0
txn_001224,cust_0336,1,3946.1,card,MERCHANT_INTEGRATION_ERROR,SERVER_ERROR,2025-07-25T13:36:57.916796,new,12,0.79,2411.93,921.77,whatsapp,3,monthly,33,escalate_human,1,25.38,0.0,50.0
txn_001225,cust_0161,3,1747.39,upi,USER_ABANDONED,BAD_REQUEST_ERROR,2025-07-28T19:08:44.092649,regular,6,0.815,3126.5,37036.3,whatsapp,3,,1,whatsapp_nudge,1,4.85,0.0,1.5
txn_001226,cust_0295,1,104.57,card,INSUFFICIENT_FUNDS,BAD_REQUEST_ERROR,2025-07-15T23:01:43.901268,regular,2,0.691,3509.72,19928.72,email,3,,16,escalate_human,0,0.0,0.0,50.0
txn_001227,cust_0269,2,2264.33,upi,USER_ABANDONED,BAD_REQUEST_ERROR,2025-07-19T11:06:53.106015,regular,71,0.974,512.24,30062.02,email,2,quarterly,20,switch_to_upi,0,0.0,0.0,0.0
txn_001228,cust_0072,1,761.24,card,BANK_DOWNTIME,SERVER_ERROR,2025-07-06T17:38:41.039758,new,15,0.942,3350.97,1550.98,email,0,,11,retry_delayed,0,0.0,0.0,0.0
txn_001229,cust_0064,3,4751.8,upi,INSUFFICIENT_FUNDS,BAD_REQUEST_ERROR,2025-07-02T06:03:57.156068,new,1,0.593,1073.76,2418.8,upi,3,,21,send_payment_link,0,0.0,0.0,0.5
txn_001230,cust_0335,2,3266.43,upi,INSUFFICIENT_FUNDS,BAD_REQUEST_ERROR,2025-07-14T23:03:57.052469,regular,17,0.5,316.1,37511.5,sms,0,,21,email_reminder,0,0.0,0.0,0.1
txn_001231,cust_0373,1,1042.81,upi,USER_ABANDONED,BAD_REQUEST_ERROR,2025-07-09T22:58:07.240825,new,6,0.493,182.0,3573.95,sms,3,,24,email_reminder,0,0.0,0.0,0.1
txn_001232,cust_0385,1,1994.37,netbanking,AUTH_OTP_FAILURE,BAD_REQUEST_ERROR,2025-07-13T06:16:22.043761,regular,5,0.931,459.67,47797.02,whatsapp,0,monthly,22,sms_reminder,1,11.04,0.0,0.25
txn_001233,cust_0226,1,14077.75,wallet,INVALID_DETAILS,BAD_REQUEST_ERROR,2025-07-11T12:44:43.110553,b2b,11,0.472,688.6,1395602.22,email,0,,0,whatsapp_nudge,1,10.64,0.0,1.5
txn_001234,cust_0145,3,20887.11,upi,USER_ABANDONED,BAD_REQUEST_ERROR,2025-07-15T21:16:04.319105,at_risk,1,0.288,465.05,6963.09,sms,0,,13,email_reminder,0,0.0,0.0,0.1
txn_001235,cust_0203,3,1622.61,upi,AUTH_OTP_FAILURE,GATEWAY_ERROR,2025-07-21T14:38:58.600417,regular,4,0.776,1820.28,19751.35,whatsapp,0,quarterly,5,send_payment_link,0,0.0,0.0,0.5
txn_001236,cust_0331,1,3792.22,upi,AUTH_OTP_FAILURE,GATEWAY_ERROR,2025-07-16T17:06:45.023559,vip,8,0.797,1977.81,119500.09,whatsapp,2,monthly,30,whatsapp_nudge,0,0.0,0.0,1.5
txn_001237,cust_0075,3,32748.77,upi,SUSPECTED_FRAUD,BAD_REQUEST_ERROR,2025-07-08T17:59:02.040804,vip,37,0.747,1765.85,368641.06,sms,2,,1,escalate_human,0,0.0,0.0,50.0
txn_001238,cust_0395,3,7261.4,upi,INSUFFICIENT_FUNDS,BAD_REQUEST_ERROR,2025-07-19T11:20:26.493764,regular,17,0.784,1396.87,44273.76,sms,2,,0,switch_to_upi,0,0.0,0.0,0.0
txn_001239,cust_0066,2,3894.5,card,INSUFFICIENT_FUNDS,BAD_REQUEST_ERROR,2025-07-24T18:20:50.600293,regular,17,0.798,2321.81,11994.87,whatsapp,0,annual,11,retry_delayed,1,45.45,0.0,0.0
txn_001240,cust_0297,3,5866.99,wallet,USER_ABANDONED,BAD_REQUEST_ERROR,2025-07-11T10:46:38.180702,new,6,0.724,1454.1,8736.55,email,1,,0,switch_to_upi,0,0.0,0.0,0.0
txn_001241,cust_0176,2,193.76,nach,AUTH_OTP_FAILURE,BAD_REQUEST_ERROR,2025-07-03T12:07:53.973068,regular,6,0.955,286.58,19880.46,sms,1,,0,switch_to_upi,0,0.0,0.0,0.0
txn_001242,cust_0298,2,13380.14,card,BANK_DOWNTIME,SERVER_ERROR,2025-07-14T08:03:55.380666,vip,2,0.871,1636.41,438833.51,sms,2,,18,offer_discount,0,0.0,0.0,1070.51
txn_001243,cust_0104,3,1297.63,card,MERCHANT_INTEGRATION_ERROR,SERVER_ERROR,2025-07-29T21:49:09.179656,regular,11,0.893,1251.97,32885.08,email,2,monthly,7,escalate_human,1,60.93,0.0,50.0
txn_001244,cust_0026,3,1607.03,card,EXPIRED_CARD,BAD_REQUEST_ERROR,2025-07-20T09:59:06.666253,regular,4,0.768,1931.1,17812.4,email,3,,5,escalate_human,1,44.11,0.0,50.0
txn_001245,cust_0449,1,869.64,card,INSUFFICIENT_FUNDS,BAD_REQUEST_ERROR,2025-07-16T09:11:58.682508,at_risk,23,0.254,1691.21,14863.96,whatsapp,1,monthly,20,whatsapp_nudge,0,0.0,0.0,1.5
txn_001246,cust_0433,3,3419.16,netbanking,BANK_DOWNTIME,GATEWAY_ERROR,2025-07-15T16:19:57.642088,regular,17,0.652,1086.51,17207.33,email,0,,19,retry_delayed,1,35.28,0.0,0.0
txn_001247,cust_0449,1,827.01,emi,INSUFFICIENT_FUNDS,BAD_REQUEST_ERROR,2025-07-03T15:01:07.566977,at_risk,23,0.254,1691.21,14863.96,whatsapp,0,,20,retry_delayed,0,0.0,0.0,0.0
txn_001248,cust_0206,3,11504.81,upi,INSUFFICIENT_FUNDS,BAD_REQUEST_ERROR,2025-07-28T08:58:59.237709,vip,78,0.796,449.15,103404.82,sms,0,monthly,3,retry_delayed,0,0.0,0.0,0.0
txn_001249,cust_0339,3,1531.21,card,SUBSCRIPTION_MANDATE_FAILURE,BAD_REQUEST_ERROR,2025-07-23T21:39:44.300024,at_risk,24,0.192,264.64,13776.35,whatsapp,2,quarterly,23,escalate_human,0,0.0,0.0,50.0
txn_001250,cust_0386,2,13028.63,upi,SUBSCRIPTION_MANDATE_FAILURE,BAD_REQUEST_ERROR,2025-07-15T21:22:40.432059,vip,10,0.829,345.45,332067.31,upi,2,monthly,7,email_reminder,0,0.0,0.0,0.1
txn_001251,cust_0071,1,6123.25,nach,BANK_DOWNTIME,GATEWAY_ERROR,2025-07-10T18:19:08.898302,regular,1,0.74,1325.76,46867.31,upi,1,monthly,1,offer_discount,1,5.25,306.16,306.26
txn_001252,cust_0314,1,2963.59,netbanking,AUTH_OTP_FAILURE,GATEWAY_ERROR,2025-07-06T02:10:00.828341,regular,24,0.715,214.72,30226.98,whatsapp,0,,9,whatsapp_nudge,0,0.0,0.0,1.5
txn_001253,cust_0422,3,708.87,card,BANK_DOWNTIME,GATEWAY_ERROR,2025-07-03T22:00:33.226816,at_risk,4,0.432,4832.88,3318.28,email,1,monthly,6,switch_to_upi,0,0.0,0.0,0.0
txn_001254,cust_0126,2,1988.57,card,USER_ABANDONED,BAD_REQUEST_ERROR,2025-07-08T00:16:28.754050,regular,9,0.838,9931.54,21649.3,whatsapp,2,,0,email_reminder,0,0.0,0.0,0.1
txn_001255,cust_0405,3,1448.09,emi,INSUFFICIENT_FUNDS,BAD_REQUEST_ERROR,2025-07-06T10:41:39.577369,new,3,0.827,2365.97,9427.34,whatsapp,1,quarterly,2,email_reminder,0,0.0,0.0,0.1
txn_001256,cust_0336,1,376.38,card,EXPIRED_CARD,BAD_REQUEST_ERROR,2025-07-03T06:57:16.310927,new,12,0.79,2411.93,921.77,whatsapp,2,,33,offer_discount,0,0.0,0.0,45.27
txn_001257,cust_0407,3,1546.37,upi,USER_ABANDONED,BAD_REQUEST_ERROR,2025-07-02T09:18:04.327687,new,1,0.915,6723.5,6731.55,sms,0,,11,send_payment_link,1,14.1,0.0,0.5
txn_001258,cust_0102,3,8193.8,card,INVALID_DETAILS,BAD_REQUEST_ERROR,2025-07-30T04:57:47.696643,regular,5,0.816,6278.34,25540.35,whatsapp,1,quarterly,46,send_payment_link,0,0.0,0.0,0.5
txn_001259,cust_0240,3,821.81,emi,INSUFFICIENT_FUNDS,BAD_REQUEST_ERROR,2025-07-16T02:41:47.244414,new,35,0.802,8502.55,6367.86,email,0,,27,escalate_human,0,0.0,0.0,50.0
txn_001260,cust_0401,2,939.34,card,EXPIRED_CARD,BAD_REQUEST_ERROR,2025-07-09T06:18:53.478638,regular,3,0.938,153.35,49742.54,whatsapp,2,quarterly,14,email_reminder,0,0.0,0.0,0.1
txn_001261,cust_0447,2,20712.64,netbanking,INSUFFICIENT_FUNDS,BAD_REQUEST_ERROR,2025-07-15T09:18:57.167050,vip,16,0.787,1526.25,485126.21,email,2,,7,offer_discount,1,2.86,2071.26,2071.36
txn_001262,cust_0127,1,12278.9,wallet,USER_ABANDONED,BAD_REQUEST_ERROR,2025-07-01T09:27:38.935942,regular,22,0.778,1558.56,25865.41,whatsapp,3,,5,whatsapp_nudge,0,0.0,0.0,1.5
txn_001263,cust_0271,2,8150.53,card,MERCHANT_INTEGRATION_ERROR,SERVER_ERROR,2025-07-05T11:56:46.331901,b2b,1,0.95,1982.12,305785.43,whatsapp,1,,4,switch_to_upi,0,0.0,0.0,0.0
txn_001264,cust_0395,3,5407.38,netbanking,BANK_DOWNTIME,BAD_REQUEST_ERROR,2025-07-28T23:11:03.817131,regular,17,0.784,1396.87,44273.76,sms,2,,0,retry_delayed,1,20.06,0.0,0.0
txn_001265,cust_0354,3,8507.63,wallet,BANK_DOWNTIME,SERVER_ERROR,2025-07-07T22:23:15.605152,b2b,8,0.704,2244.72,342976.53,email,0,,6,send_payment_link,1,17.11,0.0,0.5
txn_001266,cust_0492,1,1287.6,netbanking,INSUFFICIENT_FUNDS,BAD_REQUEST_ERROR,2025-07-20T12:19:01.333020,regular,126,0.922,1159.74,44143.55,whatsapp,0,quarterly,10,send_payment_link,1,12.92,0.0,0.5
txn_001267,cust_0012,1,572.65,upi,USER_ABANDONED,BAD_REQUEST_ERROR,2025-07-15T16:05:37.422625,at_risk,18,0.393,1427.95,14669.8,whatsapp,1,,13,send_payment_link,0,0.0,0.0,0.5
txn_001268,cust_0004,1,1863.95,netbanking,BANK_DOWNTIME,SERVER_ERROR,2025-07-17T05:07:00.408861,regular,7,0.934,2675.54,21670.69,sms,2,monthly,20,retry_delayed,0,0.0,0.0,0.0
txn_001269,cust_0489,3,1240.94,card,INSUFFICIENT_FUNDS,BAD_REQUEST_ERROR,2025-07-12T19:47:19.470335,vip,2,0.818,1346.8,332114.91,whatsapp,0,monthly,17,sms_reminder,0,0.0,0.0,0.25
txn_001270,cust_0228,1,6372.14,upi,USER_ABANDONED,BAD_REQUEST_ERROR,2025-07-14T13:04:53.314766,at_risk,50,0.355,4220.52,14648.66,sms,3,,15,retry_delayed,0,0.0,0.0,0.0
txn_001271,cust_0412,3,1992.46,nach,MERCHANT_INTEGRATION_ERROR,SERVER_ERROR,2025-07-16T03:16:32.879021,regular,21,0.792,63.2,31799.5,email,1,,4,escalate_human,0,0.0,0.0,50.0
txn_001272,cust_0466,1,22796.06,upi,USER_ABANDONED,BAD_REQUEST_ERROR,2025-07-27T21:00:26.467004,b2b,1,0.913,643.44,295888.99,email,3,,7,offer_discount,0,0.0,0.0,1139.9
txn_001273,cust_0169,3,536.98,upi,USER_ABANDONED,BAD_REQUEST_ERROR,2025-07-19T08:16:22.684911,new,4,0.866,638.0,4744.97,sms,3,,11,send_payment_link,0,0.0,0.0,0.5
txn_001274,cust_0001,3,1237.69,wallet,AUTH_OTP_FAILURE,BAD_REQUEST_ERROR,2025-07-07T13:44:45.852615,at_risk,36,0.655,394.0,9338.69,email,0,quarterly,1,send_payment_link,0,0.0,0.0,0.5
txn_001275,cust_0088,3,663.02,card,INVALID_DETAILS,BAD_REQUEST_ERROR,2025-07-22T07:14:59.500920,new,3,0.9,519.78,9013.16,whatsapp,2,,11,send_payment_link,0,0.0,0.0,0.5
txn_001276,cust_0447,2,5348.51,upi,AUTH_OTP_FAILURE,GATEWAY_ERROR,2025-07-26T17:57:06.934161,vip,16,0.787,1526.25,485126.21,email,0,,7,escalate_human,0,0.0,0.0,50.0
txn_001277,cust_0222,3,2499.28,card,BANK_DOWNTIME,BAD_REQUEST_ERROR,2025-07-02T22:08:48.770820,regular,12,0.711,2038.65,21496.15,whatsapp,0,monthly,74,switch_to_upi,1,1.49,0.0,0.0
txn_001278,cust_0479,2,5466.71,card,SUSPECTED_FRAUD,BAD_REQUEST_ERROR,2025-07-25T06:31:46.981346,new,3,0.81,8178.94,4675.08,whatsapp,2,,0,escalate_human,0,0.0,0.0,50.0
txn_001279,cust_0397,1,4975.09,nach,BANK_DOWNTIME,SERVER_ERROR,2025-07-05T20:59:30.593929,regular,1,0.939,5463.45,43452.04,whatsapp,2,,0,send_payment_link,0,0.0,0.0,0.5
txn_001280,cust_0422,3,632.44,upi,AUTH_OTP_FAILURE,BAD_REQUEST_ERROR,2025-07-07T03:30:58.870624,at_risk,4,0.432,4832.88,3318.28,email,0,quarterly,6,retry_delayed,0,0.0,0.0,0.0
txn_001281,cust_0006,1,86765.77,upi,SUSPECTED_FRAUD,BAD_REQUEST_ERROR,2025-07-20T22:04:31.804813,vip,9,0.828,3504.96,367324.42,sms,3,,22,escalate_human,0,0.0,0.0,50.0
txn_001282,cust_0277,1,1580.46,card,EXPIRED_CARD,BAD_REQUEST_ERROR,2025-07-08T19:39:50.909150,regular,1,0.917,2893.6,12066.15,whatsapp,2,,22,whatsapp_nudge,1,8.74,0.0,1.5
txn_001283,cust_0220,3,307.47,upi,SUSPECTED_FRAUD,BAD_REQUEST_ERROR,2025-07-04T03:13:01.313848,at_risk,2,0.423,1708.26,16875.07,whatsapp,0,monthly,8,escalate_human,0,0.0,0.0,50.0
txn_001284,cust_0326,3,13723.9,card,EXPIRED_CARD,BAD_REQUEST_ERROR,2025-07-25T04:54:10.202585,vip,22,0.962,96.84,354377.2,upi,0,,16,switch_to_upi,0,0.0,0.0,0.0
txn_001285,cust_0491,2,3054.41,card,INSUFFICIENT_FUNDS,BAD_REQUEST_ERROR,2025-07-26T14:10:34.991820,at_risk,5,0.275,35.04,12439.67,upi,0,,1,offer_discount,0,0.0,0.0,366.63
txn_001286,cust_0213,3,805.79,card,INSUFFICIENT_FUNDS,BAD_REQUEST_ERROR,2025-07-09T23:40:37.021300,at_risk,53,0.337,300.94,17006.65,whatsapp,3,,4,offer_discount,0,0.0,0.0,40.39
txn_001287,cust_0322,2,1311.78,card,BANK_DOWNTIME,GATEWAY_ERROR,2025-07-18T23:29:39.715204,regular,19,0.863,544.21,44553.6,sms,3,,0,send_payment_link,1,22.24,0.0,0.5
txn_001288,cust_0277,1,1117.59,upi,AUTH_OTP_FAILURE,BAD_REQUEST_ERROR,2025-07-27T19:48:44.577178,regular,1,0.917,2893.6,12066.15,whatsapp,3,,22,escalate_human,0,0.0,0.0,50.0
txn_001289,cust_0496,2,1086.82,card,AUTH_OTP_FAILURE,GATEWAY_ERROR,2025-07-31T16:47:41.555916,regular,8,0.939,1624.77,24143.7,email,0,monthly,12,sms_reminder,0,0.0,0.0,0.25
txn_001290,cust_0012,1,834.33,wallet,USER_ABANDONED,BAD_REQUEST_ERROR,2025-07-26T01:37:35.230200,at_risk,18,0.393,1427.95,14669.8,whatsapp,0,annual,13,whatsapp_nudge,1,11.95,0.0,1.5
txn_001291,cust_0357,2,3527.11,upi,INSUFFICIENT_FUNDS,BAD_REQUEST_ERROR,2025-07-19T16:25:16.046020,regular,110,0.853,620.86,35862.37,whatsapp,1,,12,whatsapp_nudge,0,0.0,0.0,1.5
txn_001292,cust_0423,3,987.29,card,INSUFFICIENT_FUNDS,BAD_REQUEST_ERROR,2025-07-26T18:50:09.306304,at_risk,4,0.554,206.72,17160.68,sms,3,,6,whatsapp_nudge,0,0.0,0.0,1.5
txn_001293,cust_0189,1,24267.72,netbanking,SUSPECTED_FRAUD,BAD_REQUEST_ERROR,2025-07-24T01:47:44.843936,vip,1,0.872,427.02,98900.14,whatsapp,0,monthly,1,escalate_human,0,0.0,0.0,50.0
txn_001294,cust_0437,3,1514.13,netbanking,USER_ABANDONED,BAD_REQUEST_ERROR,2025-07-11T20:08:47.115026,new,9,0.78,1593.44,1236.74,whatsapp,2,monthly,11,whatsapp_nudge,1,4.85,0.0,1.5
txn_001295,cust_0362,2,4537.27,emi,INSUFFICIENT_FUNDS,BAD_REQUEST_ERROR,2025-07-14T20:35:07.065541,new,1,0.924,2608.79,1638.85,upi,2,,37,offer_discount,0,0.0,0.0,363.08
txn_001296,cust_0385,1,5822.93,upi,INSUFFICIENT_FUNDS,BAD_REQUEST_ERROR,2025-07-08T18:27:08.615317,regular,5,0.931,459.67,47797.02,whatsapp,0,monthly,22,retry_delayed,0,0.0,0.0,0.0
txn_001297,cust_0061,3,3337.16,nach,SUBSCRIPTION_MANDATE_FAILURE,BAD_REQUEST_ERROR,2025-07-26T17:20:38.557262,vip,1,0.782,314.6,436156.39,sms,1,monthly,21,send_payment_link,0,0.0,0.0,0.5
txn_001298,cust_0477,2,4950.56,nach,SUSPECTED_FRAUD,BAD_REQUEST_ERROR,2025-07-06T10:37:02.514728,at_risk,1,0.477,557.44,9560.26,sms,3,annual,3,switch_to_upi,0,0.0,0.0,0.0
txn_001299,cust_0001,3,2563.66,nach,SUBSCRIPTION_MANDATE_FAILURE,BAD_REQUEST_ERROR,2025-07-15T15:29:29.343326,at_risk,36,0.655,394.0,9338.69,email,1,monthly,1,escalate_human,1,4.04,0.0,50.0
txn_001300,cust_0423,3,1155.15,card,INSUFFICIENT_FUNDS,BAD_REQUEST_ERROR,2025-07-06T02:20:56.340764,at_risk,4,0.554,206.72,17160.68,sms,0,monthly,6,offer_discount,1,0.58,57.76,57.86
txn_001301,cust_0090,3,1003.15,card,EXPIRED_CARD,BAD_REQUEST_ERROR,2025-07-26T10:51:08.598030,regular,25,0.808,7917.83,28838.55,whatsapp,1,monthly,2,send_payment_link,1,6.9,0.0,0.5
txn_001302,cust_0337,2,582.41,card,USER_ABANDONED,BAD_REQUEST_ERROR,2025-07-20T05:06:11.565285,new,9,0.709,7139.68,1860.37,upi,0,quarterly,37,escalate_human,0,0.0,0.0,50.0
txn_001303,cust_0046,2,63236.71,netbanking,USER_ABANDONED,BAD_REQUEST_ERROR,2025-07-24T12:59:55.826251,vip,1,0.66,672.84,192668.41,whatsapp,1,quarterly,23,email_reminder,0,0.0,0.0,0.1
txn_001304,cust_0269,2,11714.48,wallet,INSUFFICIENT_FUNDS,BAD_REQUEST_ERROR,2025-07-07T14:00:25.435753,regular,71,0.974,512.24,30062.02,email,0,,20,offer_discount,1,3.32,585.72,585.82
txn_001305,cust_0497,3,1062.78,emi,AUTH_OTP_FAILURE,BAD_REQUEST_ERROR,2025-07-18T17:34:01.471166,regular,27,0.776,263.53,8891.79,upi,1,,13,offer_discount,0,0.0,0.0,159.52
txn_001306,cust_0038,1,26681.92,upi,AUTH_OTP_FAILURE,GATEWAY_ERROR,2025-07-15T11:08:59.862055,vip,1,0.958,1858.57,358743.36,whatsapp,2,,5,switch_to_upi,0,0.0,0.0,0.0
txn_001307,cust_0300,2,4979.24,card,EXPIRED_CARD,BAD_REQUEST_ERROR,2025-07-20T18:29:19.483932,new,2,0.827,41694.1,1540.13,email,0,,0,switch_to_upi,0,0.0,0.0,0.0
txn_001308,cust_0482,1,20276.6,upi,AUTH_OTP_FAILURE,BAD_REQUEST_ERROR,2025-07-30T12:22:09.306041,regular,1,0.957,3243.99,18579.62,sms,1,monthly,46,send_payment_link,0,0.0,0.0,0.5
txn_001309,cust_0360,3,3869.87,wallet,INSUFFICIENT_FUNDS,BAD_REQUEST_ERROR,2025-07-14T03:11:02.397773,regular,8,0.831,647.19,21503.44,sms,2,,5,offer_discount,0,0.0,0.0,387.09
txn_001310,cust_0239,2,709.39,card,EXPIRED_CARD,BAD_REQUEST_ERROR,2025-07-13T17:33:21.553722,regular,5,0.99,1478.37,18228.22,email,0,,20,email_reminder,1,31.38,0.0,0.1
txn_001311,cust_0261,2,7467.11,wallet,INSUFFICIENT_FUNDS,BAD_REQUEST_ERROR,2025-07-26T15:58:42.128773,vip,6,0.869,240.49,208134.88,sms,2,,45,send_payment_link,0,0.0,0.0,0.5
txn_001312,cust_0317,3,723.43,card,INVALID_DETAILS,BAD_REQUEST_ERROR,2025-07-26T15:11:08.533085,regular,4,0.883,159.57,17083.11,email,3,quarterly,6,switch_to_upi,0,0.0,0.0,0.0
txn_001313,cust_0079,1,1514.42,wallet,MERCHANT_INTEGRATION_ERROR,SERVER_ERROR,2025-07-10T13:16:50.491616,new,15,0.751,279.41,8062.27,email,0,,10,escalate_human,1,63.57,0.0,50.0
txn_001314,cust_0242,3,2033.39,emi,INSUFFICIENT_FUNDS,BAD_REQUEST_ERROR,2025-07-24T14:13:56.516613,new,1,0.863,1470.88,2348.97,whatsapp,1,monthly,37,offer_discount,0,0.0,0.0,101.77
txn_001315,cust_0275,3,947.11,card,USER_ABANDONED,BAD_REQUEST_ERROR,2025-07-24T01:52:41.008126,vip,7,0.735,404.42,262306.18,sms,2,,12,whatsapp_nudge,0,0.0,0.0,1.5
txn_001316,cust_0346,1,469.24,upi,AUTH_OTP_FAILURE,BAD_REQUEST_ERROR,2025-07-21T03:08:35.605552,at_risk,16,0.484,516.41,5637.19,sms,2,,7,send_payment_link,0,0.0,0.0,0.5
txn_001317,cust_0005,2,8636.22,upi,AUTH_OTP_FAILURE,BAD_REQUEST_ERROR,2025-07-18T07:23:09.291128,vip,18,0.809,1189.27,190564.99,email,3,monthly,2,retry_delayed,0,0.0,0.0,0.0
txn_001318,cust_0214,2,19922.29,card,SUSPECTED_FRAUD,BAD_REQUEST_ERROR,2025-07-01T08:31:25.236413,vip,2,0.91,416.88,141961.8,upi,2,,7,escalate_human,0,0.0,0.0,50.0
txn_001319,cust_0014,2,2903.18,card,INSUFFICIENT_FUNDS,BAD_REQUEST_ERROR,2025-07-22T22:40:31.446596,regular,4,0.866,1512.1,40223.09,whatsapp,2,,11,email_reminder,0,0.0,0.0,0.1
txn_001320,cust_0156,2,1312.29,card,INSUFFICIENT_FUNDS,BAD_REQUEST_ERROR,2025-07-20T08:54:21.770045,regular,38,0.719,4029.58,7274.12,sms,1,annual,27,send_payment_link,0,0.0,0.0,0.5
txn_001321,cust_0385,1,1163.98,card,EXPIRED_CARD,BAD_REQUEST_ERROR,2025-07-30T15:22:15.170009,regular,5,0.931,459.67,47797.02,whatsapp,0,,22,email_reminder,1,28.73,0.0,0.1
txn_001322,cust_0317,3,3015.88,nach,INSUFFICIENT_FUNDS,BAD_REQUEST_ERROR,2025-07-20T20:14:38.723453,regular,4,0.883,159.57,17083.11,email,1,,6,offer_discount,0,0.0,0.0,241.37
txn_001323,cust_0500,3,237.5,upi,BANK_DOWNTIME,GATEWAY_ERROR,2025-07-25T01:18:26.497158,at_risk,12,0.521,517.34,13497.37,whatsapp,0,,14,retry_delayed,0,0.0,0.0,0.0
txn_001324,cust_0490,1,10474.16,card,SUBSCRIPTION_MANDATE_FAILURE,BAD_REQUEST_ERROR,2025-07-07T09:47:44.066764,vip,5,0.752,356.41,279225.45,email,2,monthly,31,sms_reminder,1,4.36,0.0,0.25
txn_001325,cust_0309,1,1155.86,upi,INSUFFICIENT_FUNDS,BAD_REQUEST_ERROR,2025-07-27T19:13:06.003018,regular,52,0.892,612.97,49973.4,upi,2,,9,sms_reminder,0,0.0,0.0,0.25
txn_001326,cust_0395,3,743.33,netbanking,INSUFFICIENT_FUNDS,BAD_REQUEST_ERROR,2025-07-26T12:45:09.640979,regular,17,0.784,1396.87,44273.76,sms,1,monthly,0,sms_reminder,0,0.0,0.0,0.25
txn_001327,cust_0210,1,4079.5,upi,INSUFFICIENT_FUNDS,BAD_REQUEST_ERROR,2025-07-15T21:49:46.432985,new,7,0.85,413.2,4004.34,whatsapp,1,,41,escalate_human,0,0.0,0.0,50.0
txn_001328,cust_0475,3,7925.76,card,INSUFFICIENT_FUNDS,BAD_REQUEST_ERROR,2025-07-10T07:51:14.643055,new,6,0.93,201.1,9364.21,sms,2,,1,whatsapp_nudge,0,0.0,0.0,1.5
txn_001329,cust_0044,2,397.62,upi,USER_ABANDONED,BAD_REQUEST_ERROR,2025-07-07T11:44:03.092490,new,7,0.77,936.95,9487.23,email,0,,6,switch_to_upi,0,0.0,0.0,0.0
txn_001330,cust_0069,2,28583.2,upi,USER_ABANDONED,BAD_REQUEST_ERROR,2025-07-20T20:16:08.063956,vip,2,0.811,851.65,143159.24,email,3,,10,whatsapp_nudge,0,0.0,0.0,1.5
txn_001331,cust_0403,2,72355.38,upi,USER_ABANDONED,BAD_REQUEST_ERROR,2025-07-22T05:11:09.281132,b2b,26,0.86,8629.41,1292147.57,sms,1,quarterly,9,send_payment_link,0,0.0,0.0,0.5
txn_001332,cust_0420,3,1078.36,card,USER_ABANDONED,BAD_REQUEST_ERROR,2025-07-18T15:07:28.916353,regular,12,0.929,1480.83,43269.4,upi,2,,0,email_reminder,0,0.0,0.0,0.1
txn_001333,cust_0428,2,999.74,card,INVALID_DETAILS,BAD_REQUEST_ERROR,2025-07-20T02:20:51.598508,new,3,0.894,1420.61,5147.68,sms,2,,29,email_reminder,1,27.79,0.0,0.1
txn_001334,cust_0456,1,1543.77,card,AUTH_OTP_FAILURE,BAD_REQUEST_ERROR,2025-07-25T11:02:43.162227,new,17,0.717,1394.1,6169.95,sms,3,,17,escalate_human,0,0.0,0.0,50.0
txn_001335,cust_0270,1,10757.27,upi,BANK_DOWNTIME,GATEWAY_ERROR,2025-07-30T08:56:34.308320,regular,1,0.685,172.62,28806.77,whatsapp,0,quarterly,0,send_payment_link,1,6.37,0.0,0.5
txn_001336,cust_0359,2,804.6,upi,BANK_DOWNTIME,BAD_REQUEST_ERROR,2025-07-18T04:43:32.110621,at_risk,12,0.352,643.59,6376.61,email,1,,2,retry_delayed,1,25.42,0.0,0.0
txn_001337,cust_0263,1,3606.56,card,AUTH_OTP_FAILURE,GATEWAY_ERROR,2025-07-30T14:20:04.820090,vip,10,0.761,310.32,103560.87,upi,1,,0,sms_reminder,1,22.25,0.0,0.25
txn_001338,cust_0458,3,3832.67,upi,BANK_DOWNTIME,SERVER_ERROR,2025-07-23T12:33:56.206694,at_risk,23,0.308,2642.99,14493.17,email,3,,12,whatsapp_nudge,0,0.0,0.0,1.5
txn_001339,cust_0133,2,5203.87,card,AUTH_OTP_FAILURE,GATEWAY_ERROR,2025-07-24T18:59:13.234127,regular,29,0.494,489.66,25538.17,whatsapp,3,,10,send_payment_link,0,0.0,0.0,0.5
txn_001340,cust_0407,3,1198.85,upi,INSUFFICIENT_FUNDS,BAD_REQUEST_ERROR,2025-07-01T22:51:11.560615,new,1,0.915,6723.5,6731.55,sms,3,,11,email_reminder,0,0.0,0.0,0.1
txn_001341,cust_0048,2,1007.8,wallet,BANK_DOWNTIME,GATEWAY_ERROR,2025-07-22T05:56:00.749437,regular,63,0.769,777.82,28412.38,email,3,,13,escalate_human,0,0.0,0.0,50.0
txn_001342,cust_0364,2,68246.91,upi,BANK_DOWNTIME,SERVER_ERROR,2025-07-03T21:53:22.320231,vip,11,0.784,816.8,189978.73,sms,1,,10,sms_reminder,0,0.0,0.0,0.25
txn_001343,cust_0459,2,5345.52,upi,AUTH_OTP_FAILURE,BAD_REQUEST_ERROR,2025-07-24T01:36:25.012081,b2b,21,0.897,1077.93,715561.14,email,0,,2,send_payment_link,0,0.0,0.0,0.5
txn_001344,cust_0082,1,18341.0,card,EXPIRED_CARD,BAD_REQUEST_ERROR,2025-07-15T08:50:02.405405,b2b,6,0.772,469.32,816574.89,whatsapp,1,annual,9,sms_reminder,0,0.0,0.0,0.25
txn_001345,cust_0137,3,276.38,nach,AUTH_OTP_FAILURE,GATEWAY_ERROR,2025-07-07T23:18:23.325328,regular,60,0.793,386.9,34393.63,email,0,,34,send_payment_link,1,1.91,0.0,0.5
txn_001346,cust_0440,1,1139.82,upi,AUTH_OTP_FAILURE,GATEWAY_ERROR,2025-07-04T13:17:50.176072,at_risk,10,0.216,1156.28,5672.63,whatsapp,2,monthly,8,send_payment_link,1,7.11,0.0,0.5
txn_001347,cust_0294,1,222.65,wallet,USER_ABANDONED,BAD_REQUEST_ERROR,2025-07-15T04:40:40.301492,at_risk,17,0.575,242.12,13150.39,whatsapp,1,annual,0,whatsapp_nudge,0,0.0,0.0,1.5
txn_001348,cust_0161,3,16709.73,card,USER_ABANDONED,BAD_REQUEST_ERROR,2025-07-07T14:01:46.069193,regular,6,0.815,3126.5,37036.3,whatsapp,1,,1,offer_discount,0,0.0,0.0,1671.07
txn_001349,cust_0445,2,15533.74,nach,INSUFFICIENT_FUNDS,BAD_REQUEST_ERROR,2025-07-23T14:15:13.174305,b2b,10,0.919,1305.83,1063915.56,whatsapp,3,annual,0,escalate_human,0,0.0,0.0,50.0
txn_001350,cust_0489,3,16790.82,wallet,INVALID_DETAILS,BAD_REQUEST_ERROR,2025-07-20T09:56:58.224545,vip,2,0.818,1346.8,332114.91,whatsapp,1,,17,whatsapp_nudge,0,0.0,0.0,1.5
txn_001351,cust_0208,1,2612.92,upi,SUBSCRIPTION_MANDATE_FAILURE,BAD_REQUEST_ERROR,2025-07-17T14:45:14.510529,regular,24,0.733,2261.1,25360.26,email,1,monthly,7,send_payment_link,0,0.0,0.0,0.5
txn_001352,cust_0184,3,2417.74,upi,SUSPECTED_FRAUD,BAD_REQUEST_ERROR,2025-07-09T11:28:25.566287,regular,13,0.669,675.66,27942.37,email,3,,21,escalate_human,0,0.0,0.0,50.0
txn_001353,cust_0188,2,957.19,emi,INSUFFICIENT_FUNDS,BAD_REQUEST_ERROR,2025-07-04T11:06:21.505934,new,8,0.826,8399.3,3222.64,email,3,monthly,8,send_payment_link,0,0.0,0.0,0.5
txn_001354,cust_0036,3,4991.1,card,INSUFFICIENT_FUNDS,BAD_REQUEST_ERROR,2025-07-06T12:57:22.748296,regular,10,0.686,6488.24,21388.64,whatsapp,2,,20,email_reminder,1,28.53,0.0,0.1
txn_001355,cust_0454,3,1457.88,nach,SUBSCRIPTION_MANDATE_FAILURE,BAD_REQUEST_ERROR,2025-07-02T04:01:41.228824,regular,9,0.716,134.53,27742.89,email,3,annual,20,offer_discount,1,4.0,174.95,175.05
txn_001356,cust_0374,1,685.82,card,BANK_DOWNTIME,BAD_REQUEST_ERROR,2025-07-05T10:41:11.503074,regular,3,0.699,1762.01,29227.71,email,3,,38,send_payment_link,0,0.0,0.0,0.5
txn_001357,cust_0376,1,2117.84,card,INVALID_DETAILS,BAD_REQUEST_ERROR,2025-07-26T17:53:13.228033,at_risk,32,0.344,1259.18,18990.95,whatsapp,1,,17,escalate_human,0,0.0,0.0,50.0
txn_001358,cust_0138,3,3424.68,upi,MERCHANT_INTEGRATION_ERROR,SERVER_ERROR,2025-07-09T10:14:07.957587,regular,9,0.365,206.68,27868.68,email,3,,3,send_payment_link,0,0.0,0.0,0.5
txn_001359,cust_0129,2,3184.45,netbanking,BANK_DOWNTIME,SERVER_ERROR,2025-07-16T01:59:11.021436,at_risk,10,0.486,455.44,13050.45,email,0,monthly,5,sms_reminder,0,0.0,0.0,0.25
txn_001360,cust_0055,1,740.31,card,INSUFFICIENT_FUNDS,BAD_REQUEST_ERROR,2025-07-04T09:13:30.054142,at_risk,3,0.348,905.44,7471.23,email,3,,62,retry_delayed,0,0.0,0.0,0.0
txn_001361,cust_0336,1,3870.57,card,EXPIRED_CARD,BAD_REQUEST_ERROR,2025-07-07T13:27:18.339630,new,12,0.79,2411.93,921.77,whatsapp,1,,33,switch_to_upi,1,3.57,0.0,0.0
txn_001362,cust_0213,3,751.48,emi,INSUFFICIENT_FUNDS,BAD_REQUEST_ERROR,2025-07-04T09:12:46.088491,at_risk,53,0.337,300.94,17006.65,whatsapp,1,,4,retry_delayed,0,0.0,0.0,0.0
txn_001363,cust_0376,1,2163.22,nach,INVALID_DETAILS,BAD_REQUEST_ERROR,2025-07-07T16:24:57.361882,at_risk,32,0.344,1259.18,18990.95,whatsapp,3,,17,email_reminder,1,41.37,0.0,0.1
txn_001364,cust_0214,2,2319.01,nach,MERCHANT_INTEGRATION_ERROR,SERVER_ERROR,2025-07-25T05:30:11.430659,vip,2,0.91,416.88,141961.8,upi,0,,7,send_payment_link,0,0.0,0.0,0.5
txn_001365,cust_0396,1,15472.14,wallet,INSUFFICIENT_FUNDS,BAD_REQUEST_ERROR,2025-07-23T00:39:24.358031,regular,8,0.853,1228.05,22293.8,whatsapp,3,,13,escalate_human,0,0.0,0.0,50.0
txn_001366,cust_0112,3,10126.84,upi,SUSPECTED_FRAUD,BAD_REQUEST_ERROR,2025-07-23T23:20:25.878687,vip,27,0.419,708.89,180087.61,email,1,,6,escalate_human,0,0.0,0.0,50.0
txn_001367,cust_0091,3,45802.77,upi,USER_ABANDONED,BAD_REQUEST_ERROR,2025-07-02T13:40:49.723495,vip,7,0.844,1551.89,143472.76,whatsapp,1,,5,whatsapp_nudge,1,6.91,0.0,1.5
txn_001368,cust_0118,3,578.02,nach,SUBSCRIPTION_MANDATE_FAILURE,BAD_REQUEST_ERROR,2025-07-07T11:48:49.987175,regular,16,0.94,70.68,47689.05,whatsapp,3,monthly,2,email_reminder,0,0.0,0.0,0.1
txn_001369,cust_0333,2,17781.39,card,EXPIRED_CARD,BAD_REQUEST_ERROR,2025-07-10T04:16:47.133377,regular,4,0.777,1220.98,36998.12,whatsapp,1,monthly,3,escalate_human,0,0.0,0.0,50.0
txn_001370,cust_0162,1,37120.6,card,EXPIRED_CARD,BAD_REQUEST_ERROR,2025-07-26T15:05:29.665826,vip,10,0.736,136.28,165925.68,email,3,annual,0,send_payment_link,1,7.32,0.0,0.5
txn_001371,cust_0468,2,5637.16,upi,AUTH_OTP_FAILURE,GATEWAY_ERROR,2025-07-21T05:40:31.404894,regular,28,0.842,2292.9,15572.55,whatsapp,3,,27,retry_delayed,0,0.0,0.0,0.0
txn_001372,cust_0268,3,10513.25,upi,INSUFFICIENT_FUNDS,BAD_REQUEST_ERROR,2025-07-27T10:37:05.678537,vip,31,0.82,803.09,244256.49,email,3,monthly,0,send_payment_link,0,0.0,0.0,0.5
txn_001373,cust_0082,1,70396.41,card,SUBSCRIPTION_MANDATE_FAILURE,BAD_REQUEST_ERROR,2025-07-24T17:02:18.524021,b2b,6,0.772,469.32,816574.89,whatsapp,2,monthly,9,send_payment_link,1,17.59,0.0,0.5
txn_001374,cust_0253,2,4708.85,card,INSUFFICIENT_FUNDS,BAD_REQUEST_ERROR,2025-07-16T17:51:26.410914,new,36,0.798,908.95,4236.37,whatsapp,1,,11,retry_delayed,0,0.0,0.0,0.0
txn_001375,cust_0308,1,4252.58,nach,AUTH_OTP_FAILURE,GATEWAY_ERROR,2025-07-24T11:45:27.538740,vip,8,0.975,538.95,271204.6,email,0,,7,switch_to_upi,1,1.81,0.0,0.0
txn_001376,cust_0448,2,6667.22,card,BANK_DOWNTIME,BAD_REQUEST_ERROR,2025-07-28T00:45:12.612063,regular,7,0.736,503.23,13165.45,email,3,quarterly,15,escalate_human,0,0.0,0.0,50.0
txn_001377,cust_0111,3,3090.32,wallet,AUTH_OTP_FAILURE,GATEWAY_ERROR,2025-07-05T14:44:31.908688,at_risk,16,0.274,200.09,8571.63,upi,0,monthly,2,whatsapp_nudge,0,0.0,0.0,1.5
txn_001378,cust_0185,2,8004.94,upi,SUBSCRIPTION_MANDATE_FAILURE,BAD_REQUEST_ERROR,2025-07-08T09:39:54.926686,vip,6,0.89,251.26,146859.69,email,0,monthly,13,escalate_human,0,0.0,0.0,50.0
txn_001379,cust_0238,1,1618.13,card,EXPIRED_CARD,BAD_REQUEST_ERROR,2025-07-24T04:59:58.267895,regular,6,0.657,1093.68,5557.87,whatsapp,1,,3,email_reminder,0,0.0,0.0,0.1
txn_001380,cust_0367,3,4172.05,upi,INSUFFICIENT_FUNDS,BAD_REQUEST_ERROR,2025-07-31T00:53:10.635718,regular,5,0.939,1215.85,42289.15,whatsapp,2,annual,4,offer_discount,1,6.55,208.6,208.7
txn_001381,cust_0214,2,24204.87,upi,BANK_DOWNTIME,SERVER_ERROR,2025-07-18T20:16:49.286276,vip,2,0.91,416.88,141961.8,upi,1,monthly,7,retry_delayed,0,0.0,0.0,0.0
txn_001382,cust_0249,3,28718.76,upi,BANK_DOWNTIME,BAD_REQUEST_ERROR,2025-07-07T23:19:47.874841,b2b,15,0.721,373.53,849409.27,email,3,,10,retry_delayed,0,0.0,0.0,0.0
txn_001383,cust_0266,2,10563.3,card,AUTH_OTP_FAILURE,BAD_REQUEST_ERROR,2025-07-14T14:09:26.865501,vip,27,0.939,6670.22,342422.34,whatsapp,2,annual,2,retry_delayed,0,0.0,0.0,0.0
txn_001384,cust_0023,2,17516.84,card,INSUFFICIENT_FUNDS,BAD_REQUEST_ERROR,2025-07-19T06:58:08.719845,b2b,22,0.872,500.21,1232480.85,sms,3,monthly,9,offer_discount,0,0.0,0.0,1751.78
txn_001385,cust_0442,1,27452.62,card,EXPIRED_CARD,BAD_REQUEST_ERROR,2025-07-19T16:19:31.779288,b2b,28,0.671,1189.09,752197.26,email,3,,5,switch_to_upi,0,0.0,0.0,0.0
txn_001386,cust_0400,3,334.78,netbanking,INSUFFICIENT_FUNDS,BAD_REQUEST_ERROR,2025-07-18T12:11:36.749780,at_risk,6,0.191,1771.23,6492.96,upi,3,quarterly,31,escalate_human,0,0.0,0.0,50.0
txn_001387,cust_0201,3,647.73,card,AUTH_OTP_FAILURE,GATEWAY_ERROR,2025-07-18T13:59:05.170805,new,22,0.571,312.08,9945.56,whatsapp,1,,5,whatsapp_nudge,0,0.0,0.0,1.5
txn_001388,cust_0013,2,31443.39,wallet,INVALID_DETAILS,BAD_REQUEST_ERROR,2025-07-13T03:22:35.060996,regular,1,0.868,839.94,11503.59,whatsapp,0,,81,sms_reminder,0,0.0,0.0,0.25
txn_001389,cust_0311,1,3269.27,upi,SUSPECTED_FRAUD,BAD_REQUEST_ERROR,2025-07-15T02:21:01.893665,at_risk,4,0.395,1653.09,12481.84,email,2,,4,escalate_human,0,0.0,0.0,50.0
txn_001390,cust_0337,2,876.67,wallet,AUTH_OTP_FAILURE,GATEWAY_ERROR,2025-07-23T05:48:06.531982,new,9,0.709,7139.68,1860.37,upi,1,,37,email_reminder,1,12.34,0.0,0.1
txn_001391,cust_0394,3,22135.78,card,SUBSCRIPTION_MANDATE_FAILURE,BAD_REQUEST_ERROR,2025-07-05T04:50:10.227142,vip,25,0.82,3685.19,133485.89,email,2,monthly,1,email_reminder,0,0.0,0.0,0.1
txn_001392,cust_0179,3,2774.5,card,USER_ABANDONED,BAD_REQUEST_ERROR,2025-07-27T22:08:37.871318,regular,7,0.952,155.82,34699.38,whatsapp,3,,2,offer_discount,0,0.0,0.0,277.55
txn_001393,cust_0209,3,6035.32,emi,USER_ABANDONED,BAD_REQUEST_ERROR,2025-07-06T01:52:43.598646,regular,2,0.755,2119.17,34495.67,whatsapp,2,,8,whatsapp_nudge,1,3.5,0.0,1.5
txn_001394,cust_0408,2,10877.71,upi,INSUFFICIENT_FUNDS,BAD_REQUEST_ERROR,2025-07-22T04:00:13.652654,vip,24,0.852,1654.37,490463.89,whatsapp,3,,0,retry_delayed,0,0.0,0.0,0.0
txn_001395,cust_0164,2,1638.79,netbanking,INSUFFICIENT_FUNDS,BAD_REQUEST_ERROR,2025-07-07T22:22:40.379158,regular,5,0.836,220.07,31037.42,email,3,monthly,2,send_payment_link,0,0.0,0.0,0.5
txn_001396,cust_0371,3,2401.24,wallet,INSUFFICIENT_FUNDS,BAD_REQUEST_ERROR,2025-07-26T06:53:17.181547,new,8,0.751,337.88,9561.57,email,1,,49,send_payment_link,1,4.91,0.0,0.5
txn_001397,cust_0209,3,2600.28,netbanking,MERCHANT_INTEGRATION_ERROR,SERVER_ERROR,2025-07-09T20:57:37.004912,regular,2,0.755,2119.17,34495.67,whatsapp,0,monthly,8,retry_delayed,0,0.0,0.0,0.0
txn_001398,cust_0377,2,9437.54,emi,AUTH_OTP_FAILURE,GATEWAY_ERROR,2025-07-11T07:15:05.481992,new,15,0.745,458.34,4230.89,email,1,,15,retry_delayed,0,0.0,0.0,0.0
txn_001399,cust_0114,1,7578.98,card,AUTH_OTP_FAILURE,BAD_REQUEST_ERROR,2025-07-30T10:32:40.962770,vip,1,0.671,6892.12,79735.64,upi,1,,7,switch_to_upi,0,0.0,0.0,0.0
txn_001400,cust_0283,3,3954.53,card,SUBSCRIPTION_MANDATE_FAILURE,BAD_REQUEST_ERROR,2025-07-06T05:14:15.487143,regular,7,0.74,1061.12,38404.97,whatsapp,2,monthly,20,send_payment_link,0,0.0,0.0,0.5
txn_001401,cust_0017,1,6420.5,netbanking,INSUFFICIENT_FUNDS,BAD_REQUEST_ERROR,2025-07-17T19:16:56.976007,b2b,33,0.766,1348.98,652743.89,upi,3,,21,whatsapp_nudge,0,0.0,0.0,1.5
txn_001402,cust_0354,3,13205.25,card,INSUFFICIENT_FUNDS,BAD_REQUEST_ERROR,2025-07-18T07:13:37.040511,b2b,8,0.704,2244.72,342976.53,email,1,,6,whatsapp_nudge,0,0.0,0.0,1.5
txn_001403,cust_0280,1,58372.38,upi,USER_ABANDONED,BAD_REQUEST_ERROR,2025-07-04T14:04:42.768768,vip,18,0.836,447.94,405889.31,sms,1,,15,whatsapp_nudge,1,11.52,0.0,1.5
txn_001404,cust_0463,2,216.32,upi,SUBSCRIPTION_MANDATE_FAILURE,BAD_REQUEST_ERROR,2025-07-14T03:10:42.054547,at_risk,4,0.503,1041.22,5616.73,email,0,monthly,5,escalate_human,0,0.0,0.0,50.0
txn_001405,cust_0189,1,24905.02,upi,AUTH_OTP_FAILURE,BAD_REQUEST_ERROR,2025-07-06T15:18:34.831169,vip,1,0.872,427.02,98900.14,whatsapp,2,monthly,1,retry_delayed,0,0.0,0.0,0.0
txn_001406,cust_0344,3,466.22,wallet,INSUFFICIENT_FUNDS,BAD_REQUEST_ERROR,2025-07-11T09:42:06.563985,new,4,0.596,206.97,7509.64,whatsapp,2,,28,offer_discount,1,2.55,55.95,56.05
txn_001407,cust_0064,3,307.83,card,EXPIRED_CARD,BAD_REQUEST_ERROR,2025-07-03T06:27:00.748915,new,1,0.593,1073.76,2418.8,upi,1,,21,sms_reminder,0,0.0,0.0,0.25
txn_001408,cust_0166,3,3918.39,card,SUSPECTED_FRAUD,BAD_REQUEST_ERROR,2025-07-22T12:17:37.494923,regular,26,0.88,687.9,37073.74,email,3,,11,escalate_human,1,12.55,0.0,50.0
txn_001409,cust_0431,2,2382.39,card,INSUFFICIENT_FUNDS,BAD_REQUEST_ERROR,2025-07-26T23:50:52.407480,b2b,9,0.669,446.56,1741863.49,whatsapp,2,monthly,7,email_reminder,0,0.0,0.0,0.1
txn_001410,cust_0449,1,1308.78,card,EXPIRED_CARD,BAD_REQUEST_ERROR,2025-07-27T10:57:24.190818,at_risk,23,0.254,1691.21,14863.96,whatsapp,1,,20,send_payment_link,0,0.0,0.0,0.5
txn_001411,cust_0171,2,8106.96,upi,INSUFFICIENT_FUNDS,BAD_REQUEST_ERROR,2025-07-10T11:11:34.966385,regular,13,0.971,1086.28,46475.82,email,3,,10,send_payment_link,0,0.0,0.0,0.5
txn_001412,cust_0283,3,4653.38,upi,INSUFFICIENT_FUNDS,BAD_REQUEST_ERROR,2025-07-23T07:28:41.240237,regular,7,0.74,1061.12,38404.97,whatsapp,0,,20,retry_delayed,1,25.53,0.0,0.0
txn_001413,cust_0147,1,7659.83,netbanking,USER_ABANDONED,BAD_REQUEST_ERROR,2025-07-01T16:06:29.804470,regular,29,0.873,6765.84,30567.53,upi,1,,21,whatsapp_nudge,0,0.0,0.0,1.5
txn_001414,cust_0481,1,3942.58,card,EXPIRED_CARD,BAD_REQUEST_ERROR,2025-07-01T17:22:17.948591,regular,16,0.736,3702.18,45243.02,email,2,,22,email_reminder,1,20.35,0.0,0.1
txn_001415,cust_0484,2,913.57,wallet,INSUFFICIENT_FUNDS,BAD_REQUEST_ERROR,2025-07-08T19:39:18.742969,new,1,0.8,3194.2,6901.97,whatsapp,2,,14,send_payment_link,0,0.0,0.0,0.5
txn_001416,cust_0138,3,1363.78,card,INVALID_DETAILS,BAD_REQUEST_ERROR,2025-07-02T16:43:05.516654,regular,9,0.365,206.68,27868.68,email,3,,3,send_payment_link,0,0.0,0.0,0.5
txn_001417,cust_0447,2,4310.62,card,EXPIRED_CARD,BAD_REQUEST_ERROR,2025-07-18T02:03:49.615192,vip,16,0.787,1526.25,485126.21,email,2,,7,send_payment_link,0,0.0,0.0,0.5
txn_001418,cust_0057,2,969.03,nach,AUTH_OTP_FAILURE,BAD_REQUEST_ERROR,2025-07-30T04:50:23.597486,at_risk,29,0.305,401.43,18163.23,whatsapp,2,,27,sms_reminder,0,0.0,0.0,0.25
txn_001419,cust_0375,3,2849.75,emi,BANK_DOWNTIME,GATEWAY_ERROR,2025-07-12T08:24:26.950020,new,27,0.726,308.73,5868.91,email,2,monthly,17,escalate_human,0,0.0,0.0,50.0
txn_001420,cust_0177,3,5357.96,card,EXPIRED_CARD,BAD_REQUEST_ERROR,2025-07-10T07:21:06.279512,regular,10,0.744,1758.21,12965.06,sms,3,monthly,21,offer_discount,1,11.35,267.9,268.0
txn_001421,cust_0444,3,2626.12,upi,INSUFFICIENT_FUNDS,BAD_REQUEST_ERROR,2025-07-12T14:41:08.399141,regular,90,0.588,1071.94,26714.19,upi,0,monthly,17,sms_reminder,0,0.0,0.0,0.25
txn_001422,cust_0070,3,1675.39,nach,INSUFFICIENT_FUNDS,BAD_REQUEST_ERROR,2025-07-19T16:31:09.270739,regular,28,0.59,362.32,24409.72,whatsapp,0,monthly,10,whatsapp_nudge,0,0.0,0.0,1.5
txn_001423,cust_0118,3,3434.16,card,USER_ABANDONED,BAD_REQUEST_ERROR,2025-07-17T00:46:15.810947,regular,16,0.94,70.68,47689.05,whatsapp,1,,2,send_payment_link,1,3.64,0.0,0.5
txn_001424,cust_0440,1,12520.44,upi,INVALID_DETAILS,BAD_REQUEST_ERROR,2025-07-15T13:04:48.661491,at_risk,10,0.216,1156.28,5672.63,whatsapp,3,annual,8,email_reminder,0,0.0,0.0,0.1
txn_001425,cust_0163,1,5990.78,nach,SUBSCRIPTION_MANDATE_FAILURE,BAD_REQUEST_ERROR,2025-07-22T17:33:41.017991,b2b,30,0.341,900.78,1449032.07,email,3,monthly,49,switch_to_upi,1,2.27,0.0,0.0
txn_001426,cust_0405,3,169.75,card,EXPIRED_CARD,BAD_REQUEST_ERROR,2025-07-02T09:47:32.772299,new,3,0.827,2365.97,9427.34,whatsapp,1,,2,escalate_human,0,0.0,0.0,50.0
txn_001427,cust_0273,3,4563.17,card,USER_ABANDONED,BAD_REQUEST_ERROR,2025-07-21T20:21:27.398366,vip,2,0.861,1275.89,255311.29,email,0,annual,21,whatsapp_nudge,1,4.07,0.0,1.5
txn_001428,cust_0214,2,8307.13,upi,AUTH_OTP_FAILURE,BAD_REQUEST_ERROR,2025-07-09T04:30:22.291689,vip,2,0.91,416.88,141961.8,upi,3,,7,escalate_human,0,0.0,0.0,50.0
txn_001429,cust_0312,3,1483.56,upi,INSUFFICIENT_FUNDS,BAD_REQUEST_ERROR,2025-07-18T03:10:53.918272,regular,7,0.789,1761.94,20810.74,sms,1,,11,switch_to_upi,0,0.0,0.0,0.0
txn_001430,cust_0402,3,1051.66,card,AUTH_OTP_FAILURE,BAD_REQUEST_ERROR,2025-07-09T07:18:44.528123,regular,7,0.689,3181.94,35962.78,email,3,,15,switch_to_upi,0,0.0,0.0,0.0
txn_001431,cust_0306,3,3500.25,upi,SUSPECTED_FRAUD,BAD_REQUEST_ERROR,2025-07-03T11:14:26.100569,vip,20,0.642,1834.92,338747.18,whatsapp,1,,22,escalate_human,1,18.6,0.0,50.0
txn_001432,cust_0246,3,14793.87,card,INSUFFICIENT_FUNDS,BAD_REQUEST_ERROR,2025-07-25T13:57:36.652996,vip,15,0.355,1365.8,240122.79,whatsapp,0,,23,escalate_human,1,13.99,0.0,50.0
txn_001433,cust_0414,1,2017.06,netbanking,AUTH_OTP_FAILURE,BAD_REQUEST_ERROR,2025-07-25T04:02:55.623578,regular,1,0.611,130.92,13403.58,sms,1,,11,sms_reminder,0,0.0,0.0,0.25
txn_001434,cust_0467,2,4623.55,card,INSUFFICIENT_FUNDS,BAD_REQUEST_ERROR,2025-07-22T21:38:05.539562,regular,15,0.865,1438.38,32685.35,sms,2,monthly,36,switch_to_upi,0,0.0,0.0,0.0
txn_001435,cust_0460,1,6448.15,upi,SUBSCRIPTION_MANDATE_FAILURE,BAD_REQUEST_ERROR,2025-07-26T14:21:57.894094,regular,9,0.794,1073.93,14725.04,sms,1,monthly,12,whatsapp_nudge,0,0.0,0.0,1.5
txn_001436,cust_0242,3,3520.53,netbanking,AUTH_OTP_FAILURE,BAD_REQUEST_ERROR,2025-07-14T19:32:44.870361,new,1,0.863,1470.88,2348.97,whatsapp,2,,37,switch_to_upi,0,0.0,0.0,0.0
txn_001437,cust_0428,2,483.55,card,EXPIRED_CARD,BAD_REQUEST_ERROR,2025-07-07T06:10:19.788055,new,3,0.894,1420.61,5147.68,sms,1,,29,email_reminder,0,0.0,0.0,0.1
txn_001438,cust_0389,2,7276.63,upi,SUSPECTED_FRAUD,BAD_REQUEST_ERROR,2025-07-02T02:19:51.798199,regular,13,0.841,254.94,43700.29,whatsapp,2,,14,escalate_human,0,0.0,0.0,50.0
txn_001439,cust_0332,1,5211.83,card,EXPIRED_CARD,BAD_REQUEST_ERROR,2025-07-02T04:40:40.572889,at_risk,11,0.103,2282.19,17409.96,whatsapp,2,,51,sms_reminder,0,0.0,0.0,0.25
txn_001440,cust_0172,1,741.33,card,EXPIRED_CARD,BAD_REQUEST_ERROR,2025-07-04T03:24:21.613624,at_risk,2,0.379,1864.87,14935.86,whatsapp,0,monthly,15,email_reminder,1,2.92,0.0,0.1
txn_001441,cust_0247,3,1585.27,card,BANK_DOWNTIME,GATEWAY_ERROR,2025-07-05T03:07:14.021756,regular,10,0.945,1905.05,24286.68,whatsapp,3,monthly,5,escalate_human,1,4.6,0.0,50.0
txn_001442,cust_0364,2,9302.97,card,INSUFFICIENT_FUNDS,BAD_REQUEST_ERROR,2025-07-24T04:02:49.640040,vip,11,0.784,816.8,189978.73,sms,2,monthly,10,retry_delayed,1,28.78,0.0,0.0
txn_001443,cust_0083,1,16139.65,wallet,USER_ABANDONED,BAD_REQUEST_ERROR,2025-07-03T10:32:46.674134,b2b,4,0.821,2440.33,988516.49,whatsapp,1,annual,8,whatsapp_nudge,1,9.4,0.0,1.5
txn_001444,cust_0351,2,10587.64,upi,BANK_DOWNTIME,SERVER_ERROR,2025-07-23T02:16:34.100790,regular,12,0.784,312.11,20471.72,email,2,,0,retry_delayed,1,13.94,0.0,0.0
txn_001445,cust_0112,3,2534.17,nach,SUBSCRIPTION_MANDATE_FAILURE,BAD_REQUEST_ERROR,2025-07-27T21:15:58.483482,vip,27,0.419,708.89,180087.61,email,2,monthly,6,whatsapp_nudge,0,0.0,0.0,1.5
txn_001446,cust_0157,3,1804.34,upi,INSUFFICIENT_FUNDS,BAD_REQUEST_ERROR,2025-07-07T07:34:37.261481,regular,6,0.98,950.51,44450.52,whatsapp,0,,16,whatsapp_nudge,0,0.0,0.0,1.5
txn_001447,cust_0348,2,2863.48,card,MERCHANT_INTEGRATION_ERROR,SERVER_ERROR,2025-07-10T09:01:17.124695,regular,21,0.481,789.35,41887.7,upi,2,monthly,22,send_payment_link,0,0.0,0.0,0.5
txn_001448,cust_0147,1,408.84,upi,MERCHANT_INTEGRATION_ERROR,SERVER_ERROR,2025-07-11T23:41:36.504337,regular,29,0.873,6765.84,30567.53,upi,3,monthly,21,retry_delayed,0,0.0,0.0,0.0
txn_001449,cust_0011,3,2274.39,card,INSUFFICIENT_FUNDS,BAD_REQUEST_ERROR,2025-07-14T22:39:47.585934,vip,6,0.639,537.55,252212.68,whatsapp,3,monthly,10,send_payment_link,1,9.46,0.0,0.5
txn_001450,cust_0430,3,8197.75,upi,INSUFFICIENT_FUNDS,BAD_REQUEST_ERROR,2025-07-17T16:16:03.778491,regular,10,0.739,228.33,33038.84,upi,1,annual,4,offer_discount,0,0.0,0.0,655.92
txn_001451,cust_0405,3,1224.33,upi,AUTH_OTP_FAILURE,GATEWAY_ERROR,2025-07-10T04:57:28.717541,new,3,0.827,2365.97,9427.34,whatsapp,0,,2,switch_to_upi,1,0.69,0.0,0.0
txn_001452,cust_0043,2,1153.38,upi,INSUFFICIENT_FUNDS,BAD_REQUEST_ERROR,2025-07-23T21:44:02.323914,new,10,0.908,873.85,8899.38,sms,3,,23,retry_delayed,1,27.86,0.0,0.0
txn_001453,cust_0164,2,6947.42,wallet,MERCHANT_INTEGRATION_ERROR,SERVER_ERROR,2025-07-17T10:05:49.010409,regular,5,0.836,220.07,31037.42,email,0,,2,escalate_human,1,57.16,0.0,50.0
txn_001454,cust_0208,1,482.21,card,EXPIRED_CARD,BAD_REQUEST_ERROR,2025-07-08T23:10:33.544014,regular,24,0.733,2261.1,25360.26,email,0,,7,sms_reminder,0,0.0,0.0,0.25
txn_001455,cust_0361,1,2093.96,upi,USER_ABANDONED,BAD_REQUEST_ERROR,2025-07-15T13:24:57.894105,new,2,0.696,118.76,6921.14,whatsapp,0,monthly,2,offer_discount,0,0.0,0.0,251.38
txn_001456,cust_0426,1,450.28,upi,SUBSCRIPTION_MANDATE_FAILURE,BAD_REQUEST_ERROR,2025-07-30T09:50:59.716411,at_risk,1,0.521,1414.51,14758.04,sms,1,monthly,3,escalate_human,0,0.0,0.0,50.0
txn_001457,cust_0380,1,6960.26,netbanking,BANK_DOWNTIME,GATEWAY_ERROR,2025-07-10T17:17:50.722275,vip,1,0.752,806.93,459540.35,email,2,quarterly,14,send_payment_link,0,0.0,0.0,0.5
txn_001458,cust_0475,3,1442.54,upi,INSUFFICIENT_FUNDS,BAD_REQUEST_ERROR,2025-07-06T23:55:11.198498,new,6,0.93,201.1,9364.21,sms,0,quarterly,1,retry_delayed,1,11.24,0.0,0.0
txn_001459,cust_0189,1,5924.18,upi,SUBSCRIPTION_MANDATE_FAILURE,BAD_REQUEST_ERROR,2025-07-21T08:41:13.365217,vip,1,0.872,427.02,98900.14,whatsapp,1,monthly,1,email_reminder,1,45.78,0.0,0.1
txn_001460,cust_0267,1,2878.76,card,EXPIRED_CARD,BAD_REQUEST_ERROR,2025-07-01T01:48:33.895647,vip,1,0.833,962.71,154648.86,whatsapp,3,,33,sms_reminder,0,0.0,0.0,0.25
txn_001461,cust_0327,2,179.11,card,EXPIRED_CARD,BAD_REQUEST_ERROR,2025-07-03T14:29:34.636920,at_risk,33,0.365,3933.07,14624.08,whatsapp,3,,13,whatsapp_nudge,0,0.0,0.0,1.5
txn_001462,cust_0405,3,1179.95,wallet,INSUFFICIENT_FUNDS,BAD_REQUEST_ERROR,2025-07-07T08:59:59.999410,new,3,0.827,2365.97,9427.34,whatsapp,3,monthly,2,offer_discount,0,0.0,0.0,118.1
txn_001463,cust_0406,1,1898.7,upi,SUSPECTED_FRAUD,BAD_REQUEST_ERROR,2025-07-23T22:23:12.294203,new,3,0.722,2000.15,5901.2,whatsapp,0,annual,6,escalate_human,0,0.0,0.0,50.0
txn_001464,cust_0165,1,10441.99,card,EXPIRED_CARD,BAD_REQUEST_ERROR,2025-07-08T12:38:06.466059,new,30,0.939,983.34,1177.39,whatsapp,3,quarterly,20,sms_reminder,0,0.0,0.0,0.25
txn_001465,cust_0404,3,2323.29,upi,SUSPECTED_FRAUD,BAD_REQUEST_ERROR,2025-07-04T14:58:45.645457,at_risk,12,0.17,491.74,11465.8,sms,2,monthly,7,escalate_human,0,0.0,0.0,50.0
txn_001466,cust_0444,3,7901.55,card,INSUFFICIENT_FUNDS,BAD_REQUEST_ERROR,2025-07-23T01:08:09.714584,regular,90,0.588,1071.94,26714.19,upi,2,,17,offer_discount,0,0.0,0.0,790.26
txn_001467,cust_0294,1,398.14,upi,SUSPECTED_FRAUD,BAD_REQUEST_ERROR,2025-07-28T22:39:48.473208,at_risk,17,0.575,242.12,13150.39,whatsapp,2,,0,escalate_human,0,0.0,0.0,50.0
txn_001468,cust_0448,2,817.5,emi,INSUFFICIENT_FUNDS,BAD_REQUEST_ERROR,2025-07-20T11:49:19.787098,regular,7,0.736,503.23,13165.45,email,0,monthly,15,offer_discount,1,10.26,122.62,122.72
txn_001469,cust_0042,1,2704.24,card,EXPIRED_CARD,BAD_REQUEST_ERROR,2025-07-09T03:14:46.044199,at_risk,17,0.181,1757.05,3949.05,whatsapp,2,monthly,20,offer_discount,0,0.0,0.0,216.44
txn_001470,cust_0071,1,730.22,netbanking,USER_ABANDONED,BAD_REQUEST_ERROR,2025-07-16T01:25:47.003138,regular,1,0.74,1325.76,46867.31,upi,1,,1,offer_discount,0,0.0,0.0,36.61
txn_001471,cust_0442,1,25888.46,netbanking,BANK_DOWNTIME,SERVER_ERROR,2025-07-12T14:43:05.440839,b2b,28,0.671,1189.09,752197.26,email,1,,5,send_payment_link,0,0.0,0.0,0.5
txn_001472,cust_0349,2,8760.59,card,EXPIRED_CARD,BAD_REQUEST_ERROR,2025-07-14T04:15:05.692507,vip,47,0.794,1664.9,125281.05,email,0,,20,send_payment_link,1,7.49,0.0,0.5
txn_001473,cust_0497,3,4206.23,card,SUSPECTED_FRAUD,BAD_REQUEST_ERROR,2025-07-11T02:47:37.749684,regular,27,0.776,263.53,8891.79,upi,0,monthly,13,escalate_human,0,0.0,0.0,50.0
txn_001474,cust_0222,3,1008.35,card,EXPIRED_CARD,BAD_REQUEST_ERROR,2025-07-04T11:04:11.196493,regular,12,0.711,2038.65,21496.15,whatsapp,1,monthly,74,email_reminder,1,43.96,0.0,0.1
txn_001475,cust_0146,1,5620.16,card,BANK_DOWNTIME,BAD_REQUEST_ERROR,2025-07-25T10:59:14.331098,vip,34,0.673,84.64,440227.52,email,2,monthly,20,send_payment_link,0,0.0,0.0,0.5
txn_001476,cust_0307,1,1184.81,card,EXPIRED_CARD,BAD_REQUEST_ERROR,2025-07-16T21:07:49.648210,new,3,0.797,1919.07,3118.53,whatsapp,1,,16,escalate_human,1,14.01,0.0,50.0
txn_001477,cust_0044,2,317.73,card,BANK_DOWNTIME,GATEWAY_ERROR,2025-07-22T09:54:50.046440,new,7,0.77,936.95,9487.23,email,0,,6,retry_delayed,0,0.0,0.0,0.0
txn_001478,cust_0307,1,694.76,emi,USER_ABANDONED,BAD_REQUEST_ERROR,2025-07-18T18:42:34.533048,new,3,0.797,1919.07,3118.53,whatsapp,2,monthly,16,send_payment_link,1,20.38,0.0,0.5
txn_001479,cust_0458,3,1267.07,nach,SUBSCRIPTION_MANDATE_FAILURE,BAD_REQUEST_ERROR,2025-07-24T19:38:13.278610,at_risk,23,0.308,2642.99,14493.17,email,0,monthly,12,switch_to_upi,0,0.0,0.0,0.0
txn_001480,cust_0360,3,2170.29,upi,INSUFFICIENT_FUNDS,BAD_REQUEST_ERROR,2025-07-10T05:50:28.574072,regular,8,0.831,647.19,21503.44,sms,3,,5,offer_discount,1,6.44,108.51,108.61
txn_001481,cust_0402,3,3100.22,upi,INSUFFICIENT_FUNDS,BAD_REQUEST_ERROR,2025-07-02T15:37:06.821766,regular,7,0.689,3181.94,35962.78,email,2,,15,offer_discount,1,10.44,248.02,248.12
txn_001482,cust_0203,3,228.43,upi,SUSPECTED_FRAUD,BAD_REQUEST_ERROR,2025-07-14T13:14:43.551190,regular,4,0.776,1820.28,19751.35,whatsapp,0,,5,escalate_human,0,0.0,0.0,50.0
txn_001483,cust_0068,2,790.54,card,USER_ABANDONED,BAD_REQUEST_ERROR,2025-07-27T01:53:37.951622,new,1,0.603,1024.19,2837.63,email,1,monthly,1,switch_to_upi,0,0.0,0.0,0.0
txn_001484,cust_0276,1,3567.52,nach,SUBSCRIPTION_MANDATE_FAILURE,BAD_REQUEST_ERROR,2025-07-25T18:56:06.338033,regular,15,0.844,680.87,19598.25,email,2,monthly,20,send_payment_link,0,0.0,0.0,0.5
txn_001485,cust_0431,2,9121.45,upi,USER_ABANDONED,BAD_REQUEST_ERROR,2025-07-09T23:37:15.743653,b2b,9,0.669,446.56,1741863.49,whatsapp,2,quarterly,7,retry_now,0,0.0,0.0,0.0
txn_001486,cust_0272,1,8956.69,nach,SUSPECTED_FRAUD,BAD_REQUEST_ERROR,2025-07-01T19:44:47.836427,b2b,7,0.799,554.87,383532.68,sms,2,monthly,12,escalate_human,0,0.0,0.0,50.0
txn_001487,cust_0108,1,1188.41,card,BANK_DOWNTIME,GATEWAY_ERROR,2025-07-20T00:23:06.491471,regular,1,0.848,9187.6,8038.33,sms,0,quarterly,3,retry_delayed,1,34.42,0.0,0.0
txn_001488,cust_0449,1,4671.38,wallet,SUSPECTED_FRAUD,BAD_REQUEST_ERROR,2025-07-16T23:25:41.020010,at_risk,23,0.254,1691.21,14863.96,whatsapp,1,monthly,20,escalate_human,0,0.0,0.0,50.0
txn_001489,cust_0220,3,614.34,upi,AUTH_OTP_FAILURE,BAD_REQUEST_ERROR,2025-07-31T08:23:24.444656,at_risk,2,0.423,1708.26,16875.07,whatsapp,2,quarterly,8,offer_discount,0,0.0,0.0,30.82
txn_001490,cust_0106,2,36022.41,card,INSUFFICIENT_FUNDS,BAD_REQUEST_ERROR,2025-07-13T18:30:53.269310,vip,6,0.814,2542.41,489498.84,whatsapp,0,monthly,19,retry_delayed,0,0.0,0.0,0.0
txn_001491,cust_0034,3,27897.92,card,AUTH_OTP_FAILURE,BAD_REQUEST_ERROR,2025-07-06T19:19:39.797227,vip,5,0.819,7627.01,127081.09,sms,3,quarterly,23,retry_now,0,0.0,0.0,0.0
txn_001492,cust_0125,2,18405.73,nach,BANK_DOWNTIME,SERVER_ERROR,2025-07-13T06:27:25.559054,at_risk,37,0.725,55.88,4564.58,whatsapp,1,,6,send_payment_link,1,14.94,0.0,0.5
txn_001493,cust_0018,2,1081.2,card,INSUFFICIENT_FUNDS,BAD_REQUEST_ERROR,2025-07-23T17:42:46.825223,at_risk,16,0.586,6925.1,17975.49,email,3,,12,whatsapp_nudge,1,8.56,0.0,1.5
txn_001494,cust_0494,1,3177.55,card,USER_ABANDONED,BAD_REQUEST_ERROR,2025-07-29T08:41:16.665166,regular,8,0.795,348.0,32380.27,whatsapp,3,quarterly,12,offer_discount,0,0.0,0.0,158.98
txn_001495,cust_0362,2,7206.78,card,EXPIRED_CARD,BAD_REQUEST_ERROR,2025-07-17T01:06:26.424045,new,1,0.924,2608.79,1638.85,upi,3,,37,whatsapp_nudge,0,0.0,0.0,1.5
txn_001496,cust_0381,2,18729.91,upi,USER_ABANDONED,BAD_REQUEST_ERROR,2025-07-11T08:21:39.576447,vip,15,0.57,760.59,120308.56,upi,3,,34,send_payment_link,0,0.0,0.0,0.5
txn_001497,cust_0177,3,25037.84,upi,AUTH_OTP_FAILURE,GATEWAY_ERROR,2025-07-28T23:48:51.040067,regular,10,0.744,1758.21,12965.06,sms,1,,21,switch_to_upi,0,0.0,0.0,0.0
txn_001498,cust_0301,3,1110.98,upi,INVALID_DETAILS,BAD_REQUEST_ERROR,2025-07-01T18:29:50.241528,regular,14,0.664,1812.02,19877.02,sms,3,annual,35,sms_reminder,0,0.0,0.0,0.25
txn_001499,cust_0082,1,31378.25,card,SUBSCRIPTION_MANDATE_FAILURE,BAD_REQUEST_ERROR,2025-07-25T21:03:33.628902,b2b,6,0.772,469.32,816574.89,whatsapp,3,monthly,9,escalate_human,1,38.65,0.0,50.0
txn_001500,cust_0051,3,2614.07,nach,INSUFFICIENT_FUNDS,BAD_REQUEST_ERROR,2025-07-22T05:04:19.249047,regular,7,0.937,5911.09,12368.81,email,0,quarterly,9,escalate_human,0,0.0,0.0,50.0
txn_001501,cust_0210,1,701.97,nach,INVALID_DETAILS,BAD_REQUEST_ERROR,2025-07-25T12:35:06.542700,new,7,0.85,413.2,4004.34,whatsapp,2,annual,41,escalate_human,0,0.0,0.0,50.0
txn_001502,cust_0188,2,3377.97,nach,SUBSCRIPTION_MANDATE_FAILURE,BAD_REQUEST_ERROR,2025-07-17T13:48:21.027240,new,8,0.826,8399.3,3222.64,email,2,monthly,8,whatsapp_nudge,0,0.0,0.0,1.5
txn_001503,cust_0362,2,2653.81,card,AUTH_OTP_FAILURE,BAD_REQUEST_ERROR,2025-07-20T23:55:31.668824,new,1,0.924,2608.79,1638.85,upi,2,,37,switch_to_upi,0,0.0,0.0,0.0
txn_001504,cust_0024,1,2840.93,upi,AUTH_OTP_FAILURE,GATEWAY_ERROR,2025-07-03T05:46:41.304538,regular,13,0.953,188.58,32270.71,upi,3,,4,escalate_human,0,0.0,0.0,50.0
txn_001505,cust_0156,2,556.99,upi,INSUFFICIENT_FUNDS,BAD_REQUEST_ERROR,2025-07-07T03:45:48.663367,regular,38,0.719,4029.58,7274.12,sms,2,,27,offer_discount,0,0.0,0.0,27.95
txn_001506,cust_0418,3,6585.75,card,INSUFFICIENT_FUNDS,BAD_REQUEST_ERROR,2025-07-18T10:51:50.298222,vip,7,0.857,540.31,496352.89,whatsapp,0,monthly,4,send_payment_link,1,10.77,0.0,0.5
txn_001507,cust_0021,2,8995.33,wallet,AUTH_OTP_FAILURE,GATEWAY_ERROR,2025-07-02T14:44:37.583781,vip,27,0.86,740.11,139899.04,whatsapp,1,monthly,12,whatsapp_nudge,0,0.0,0.0,1.5
txn_001508,cust_0205,1,824.54,upi,INSUFFICIENT_FUNDS,BAD_REQUEST_ERROR,2025-07-29T15:55:55.433471,regular,7,0.905,1277.72,46831.95,email,1,,8,whatsapp_nudge,1,2.3,0.0,1.5
txn_001509,cust_0452,3,486.36,upi,USER_ABANDONED,BAD_REQUEST_ERROR,2025-07-16T07:26:44.669885,new,2,0.813,745.58,602.16,whatsapp,0,monthly,11,sms_reminder,0,0.0,0.0,0.25
txn_001510,cust_0244,3,1348.62,upi,USER_ABANDONED,BAD_REQUEST_ERROR,2025-07-09T10:17:27.889250,at_risk,12,0.563,651.74,1600.05,upi,0,,18,whatsapp_nudge,0,0.0,0.0,1.5
txn_001511,cust_0408,2,18705.21,upi,INSUFFICIENT_FUNDS,BAD_REQUEST_ERROR,2025-07-02T23:07:38.590473,vip,24,0.852,1654.37,490463.89,whatsapp,3,monthly,0,offer_discount,0,0.0,0.0,1496.52
txn_001512,cust_0262,2,55654.18,netbanking,BANK_DOWNTIME,SERVER_ERROR,2025-07-15T08:00:48.615796,b2b,19,0.913,5828.33,1708536.61,upi,1,,2,sms_reminder,0,0.0,0.0,0.25
txn_001513,cust_0420,3,1021.15,upi,INVALID_DETAILS,BAD_REQUEST_ERROR,2025-07-13T22:10:54.408392,regular,12,0.929,1480.83,43269.4,upi,0,,0,send_payment_link,1,19.39,0.0,0.5
txn_001514,cust_0078,2,6011.4,card,USER_ABANDONED,BAD_REQUEST_ERROR,2025-07-28T04:26:26.505725,vip,20,0.713,747.75,299093.38,upi,2,monthly,24,whatsapp_nudge,1,11.28,0.0,1.5
txn_001515,cust_0470,2,5017.76,card,INSUFFICIENT_FUNDS,BAD_REQUEST_ERROR,2025-07-21T09:17:44.507688,new,2,0.699,1031.11,8590.6,email,0,,6,retry_delayed,0,0.0,0.0,0.0
txn_001516,cust_0491,2,1805.23,upi,USER_ABANDONED,BAD_REQUEST_ERROR,2025-07-14T07:37:58.055721,at_risk,5,0.275,35.04,12439.67,upi,1,,1,whatsapp_nudge,0,0.0,0.0,1.5
txn_001517,cust_0091,3,10150.14,card,EXPIRED_CARD,BAD_REQUEST_ERROR,2025-07-30T01:45:34.091890,vip,7,0.844,1551.89,143472.76,whatsapp,0,,5,switch_to_upi,1,3.42,0.0,0.0
txn_001518,cust_0080,3,4918.03,nach,SUBSCRIPTION_MANDATE_FAILURE,BAD_REQUEST_ERROR,2025-07-21T15:57:14.608835,regular,15,0.954,952.29,43654.23,whatsapp,1,quarterly,32,whatsapp_nudge,0,0.0,0.0,1.5
txn_001519,cust_0033,3,76548.87,netbanking,USER_ABANDONED,BAD_REQUEST_ERROR,2025-07-25T11:17:41.770579,b2b,69,0.706,254.71,361075.07,email,1,,0,whatsapp_nudge,1,11.9,0.0,1.5
txn_001520,cust_0299,3,15321.12,wallet,BANK_DOWNTIME,GATEWAY_ERROR,2025-07-05T01:00:12.961594,vip,3,0.805,490.97,92344.69,upi,0,,0,send_payment_link,0,0.0,0.0,0.5
txn_001521,cust_0007,3,4935.88,nach,SUBSCRIPTION_MANDATE_FAILURE,BAD_REQUEST_ERROR,2025-07-12T01:11:56.225468,at_risk,25,0.503,237.26,13059.65,whatsapp,2,monthly,4,send_payment_link,0,0.0,0.0,0.5
txn_001522,cust_0175,1,2018.6,wallet,AUTH_OTP_FAILURE,BAD_REQUEST_ERROR,2025-07-24T06:25:54.972922,regular,39,0.776,803.96,49352.95,whatsapp,2,monthly,12,sms_reminder,0,0.0,0.0,0.25
txn_001523,cust_0057,2,3446.95,upi,INVALID_DETAILS,BAD_REQUEST_ERROR,2025-07-25T23:47:09.803346,at_risk,29,0.305,401.43,18163.23,whatsapp,0,,27,whatsapp_nudge,0,0.0,0.0,1.5
txn_001524,cust_0125,2,1600.39,card,EXPIRED_CARD,BAD_REQUEST_ERROR,2025-07-24T21:52:07.475579,at_risk,37,0.725,55.88,4564.58,whatsapp,3,,6,send_payment_link,0,0.0,0.0,0.5
txn_001525,cust_0001,3,1512.12,card,EXPIRED_CARD,BAD_REQUEST_ERROR,2025-07-15T21:50:52.852690,at_risk,36,0.655,394.0,9338.69,email,2,,1,switch_to_upi,0,0.0,0.0,0.0
txn_001526,cust_0070,3,1895.65,wallet,AUTH_OTP_FAILURE,BAD_REQUEST_ERROR,2025-07-15T17:03:36.457495,regular,28,0.59,362.32,24409.72,whatsapp,2,quarterly,10,whatsapp_nudge,0,0.0,0.0,1.5
txn_001527,cust_0342,1,593.18,nach,INSUFFICIENT_FUNDS,BAD_REQUEST_ERROR,2025-07-05T20:25:40.272377,at_risk,3,0.353,12906.08,2088.52,whatsapp,3,,4,send_payment_link,0,0.0,0.0,0.5
txn_001528,cust_0034,3,2196.45,card,INSUFFICIENT_FUNDS,BAD_REQUEST_ERROR,2025-07-04T20:54:44.289182,vip,5,0.819,7627.01,127081.09,sms,1,,23,send_payment_link,1,5.39,0.0,0.5
txn_001529,cust_0103,3,4393.33,upi,INSUFFICIENT_FUNDS,BAD_REQUEST_ERROR,2025-07-12T03:24:35.707611,at_risk,1,0.13,832.85,4186.29,email,1,,6,whatsapp_nudge,0,0.0,0.0,1.5
txn_001530,cust_0299,3,2929.54,upi,USER_ABANDONED,BAD_REQUEST_ERROR,2025-07-24T14:12:35.690322,vip,3,0.805,490.97,92344.69,upi,2,quarterly,0,send_payment_link,0,0.0,0.0,0.5
txn_001531,cust_0460,1,2293.44,nach,SUBSCRIPTION_MANDATE_FAILURE,BAD_REQUEST_ERROR,2025-07-14T20:42:58.115537,regular,9,0.794,1073.93,14725.04,sms,3,monthly,12,sms_reminder,0,0.0,0.0,0.25
txn_001532,cust_0251,1,2507.51,upi,USER_ABANDONED,BAD_REQUEST_ERROR,2025-07-06T05:49:52.165091,regular,5,0.566,5561.86,41802.59,email,1,,11,switch_to_upi,0,0.0,0.0,0.0
txn_001533,cust_0172,1,1108.55,card,BANK_DOWNTIME,SERVER_ERROR,2025-07-08T04:17:23.463066,at_risk,2,0.379,1864.87,14935.86,whatsapp,3,quarterly,15,retry_delayed,0,0.0,0.0,0.0
txn_001534,cust_0243,2,6219.51,card,USER_ABANDONED,BAD_REQUEST_ERROR,2025-07-11T07:40:20.513166,vip,5,0.68,746.47,105984.67,whatsapp,2,,1,sms_reminder,0,0.0,0.0,0.25
txn_001535,cust_0036,3,865.17,card,INSUFFICIENT_FUNDS,BAD_REQUEST_ERROR,2025-07-11T02:38:50.260886,regular,10,0.686,6488.24,21388.64,whatsapp,0,,20,send_payment_link,0,0.0,0.0,0.5
txn_001536,cust_0494,1,1937.54,upi,BANK_DOWNTIME,SERVER_ERROR,2025-07-14T12:02:17.604438,regular,8,0.795,348.0,32380.27,whatsapp,1,,12,retry_delayed,1,3.23,0.0,0.0
txn_001537,cust_0029,1,30861.45,upi,INSUFFICIENT_FUNDS,BAD_REQUEST_ERROR,2025-07-19T17:42:54.730143,b2b,21,0.836,50.4,1623849.17,upi,0,,5,send_payment_link,0,0.0,0.0,0.5
txn_001538,cust_0461,1,2173.61,upi,USER_ABANDONED,BAD_REQUEST_ERROR,2025-07-28T13:57:59.604548,regular,38,0.942,542.95,21370.86,upi,1,,38,email_reminder,1,5.11,0.0,0.1
txn_001539,cust_0390,2,38407.93,upi,SUSPECTED_FRAUD,BAD_REQUEST_ERROR,2025-07-28T09:41:55.335506,b2b,28,0.676,3757.19,660614.17,upi,3,,2,escalate_human,0,0.0,0.0,50.0
txn_001540,cust_0029,1,39843.14,upi,MERCHANT_INTEGRATION_ERROR,SERVER_ERROR,2025-07-08T09:28:18.976464,b2b,21,0.836,50.4,1623849.17,upi,0,,5,retry_now,0,0.0,0.0,0.0
txn_001541,cust_0037,2,18076.95,upi,INSUFFICIENT_FUNDS,BAD_REQUEST_ERROR,2025-07-28T20:27:11.498906,b2b,8,0.717,857.32,1582572.84,upi,1,,2,retry_delayed,0,0.0,0.0,0.0
txn_001542,cust_0463,2,1138.92,card,BANK_DOWNTIME,BAD_REQUEST_ERROR,2025-07-08T02:28:00.604389,at_risk,4,0.503,1041.22,5616.73,email,1,,5,retry_delayed,1,20.08,0.0,0.0
txn_001543,cust_0092,2,2429.96,card,BANK_DOWNTIME,SERVER_ERROR,2025-07-17T06:22:24.979514,regular,12,0.368,466.6,49487.18,whatsapp,2,,2,retry_delayed,0,0.0,0.0,0.0
txn_001544,cust_0118,3,172.92,card,SUBSCRIPTION_MANDATE_FAILURE,BAD_REQUEST_ERROR,2025-07-08T02:41:53.313072,regular,16,0.94,70.68,47689.05,whatsapp,3,monthly,2,send_payment_link,0,0.0,0.0,0.5
txn_001545,cust_0128,1,3414.09,nach,SUBSCRIPTION_MANDATE_FAILURE,BAD_REQUEST_ERROR,2025-07-01T05:08:59.879068,new,9,0.713,1924.2,2290.51,upi,0,monthly,12,escalate_human,0,0.0,0.0,50.0
txn_001546,cust_0113,3,1851.5,nach,SUBSCRIPTION_MANDATE_FAILURE,BAD_REQUEST_ERROR,2025-07-18T05:57:17.366356,regular,17,0.896,224.85,16708.31,whatsapp,1,annual,26,send_payment_link,1,17.77,0.0,0.5
txn_001547,cust_0124,2,1608.52,card,BANK_DOWNTIME,BAD_REQUEST_ERROR,2025-07-12T22:50:05.594047,at_risk,27,0.433,3024.74,8088.15,whatsapp,1,,81,retry_delayed,0,0.0,0.0,0.0
txn_001548,cust_0068,2,2225.17,card,AUTH_OTP_FAILURE,BAD_REQUEST_ERROR,2025-07-18T12:47:31.109234,new,1,0.603,1024.19,2837.63,email,2,monthly,1,switch_to_upi,0,0.0,0.0,0.0
txn_001549,cust_0439,3,1137.75,card,INSUFFICIENT_FUNDS,BAD_REQUEST_ERROR,2025-07-15T02:25:54.941087,regular,25,0.917,771.82,39907.66,whatsapp,3,,18,switch_to_upi,1,0.74,0.0,0.0
txn_001550,cust_0060,3,4367.72,emi,BANK_DOWNTIME,SERVER_ERROR,2025-07-22T12:21:53.155372,regular,2,0.783,2582.68,7191.43,sms,2,,0,escalate_human,0,0.0,0.0,50.0
txn_001551,cust_0388,3,4115.43,card,EXPIRED_CARD,BAD_REQUEST_ERROR,2025-07-19T14:46:33.044619,regular,8,0.825,515.9,24711.21,whatsapp,2,monthly,7,offer_discount,0,0.0,0.0,205.87
txn_001552,cust_0136,1,1384.76,upi,USER_ABANDONED,BAD_REQUEST_ERROR,2025-07-13T07:43:26.202129,b2b,6,0.828,852.96,761011.47,sms,1,,7,send_payment_link,0,0.0,0.0,0.5
txn_001553,cust_0445,2,9466.45,wallet,AUTH_OTP_FAILURE,GATEWAY_ERROR,2025-07-25T04:21:39.413478,b2b,10,0.919,1305.83,1063915.56,whatsapp,3,monthly,0,sms_reminder,0,0.0,0.0,0.25
txn_001554,cust_0109,2,1865.76,upi,USER_ABANDONED,BAD_REQUEST_ERROR,2025-07-08T22:52:02.768272,new,19,0.626,1146.73,8677.61,email,1,monthly,12,whatsapp_nudge,0,0.0,0.0,1.5
txn_001555,cust_0196,2,6044.36,wallet,INSUFFICIENT_FUNDS,BAD_REQUEST_ERROR,2025-07-09T00:12:34.109606,b2b,3,0.352,2207.75,751035.56,email,2,monthly,9,escalate_human,0,0.0,0.0,50.0
txn_001556,cust_0242,3,532.85,wallet,BANK_DOWNTIME,BAD_REQUEST_ERROR,2025-07-04T03:15:20.519422,new,1,0.863,1470.88,2348.97,whatsapp,2,,37,send_payment_link,0,0.0,0.0,0.5
txn_001557,cust_0114,1,22106.86,upi,AUTH_OTP_FAILURE,GATEWAY_ERROR,2025-07-23T00:39:01.899302,vip,1,0.671,6892.12,79735.64,upi,3,,7,escalate_human,0,0.0,0.0,50.0
txn_001558,cust_0085,1,7398.28,card,EXPIRED_CARD,BAD_REQUEST_ERROR,2025-07-24T02:58:51.385929,regular,86,0.681,1437.52,48169.96,upi,0,monthly,11,whatsapp_nudge,1,3.6,0.0,1.5
txn_001559,cust_0298,2,19810.46,upi,AUTH_OTP_FAILURE,BAD_REQUEST_ERROR,2025-07-28T15:46:50.829548,vip,2,0.871,1636.41,438833.51,sms,1,,18,switch_to_upi,0,0.0,0.0,0.0
txn_001560,cust_0114,1,7623.72,upi,INSUFFICIENT_FUNDS,BAD_REQUEST_ERROR,2025-07-01T11:29:39.149679,vip,1,0.671,6892.12,79735.64,upi,1,,7,retry_delayed,0,0.0,0.0,0.0
txn_001561,cust_0053,2,2836.68,upi,AUTH_OTP_FAILURE,BAD_REQUEST_ERROR,2025-07-17T11:50:12.470575,regular,20,0.875,905.94,31390.03,sms,3,,1,offer_discount,0,0.0,0.0,141.93
txn_001562,cust_0398,1,370.38,wallet,INSUFFICIENT_FUNDS,BAD_REQUEST_ERROR,2025-07-09T03:40:11.054133,new,77,0.869,320.82,4919.1,sms,2,monthly,5,retry_delayed,1,6.16,0.0,0.0
txn_001563,cust_0039,3,7282.81,upi,INVALID_DETAILS,BAD_REQUEST_ERROR,2025-07-08T13:39:34.499012,at_risk,7,0.412,470.78,3101.18,email,0,quarterly,8,send_payment_link,0,0.0,0.0,0.5
txn_001564,cust_0199,2,2142.91,upi,AUTH_OTP_FAILURE,BAD_REQUEST_ERROR,2025-07-29T13:09:13.624953,regular,8,0.939,978.14,20255.35,upi,0,,19,escalate_human,1,27.82,0.0,50.0
txn_001565,cust_0452,3,1410.66,emi,AUTH_OTP_FAILURE,GATEWAY_ERROR,2025-07-26T00:15:37.546251,new,2,0.813,745.58,602.16,whatsapp,0,monthly,11,retry_now,0,0.0,0.0,0.0
txn_001566,cust_0301,3,4399.55,upi,INSUFFICIENT_FUNDS,BAD_REQUEST_ERROR,2025-07-25T20:49:46.912853,regular,14,0.664,1812.02,19877.02,sms,1,,35,retry_delayed,1,27.47,0.0,0.0
txn_001567,cust_0271,2,11996.31,upi,USER_ABANDONED,BAD_REQUEST_ERROR,2025-07-11T05:42:24.461837,b2b,1,0.95,1982.12,305785.43,whatsapp,0,,4,whatsapp_nudge,0,0.0,0.0,1.5
txn_001568,cust_0064,3,342.19,card,INSUFFICIENT_FUNDS,BAD_REQUEST_ERROR,2025-07-05T21:25:18.425905,new,1,0.593,1073.76,2418.8,upi,0,,21,retry_delayed,1,25.92,0.0,0.0
txn_001569,cust_0451,1,1706.85,card,AUTH_OTP_FAILURE,BAD_REQUEST_ERROR,2025-07-17T19:41:41.540677,regular,8,0.715,3109.75,13051.62,sms,3,,7,email_reminder,0,0.0,0.0,0.1
txn_001570,cust_0189,1,8217.64,netbanking,BANK_DOWNTIME,BAD_REQUEST_ERROR,2025-07-16T13:17:01.990662,vip,1,0.872,427.02,98900.14,whatsapp,3,annual,1,switch_to_upi,0,0.0,0.0,0.0
txn_001571,cust_0135,3,10183.07,card,INVALID_DETAILS,BAD_REQUEST_ERROR,2025-07-19T21:03:43.894488,regular,5,0.786,15925.52,7849.78,sms,0,quarterly,10,whatsapp_nudge,1,9.51,0.0,1.5
txn_001572,cust_0202,3,1329.43,card,INSUFFICIENT_FUNDS,BAD_REQUEST_ERROR,2025-07-14T10:40:13.431316,regular,1,0.815,1247.68,23637.99,upi,2,,4,whatsapp_nudge,0,0.0,0.0,1.5
txn_001573,cust_0040,3,6046.61,nach,SUBSCRIPTION_MANDATE_FAILURE,BAD_REQUEST_ERROR,2025-07-23T23:04:37.476041,at_risk,59,0.45,231.42,4765.88,whatsapp,0,annual,5,retry_delayed,0,0.0,0.0,0.0
txn_001574,cust_0484,2,3967.65,netbanking,MERCHANT_INTEGRATION_ERROR,SERVER_ERROR,2025-07-04T13:15:21.417007,new,1,0.8,3194.2,6901.97,whatsapp,3,,14,retry_delayed,0,0.0,0.0,0.0
txn_001575,cust_0358,3,7658.05,card,AUTH_OTP_FAILURE,GATEWAY_ERROR,2025-07-16T01:11:36.705791,b2b,8,0.983,5214.59,1286288.27,whatsapp,2,monthly,0,switch_to_upi,0,0.0,0.0,0.0
txn_001576,cust_0309,1,28154.82,nach,SUBSCRIPTION_MANDATE_FAILURE,BAD_REQUEST_ERROR,2025-07-05T12:09:26.428799,regular,52,0.892,612.97,49973.4,upi,1,monthly,9,retry_delayed,0,0.0,0.0,0.0
txn_001577,cust_0109,2,946.42,emi,USER_ABANDONED,BAD_REQUEST_ERROR,2025-07-17T01:58:01.175607,new,19,0.626,1146.73,8677.61,email,1,annual,12,email_reminder,0,0.0,0.0,0.1
txn_001578,cust_0161,3,2238.57,emi,USER_ABANDONED,BAD_REQUEST_ERROR,2025-07-18T14:01:04.068332,regular,6,0.815,3126.5,37036.3,whatsapp,0,monthly,1,whatsapp_nudge,1,0.82,0.0,1.5
txn_001579,cust_0130,3,12574.67,card,BANK_DOWNTIME,BAD_REQUEST_ERROR,2025-07-17T00:27:23.171875,b2b,41,0.624,698.23,185718.02,email,3,,20,sms_reminder,0,0.0,0.0,0.25
txn_001580,cust_0154,3,18787.61,upi,BANK_DOWNTIME,BAD_REQUEST_ERROR,2025-07-10T15:02:30.766382,regular,2,0.871,1042.01,25872.26,email,3,,0,retry_delayed,0,0.0,0.0,0.0
txn_001581,cust_0064,3,205.52,card,INSUFFICIENT_FUNDS,BAD_REQUEST_ERROR,2025-07-24T20:23:10.742207,new,1,0.593,1073.76,2418.8,upi,2,,21,send_payment_link,0,0.0,0.0,0.5
txn_001582,cust_0063,2,33192.92,wallet,MERCHANT_INTEGRATION_ERROR,SERVER_ERROR,2025-07-13T17:32:23.652374,vip,15,0.963,889.8,413344.22,whatsapp,0,,6,escalate_human,0,0.0,0.0,50.0
txn_001583,cust_0101,3,2591.71,upi,MERCHANT_INTEGRATION_ERROR,SERVER_ERROR,2025-07-18T06:22:00.308401,regular,20,0.691,858.44,33449.11,sms,2,quarterly,11,escalate_human,0,0.0,0.0,50.0
txn_001584,cust_0407,3,400.89,card,EXPIRED_CARD,BAD_REQUEST_ERROR,2025-07-15T10:32:10.088844,new,1,0.915,6723.5,6731.55,sms,1,,11,whatsapp_nudge,0,0.0,0.0,1.5
txn_001585,cust_0388,3,3085.03,card,USER_ABANDONED,BAD_REQUEST_ERROR,2025-07-18T13:10:17.580960,regular,8,0.825,515.9,24711.21,whatsapp,0,,7,email_reminder,1,38.12,0.0,0.1
txn_001586,cust_0481,1,1654.34,card,AUTH_OTP_FAILURE,BAD_REQUEST_ERROR,2025-07-09T20:19:53.171867,regular,16,0.736,3702.18,45243.02,email,2,,22,email_reminder,0,0.0,0.0,0.1
txn_001587,cust_0284,3,357.5,card,BANK_DOWNTIME,GATEWAY_ERROR,2025-07-10T13:13:15.588046,new,18,0.675,1028.68,2911.97,email,3,,21,offer_discount,0,0.0,0.0,35.85
txn_001588,cust_0242,3,1583.15,card,INSUFFICIENT_FUNDS,BAD_REQUEST_ERROR,2025-07-15T09:06:22.760565,new,1,0.863,1470.88,2348.97,whatsapp,1,,37,escalate_human,0,0.0,0.0,50.0
txn_001589,cust_0407,3,6216.74,card,EXPIRED_CARD,BAD_REQUEST_ERROR,2025-07-16T07:04:19.649217,new,1,0.915,6723.5,6731.55,sms,3,,11,send_payment_link,1,10.5,0.0,0.5
txn_001590,cust_0069,2,6982.74,card,USER_ABANDONED,BAD_REQUEST_ERROR,2025-07-04T17:07:54.596684,vip,2,0.811,851.65,143159.24,email,3,,10,offer_discount,0,0.0,0.0,698.37
txn_001591,cust_0391,3,13647.35,nach,SUBSCRIPTION_MANDATE_FAILURE,BAD_REQUEST_ERROR,2025-07-25T19:11:20.236475,vip,10,0.851,131.95,267942.01,email,3,monthly,15,offer_discount,0,0.0,0.0,1091.89
txn_001592,cust_0152,1,4681.4,upi,INSUFFICIENT_FUNDS,BAD_REQUEST_ERROR,2025-07-03T08:29:02.979559,new,17,0.804,201.95,4254.73,whatsapp,1,,13,retry_delayed,0,0.0,0.0,0.0
txn_001593,cust_0378,3,1104.09,card,INVALID_DETAILS,BAD_REQUEST_ERROR,2025-07-16T20:25:47.718887,regular,35,0.925,405.59,15867.03,whatsapp,3,monthly,24,email_reminder,0,0.0,0.0,0.1
txn_001594,cust_0421,2,1851.79,card,INSUFFICIENT_FUNDS,BAD_REQUEST_ERROR,2025-07-22T05:02:34.448278,regular,18,0.89,578.3,32813.32,whatsapp,1,,25,email_reminder,1,5.0,0.0,0.1
txn_001595,cust_0374,1,3289.04,card,INVALID_DETAILS,BAD_REQUEST_ERROR,2025-07-20T09:16:34.998371,regular,3,0.699,1762.01,29227.71,email,3,,38,switch_to_upi,0,0.0,0.0,0.0
txn_001596,cust_0167,3,1423.93,upi,BANK_DOWNTIME,GATEWAY_ERROR,2025-07-19T06:19:32.842285,at_risk,12,0.228,521.79,7273.82,sms,1,monthly,21,sms_reminder,0,0.0,0.0,0.25
txn_001597,cust_0240,3,1040.02,netbanking,BANK_DOWNTIME,SERVER_ERROR,2025-07-12T17:40:50.484100,new,35,0.802,8502.55,6367.86,email,2,,27,switch_to_upi,1,1.6,0.0,0.0
txn_001598,cust_0499,3,828.53,card,EXPIRED_CARD,BAD_REQUEST_ERROR,2025-07-04T02:27:22.454687,regular,4,0.766,3688.36,6905.28,sms,2,monthly,14,switch_to_upi,1,3.76,0.0,0.0
txn_001599,cust_0318,3,24708.01,emi,BANK_DOWNTIME,SERVER_ERROR,2025-07-09T14:38:12.320290,vip,5,0.829,1121.91,80972.34,whatsapp,0,monthly,10,retry_delayed,1,31.44,0.0,0.0
txn_001600,cust_0302,3,7199.45,card,SUBSCRIPTION_MANDATE_FAILURE,BAD_REQUEST_ERROR,2025-07-23T22:44:19.369492,regular,4,0.883,2134.01,24770.75,upi,2,monthly,14,switch_to_upi,1,1.44,0.0,0.0
txn_001601,cust_0372,1,6357.22,card,INVALID_DETAILS,BAD_REQUEST_ERROR,2025-07-03T21:19:26.807343,new,8,0.872,212.35,4689.68,whatsapp,3,annual,17,switch_to_upi,0,0.0,0.0,0.0
txn_001602,cust_0145,3,2289.06,emi,USER_ABANDONED,BAD_REQUEST_ERROR,2025-07-14T02:05:25.267083,at_risk,1,0.288,465.05,6963.09,sms,3,,13,whatsapp_nudge,1,1.92,0.0,1.5
txn_001603,cust_0173,2,984.76,card,INSUFFICIENT_FUNDS,BAD_REQUEST_ERROR,2025-07-19T09:55:32.207943,regular,6,0.841,1523.19,39183.94,email,3,,19,offer_discount,1,10.21,78.78,78.88
txn_001604,cust_0148,3,4089.03,upi,INSUFFICIENT_FUNDS,BAD_REQUEST_ERROR,2025-07-18T17:30:35.692798,regular,6,0.979,1762.72,23074.77,email,0,,2,send_payment_link,1,2.46,0.0,0.5
txn_001605,cust_0219,2,5557.86,wallet,BANK_DOWNTIME,BAD_REQUEST_ERROR,2025-07-13T21:07:55.505542,vip,12,0.822,4437.89,440706.4,email,3,,1,offer_discount,0,0.0,0.0,555.89
txn_001606,cust_0078,2,1100.66,netbanking,INSUFFICIENT_FUNDS,BAD_REQUEST_ERROR,2025-07-11T13:22:20.748404,vip,20,0.713,747.75,299093.38,upi,2,,24,retry_delayed,0,0.0,0.0,0.0
txn_001607,cust_0492,1,5309.21,nach,AUTH_OTP_FAILURE,GATEWAY_ERROR,2025-07-27T07:39:48.451867,regular,126,0.922,1159.74,44143.55,whatsapp,0,monthly,10,switch_to_upi,1,3.0,0.0,0.0
txn_001608,cust_0077,1,1582.97,card,SUSPECTED_FRAUD,BAD_REQUEST_ERROR,2025-07-17T08:08:05.555636,regular,22,0.972,3755.6,7273.39,email,2,,1,escalate_human,0,0.0,0.0,50.0
txn_001609,cust_0390,2,20954.55,netbanking,AUTH_OTP_FAILURE,GATEWAY_ERROR,2025-07-31T04:40:50.298331,b2b,28,0.676,3757.19,660614.17,upi,0,,2,send_payment_link,0,0.0,0.0,0.5
txn_001610,cust_0396,1,1387.85,upi,INSUFFICIENT_FUNDS,BAD_REQUEST_ERROR,2025-07-05T10:47:04.920004,regular,8,0.853,1228.05,22293.8,whatsapp,1,monthly,13,offer_discount,1,11.09,166.54,166.64
txn_001611,cust_0400,3,4235.92,upi,USER_ABANDONED,BAD_REQUEST_ERROR,2025-07-29T10:18:24.137220,at_risk,6,0.191,1771.23,6492.96,upi,3,monthly,31,email_reminder,1,33.5,0.0,0.1
txn_001612,cust_0170,1,4340.81,emi,BANK_DOWNTIME,SERVER_ERROR,2025-07-17T01:42:27.815776,regular,27,0.813,2895.85,27463.74,sms,1,,7,retry_delayed,1,30.84,0.0,0.0
txn_001613,cust_0453,1,1792.36,card,MERCHANT_INTEGRATION_ERROR,SERVER_ERROR,2025-07-01T23:26:54.722625,new,4,0.806,1035.56,6731.2,whatsapp,3,monthly,1,escalate_human,0,0.0,0.0,50.0
txn_001614,cust_0366,3,653.8,upi,USER_ABANDONED,BAD_REQUEST_ERROR,2025-07-21T21:14:56.623685,regular,17,0.922,432.8,29518.25,upi,0,,17,whatsapp_nudge,1,5.66,0.0,1.5
txn_001615,cust_0326,3,57047.14,upi,INVALID_DETAILS,BAD_REQUEST_ERROR,2025-07-12T12:48:40.991833,vip,22,0.962,96.84,354377.2,upi,2,,16,switch_to_upi,0,0.0,0.0,0.0
txn_001616,cust_0491,2,1379.05,card,MERCHANT_INTEGRATION_ERROR,SERVER_ERROR,2025-07-25T18:40:52.714251,at_risk,5,0.275,35.04,12439.67,upi,0,,1,retry_delayed,0,0.0,0.0,0.0
txn_001617,cust_0491,2,3403.6,emi,USER_ABANDONED,BAD_REQUEST_ERROR,2025-07-01T09:49:15.338839,at_risk,5,0.275,35.04,12439.67,upi,0,,1,whatsapp_nudge,0,0.0,0.0,1.5
txn_001618,cust_0387,1,8706.85,card,USER_ABANDONED,BAD_REQUEST_ERROR,2025-07-13T23:26:11.092635,regular,2,0.836,1721.37,28803.8,whatsapp,2,monthly,16,whatsapp_nudge,0,0.0,0.0,1.5
txn_001619,cust_0137,3,3460.35,nach,AUTH_OTP_FAILURE,GATEWAY_ERROR,2025-07-29T12:58:30.405849,regular,60,0.793,386.9,34393.63,email,1,,34,offer_discount,1,11.02,173.02,173.12
txn_001620,cust_0362,2,882.78,nach,BANK_DOWNTIME,GATEWAY_ERROR,2025-07-05T00:18:29.030172,new,1,0.924,2608.79,1638.85,upi,3,,37,switch_to_upi,0,0.0,0.0,0.0
txn_001621,cust_0175,1,2726.24,netbanking,SUSPECTED_FRAUD,BAD_REQUEST_ERROR,2025-07-02T00:53:49.908933,regular,39,0.776,803.96,49352.95,whatsapp,1,monthly,12,escalate_human,0,0.0,0.0,50.0
txn_001622,cust_0257,3,434.46,upi,USER_ABANDONED,BAD_REQUEST_ERROR,2025-07-25T12:43:02.257732,new,2,0.884,822.44,8521.88,whatsapp,0,,6,whatsapp_nudge,1,8.71,0.0,1.5
txn_001623,cust_0386,2,3037.08,netbanking,SUSPECTED_FRAUD,BAD_REQUEST_ERROR,2025-07-05T03:41:44.680890,vip,10,0.829,345.45,332067.31,upi,2,,7,email_reminder,1,24.99,0.0,0.1
txn_001624,cust_0201,3,1415.12,netbanking,AUTH_OTP_FAILURE,BAD_REQUEST_ERROR,2025-07-26T10:55:33.689065,new,22,0.571,312.08,9945.56,whatsapp,3,quarterly,5,retry_delayed,0,0.0,0.0,0.0
txn_001625,cust_0084,3,2805.11,upi,AUTH_OTP_FAILURE,BAD_REQUEST_ERROR,2025-07-02T03:30:28.530000,new,26,0.927,1037.01,7658.29,whatsapp,2,quarterly,0,send_payment_link,0,0.0,0.0,0.5
txn_001626,cust_0168,1,15483.52,upi,AUTH_OTP_FAILURE,GATEWAY_ERROR,2025-07-03T20:28:52.627179,vip,10,0.953,431.33,180425.35,sms,1,,43,escalate_human,1,6.25,0.0,50.0
txn_001627,cust_0214,2,4661.48,nach,SUBSCRIPTION_MANDATE_FAILURE,BAD_REQUEST_ERROR,2025-07-05T05:02:15.327997,vip,2,0.91,416.88,141961.8,upi,1,monthly,7,send_payment_link,1,8.16,0.0,0.5
txn_001628,cust_0334,3,4705.6,netbanking,USER_ABANDONED,BAD_REQUEST_ERROR,2025-07-21T18:58:30.495616,regular,18,0.838,830.7,25057.97,email,1,,5,whatsapp_nudge,1,10.8,0.0,1.5
txn_001629,cust_0428,2,3246.33,netbanking,USER_ABANDONED,BAD_REQUEST_ERROR,2025-07-03T09:42:54.824436,new,3,0.894,1420.61,5147.68,sms,2,monthly,29,whatsapp_nudge,1,10.95,0.0,1.5
txn_001630,cust_0291,3,20055.78,card,INSUFFICIENT_FUNDS,BAD_REQUEST_ERROR,2025-07-06T03:33:44.699699,vip,9,0.869,2053.73,345401.92,email,1,,5,whatsapp_nudge,0,0.0,0.0,1.5
txn_001631,cust_0044,2,640.11,upi,SUBSCRIPTION_MANDATE_FAILURE,BAD_REQUEST_ERROR,2025-07-20T05:00:59.177549,new,7,0.77,936.95,9487.23,email,1,monthly,6,escalate_human,0,0.0,0.0,50.0
txn_001632,cust_0496,2,10707.43,nach,SUBSCRIPTION_MANDATE_FAILURE,BAD_REQUEST_ERROR,2025-07-07T11:03:36.126413,regular,8,0.939,1624.77,24143.7,email,2,monthly,12,switch_to_upi,0,0.0,0.0,0.0
txn_001633,cust_0480,1,937.21,card,INSUFFICIENT_FUNDS,BAD_REQUEST_ERROR,2025-07-17T16:19:09.330138,new,28,0.85,313.56,2660.21,whatsapp,2,,12,escalate_human,0,0.0,0.0,50.0
txn_001634,cust_0110,3,702.83,wallet,AUTH_OTP_FAILURE,BAD_REQUEST_ERROR,2025-07-01T22:02:11.593926,at_risk,34,0.105,691.53,9828.91,email,0,,5,offer_discount,0,0.0,0.0,56.33
txn_001635,cust_0296,3,6050.9,card,EXPIRED_CARD,BAD_REQUEST_ERROR,2025-07-28T08:15:52.958822,vip,3,0.775,2229.62,93285.95,sms,2,,62,switch_to_upi,1,2.04,0.0,0.0
txn_001636,cust_0457,3,3743.11,card,USER_ABANDONED,BAD_REQUEST_ERROR,2025-07-01T17:18:23.558827,regular,31,0.779,395.34,17092.18,whatsapp,3,,4,whatsapp_nudge,0,0.0,0.0,1.5
txn_001637,cust_0147,1,1374.18,upi,SUBSCRIPTION_MANDATE_FAILURE,BAD_REQUEST_ERROR,2025-07-06T22:54:18.448498,regular,29,0.873,6765.84,30567.53,upi,3,monthly,21,sms_reminder,1,17.23,0.0,0.25
txn_001638,cust_0098,2,2002.58,netbanking,INSUFFICIENT_FUNDS,BAD_REQUEST_ERROR,2025-07-04T16:16:29.903694,regular,32,0.747,2306.86,40016.81,email,1,,10,send_payment_link,0,0.0,0.0,0.5
txn_001639,cust_0494,1,874.58,netbanking,USER_ABANDONED,BAD_REQUEST_ERROR,2025-07-28T11:13:38.282126,regular,8,0.795,348.0,32380.27,whatsapp,1,monthly,12,send_payment_link,0,0.0,0.0,0.5
txn_001640,cust_0320,2,3505.06,card,USER_ABANDONED,BAD_REQUEST_ERROR,2025-07-10T02:59:40.759326,at_risk,22,0.344,1815.99,7503.11,upi,3,annual,37,offer_discount,0,0.0,0.0,175.35
txn_001641,cust_0166,3,12270.4,upi,USER_ABANDONED,BAD_REQUEST_ERROR,2025-07-28T21:59:34.289213,regular,26,0.88,687.9,37073.74,email,3,,11,offer_discount,1,5.61,613.52,613.62
txn_001642,cust_0245,2,6462.99,upi,AUTH_OTP_FAILURE,BAD_REQUEST_ERROR,2025-07-06T11:04:56.084965,at_risk,12,0.33,8257.36,6151.62,upi,2,,7,switch_to_upi,1,3.31,0.0,0.0
txn_001643,cust_0226,1,14960.44,card,AUTH_OTP_FAILURE,GATEWAY_ERROR,2025-07-10T08:08:46.448912,b2b,11,0.472,688.6,1395602.22,email,1,,0,send_payment_link,1,8.45,0.0,0.5
txn_001644,cust_0170,1,2574.92,card,INSUFFICIENT_FUNDS,BAD_REQUEST_ERROR,2025-07-17T09:39:25.184450,regular,27,0.813,2895.85,27463.74,sms,1,,7,escalate_human,0,0.0,0.0,50.0
txn_001645,cust_0131,2,2581.99,card,BANK_DOWNTIME,BAD_REQUEST_ERROR,2025-07-16T15:54:40.210178,vip,25,0.775,5401.1,228754.99,upi,1,,38,switch_to_upi,0,0.0,0.0,0.0
txn_001646,cust_0476,2,99349.57,nach,BANK_DOWNTIME,SERVER_ERROR,2025-07-19T00:21:24.466982,b2b,24,0.693,1387.12,1155667.6,email,1,,45,send_payment_link,0,0.0,0.0,0.5
txn_001647,cust_0102,3,6180.01,card,INSUFFICIENT_FUNDS,BAD_REQUEST_ERROR,2025-07-20T04:33:29.580223,regular,5,0.816,6278.34,25540.35,whatsapp,1,,46,send_payment_link,1,7.31,0.0,0.5
txn_001648,cust_0167,3,1526.92,card,EXPIRED_CARD,BAD_REQUEST_ERROR,2025-07-13T03:43:13.145237,at_risk,12,0.228,521.79,7273.82,sms,1,,21,whatsapp_nudge,0,0.0,0.0,1.5
txn_001649,cust_0359,2,2273.21,nach,SUBSCRIPTION_MANDATE_FAILURE,BAD_REQUEST_ERROR,2025-07-15T09:18:37.562075,at_risk,12,0.352,643.59,6376.61,email,2,quarterly,2,retry_delayed,0,0.0,0.0,0.0
txn_001650,cust_0189,1,3220.61,card,SUBSCRIPTION_MANDATE_FAILURE,BAD_REQUEST_ERROR,2025-07-26T11:59:09.731576,vip,1,0.872,427.02,98900.14,whatsapp,1,monthly,1,send_payment_link,1,6.58,0.0,0.5
txn_001651,cust_0291,3,3734.97,wallet,INSUFFICIENT_FUNDS,BAD_REQUEST_ERROR,2025-07-29T03:34:15.975995,vip,9,0.869,2053.73,345401.92,email,1,annual,5,offer_discount,0,0.0,0.0,186.85
txn_001652,cust_0443,2,2773.23,card,INSUFFICIENT_FUNDS,BAD_REQUEST_ERROR,2025-07-03T07:14:16.925382,regular,22,0.939,266.84,40061.23,email,0,quarterly,23,retry_delayed,1,36.05,0.0,0.0
txn_001653,cust_0340,2,5650.32,nach,SUBSCRIPTION_MANDATE_FAILURE,BAD_REQUEST_ERROR,2025-07-09T20:38:11.442847,regular,11,0.737,1256.45,41204.57,email,3,monthly,7,switch_to_upi,0,0.0,0.0,0.0
txn_001654,cust_0492,1,9147.49,card,INVALID_DETAILS,BAD_REQUEST_ERROR,2025-07-16T18:13:13.992525,regular,126,0.922,1159.74,44143.55,whatsapp,0,,10,email_reminder,0,0.0,0.0,0.1
txn_001655,cust_0141,2,4919.51,card,EXPIRED_CARD,BAD_REQUEST_ERROR,2025-07-28T00:26:00.896262,regular,36,0.706,872.26,38145.79,sms,0,,15,email_reminder,1,22.98,0.0,0.1
txn_001656,cust_0189,1,9494.94,upi,INSUFFICIENT_FUNDS,BAD_REQUEST_ERROR,2025-07-26T03:11:47.624849,vip,1,0.872,427.02,98900.14,whatsapp,1,monthly,1,retry_delayed,1,22.34,0.0,0.0
txn_001657,cust_0341,3,19954.99,card,MERCHANT_INTEGRATION_ERROR,SERVER_ERROR,2025-07-11T14:09:22.263338,regular,26,0.805,1695.81,16118.04,email,0,quarterly,13,send_payment_link,0,0.0,0.0,0.5
txn_001658,cust_0106,2,11329.92,upi,USER_ABANDONED,BAD_REQUEST_ERROR,2025-07-15T20:25:32.878951,vip,6,0.814,2542.41,489498.84,whatsapp,2,,19,offer_discount,0,0.0,0.0,566.6
txn_001659,cust_0191,2,545.3,card,INSUFFICIENT_FUNDS,BAD_REQUEST_ERROR,2025-07-27T04:17:09.117315,at_risk,10,0.708,4218.41,13014.75,whatsapp,1,monthly,0,offer_discount,0,0.0,0.0,27.36
txn_001660,cust_0418,3,20414.49,upi,USER_ABANDONED,BAD_REQUEST_ERROR,2025-07-10T09:30:52.548856,vip,7,0.857,540.31,496352.89,whatsapp,0,monthly,4,escalate_human,0,0.0,0.0,50.0
txn_001661,cust_0359,2,1496.47,wallet,BANK_DOWNTIME,GATEWAY_ERROR,2025-07-17T21:42:18.391468,at_risk,12,0.352,643.59,6376.61,email,3,quarterly,2,send_payment_link,0,0.0,0.0,0.5
txn_001662,cust_0460,1,6567.09,card,EXPIRED_CARD,BAD_REQUEST_ERROR,2025-07-26T17:24:01.232096,regular,9,0.794,1073.93,14725.04,sms,2,monthly,12,escalate_human,0,0.0,0.0,50.0
txn_001663,cust_0334,3,489.08,wallet,AUTH_OTP_FAILURE,BAD_REQUEST_ERROR,2025-07-11T19:57:40.613798,regular,18,0.838,830.7,25057.97,email,2,monthly,5,send_payment_link,0,0.0,0.0,0.5
txn_001664,cust_0222,3,636.93,card,BANK_DOWNTIME,SERVER_ERROR,2025-07-05T13:10:21.182528,regular,12,0.711,2038.65,21496.15,whatsapp,2,,74,whatsapp_nudge,1,5.11,0.0,1.5
txn_001665,cust_0001,3,1033.79,nach,SUBSCRIPTION_MANDATE_FAILURE,BAD_REQUEST_ERROR,2025-07-29T15:06:18.710721,at_risk,36,0.655,394.0,9338.69,email,0,annual,1,send_payment_link,1,3.87,0.0,0.5
txn_001666,cust_0226,1,9339.6,card,INSUFFICIENT_FUNDS,BAD_REQUEST_ERROR,2025-07-04T22:27:34.697690,b2b,11,0.472,688.6,1395602.22,email,0,,0,offer_discount,0,0.0,0.0,747.27
txn_001667,cust_0333,2,2568.33,upi,SUBSCRIPTION_MANDATE_FAILURE,BAD_REQUEST_ERROR,2025-07-17T00:42:24.528359,regular,4,0.777,1220.98,36998.12,whatsapp,0,monthly,3,switch_to_upi,0,0.0,0.0,0.0
txn_001668,cust_0405,3,1858.87,upi,BANK_DOWNTIME,SERVER_ERROR,2025-07-02T18:08:41.483934,new,3,0.827,2365.97,9427.34,whatsapp,3,,2,switch_to_upi,0,0.0,0.0,0.0
txn_001669,cust_0282,2,2300.55,wallet,MERCHANT_INTEGRATION_ERROR,SERVER_ERROR,2025-07-15T06:26:47.411988,regular,7,0.823,2713.06,45018.58,email,0,,4,send_payment_link,0,0.0,0.0,0.5
txn_001670,cust_0262,2,11443.15,card,USER_ABANDONED,BAD_REQUEST_ERROR,2025-07-17T09:24:18.321412,b2b,19,0.913,5828.33,1708536.61,upi,2,monthly,2,switch_to_upi,0,0.0,0.0,0.0
txn_001671,cust_0027,3,6065.69,netbanking,INSUFFICIENT_FUNDS,BAD_REQUEST_ERROR,2025-07-20T05:13:49.858325,regular,3,0.784,7244.7,19309.6,email,0,,11,switch_to_upi,0,0.0,0.0,0.0
txn_001672,cust_0378,3,2951.78,netbanking,BANK_DOWNTIME,SERVER_ERROR,2025-07-19T15:16:08.256273,regular,35,0.925,405.59,15867.03,whatsapp,0,,24,retry_delayed,1,41.38,0.0,0.0
txn_001673,cust_0061,3,12594.45,netbanking,INSUFFICIENT_FUNDS,BAD_REQUEST_ERROR,2025-07-15T09:53:54.340153,vip,1,0.782,314.6,436156.39,sms,3,,21,whatsapp_nudge,0,0.0,0.0,1.5
txn_001674,cust_0334,3,8925.76,netbanking,INVALID_DETAILS,BAD_REQUEST_ERROR,2025-07-08T21:16:18.601397,regular,18,0.838,830.7,25057.97,email,2,,5,whatsapp_nudge,0,0.0,0.0,1.5
txn_001675,cust_0282,2,10980.77,nach,SUSPECTED_FRAUD,BAD_REQUEST_ERROR,2025-07-04T07:21:52.928632,regular,7,0.823,2713.06,45018.58,email,1,,4,escalate_human,0,0.0,0.0,50.0
txn_001676,cust_0327,2,281.35,card,BANK_DOWNTIME,GATEWAY_ERROR,2025-07-17T06:51:46.343799,at_risk,33,0.365,3933.07,14624.08,whatsapp,3,monthly,13,escalate_human,0,0.0,0.0,50.0
txn_001677,cust_0190,2,904.43,card,EXPIRED_CARD,BAD_REQUEST_ERROR,2025-07-24T18:45:35.667221,regular,17,0.644,1218.58,20517.41,whatsapp,3,,1,escalate_human,0,0.0,0.0,50.0
txn_001678,cust_0134,3,3820.31,card,SUBSCRIPTION_MANDATE_FAILURE,BAD_REQUEST_ERROR,2025-07-02T08:24:01.082617,new,3,0.907,4532.54,1996.47,upi,2,monthly,0,send_payment_link,0,0.0,0.0,0.5
txn_001679,cust_0471,3,14904.95,netbanking,USER_ABANDONED,BAD_REQUEST_ERROR,2025-07-12T09:32:55.302050,regular,15,0.951,6600.15,11783.49,email,1,,9,offer_discount,1,6.57,1192.4,1192.5
txn_001680,cust_0452,3,6611.35,nach,INSUFFICIENT_FUNDS,BAD_REQUEST_ERROR,2025-07-29T05:49:29.048333,new,2,0.813,745.58,602.16,whatsapp,3,monthly,11,retry_delayed,0,0.0,0.0,0.0
txn_001681,cust_0416,3,7864.91,card,INSUFFICIENT_FUNDS,BAD_REQUEST_ERROR,2025-07-29T19:35:29.849823,regular,12,0.986,863.02,27021.16,sms,0,annual,7,offer_discount,0,0.0,0.0,393.35
txn_001682,cust_0356,1,20545.0,netbanking,SUSPECTED_FRAUD,BAD_REQUEST_ERROR,2025-07-04T20:19:23.340168,vip,7,0.715,1538.41,471057.64,whatsapp,3,,6,escalate_human,0,0.0,0.0,50.0
txn_001683,cust_0435,1,1780.33,card,AUTH_OTP_FAILURE,BAD_REQUEST_ERROR,2025-07-05T16:55:01.774983,at_risk,28,0.237,1910.01,3039.95,whatsapp,1,,13,retry_delayed,0,0.0,0.0,0.0
txn_001684,cust_0148,3,614.88,emi,SUSPECTED_FRAUD,BAD_REQUEST_ERROR,2025-07-03T09:02:27.687135,regular,6,0.979,1762.72,23074.77,email,2,monthly,2,email_reminder,0,0.0,0.0,0.1
txn_001685,cust_0224,1,10910.7,netbanking,SUSPECTED_FRAUD,BAD_REQUEST_ERROR,2025-07-26T15:00:37.049831,vip,30,0.833,887.46,82337.97,upi,3,quarterly,4,escalate_human,0,0.0,0.0,50.0
txn_001686,cust_0409,1,3553.56,upi,INSUFFICIENT_FUNDS,BAD_REQUEST_ERROR,2025-07-14T07:04:22.747856,regular,21,0.798,696.49,12453.49,whatsapp,2,,2,offer_discount,0,0.0,0.0,284.38
txn_001687,cust_0467,2,3392.81,nach,BANK_DOWNTIME,SERVER_ERROR,2025-07-23T04:11:46.698006,regular,15,0.865,1438.38,32685.35,sms,2,monthly,36,retry_delayed,0,0.0,0.0,0.0
txn_001688,cust_0114,1,3636.39,upi,USER_ABANDONED,BAD_REQUEST_ERROR,2025-07-08T04:22:04.831425,vip,1,0.671,6892.12,79735.64,upi,2,,7,whatsapp_nudge,0,0.0,0.0,1.5
txn_001689,cust_0082,1,44708.99,upi,BANK_DOWNTIME,SERVER_ERROR,2025-07-25T02:25:30.387929,b2b,6,0.772,469.32,816574.89,whatsapp,1,monthly,9,retry_delayed,1,10.49,0.0,0.0
txn_001690,cust_0410,1,1909.94,netbanking,USER_ABANDONED,BAD_REQUEST_ERROR,2025-07-05T20:47:30.309736,regular,48,0.566,937.79,42890.88,email,2,,4,whatsapp_nudge,0,0.0,0.0,1.5
txn_001691,cust_0196,2,31714.27,upi,INSUFFICIENT_FUNDS,BAD_REQUEST_ERROR,2025-07-14T19:36:59.568646,b2b,3,0.352,2207.75,751035.56,email,0,monthly,9,offer_discount,0,0.0,0.0,2537.24
txn_001692,cust_0321,2,12856.12,card,EXPIRED_CARD,BAD_REQUEST_ERROR,2025-07-15T12:11:20.797857,vip,2,0.769,359.97,300919.37,email,1,,1,escalate_human,0,0.0,0.0,50.0
txn_001693,cust_0448,2,695.42,card,AUTH_OTP_FAILURE,GATEWAY_ERROR,2025-07-07T10:36:45.591279,regular,7,0.736,503.23,13165.45,email,3,,15,send_payment_link,1,13.51,0.0,0.5
txn_001694,cust_0005,2,13140.97,upi,AUTH_OTP_FAILURE,GATEWAY_ERROR,2025-07-18T18:59:37.535970,vip,18,0.809,1189.27,190564.99,email,1,monthly,2,whatsapp_nudge,0,0.0,0.0,1.5
txn_001695,cust_0240,3,1076.3,card,BANK_DOWNTIME,BAD_REQUEST_ERROR,2025-07-05T06:04:58.881003,new,35,0.802,8502.55,6367.86,email,1,monthly,27,escalate_human,0,0.0,0.0,50.0
txn_001696,cust_0170,1,4887.68,nach,SUBSCRIPTION_MANDATE_FAILURE,BAD_REQUEST_ERROR,2025-07-07T10:04:43.973466,regular,27,0.813,2895.85,27463.74,sms,3,monthly,7,switch_to_upi,0,0.0,0.0,0.0
txn_001697,cust_0238,1,2050.71,upi,BANK_DOWNTIME,SERVER_ERROR,2025-07-07T22:53:05.435283,regular,6,0.657,1093.68,5557.87,whatsapp,0,,3,send_payment_link,0,0.0,0.0,0.5
txn_001698,cust_0331,1,14662.34,nach,SUBSCRIPTION_MANDATE_FAILURE,BAD_REQUEST_ERROR,2025-07-15T03:34:02.063318,vip,8,0.797,1977.81,119500.09,whatsapp,2,monthly,30,send_payment_link,1,2.42,0.0,0.5
txn_001699,cust_0304,2,9275.06,wallet,AUTH_OTP_FAILURE,GATEWAY_ERROR,2025-07-06T12:34:30.745686,b2b,1,0.933,2160.08,1150724.71,whatsapp,3,quarterly,0,offer_discount,0,0.0,0.0,927.61
txn_001700,cust_0498,2,1340.11,upi,MERCHANT_INTEGRATION_ERROR,SERVER_ERROR,2025-07-31T09:13:47.033701,at_risk,6,0.273,649.09,15108.81,sms,0,,8,escalate_human,0,0.0,0.0,50.0
txn_001701,cust_0466,1,41644.77,card,INSUFFICIENT_FUNDS,BAD_REQUEST_ERROR,2025-07-05T21:55:04.815260,b2b,1,0.913,643.44,295888.99,email,1,,7,offer_discount,0,0.0,0.0,4164.58
txn_001702,cust_0217,3,2865.9,card,INVALID_DETAILS,BAD_REQUEST_ERROR,2025-07-06T11:10:42.046148,regular,2,0.861,3261.92,17936.29,whatsapp,1,,11,sms_reminder,0,0.0,0.0,0.25
txn_001703,cust_0244,3,1139.15,upi,BANK_DOWNTIME,SERVER_ERROR,2025-07-08T17:21:56.986011,at_risk,12,0.563,651.74,1600.05,upi,3,monthly,18,retry_delayed,1,2.08,0.0,0.0
txn_001704,cust_0308,1,3699.72,netbanking,INSUFFICIENT_FUNDS,BAD_REQUEST_ERROR,2025-07-16T18:13:42.677241,vip,8,0.975,538.95,271204.6,email,0,monthly,7,whatsapp_nudge,1,8.86,0.0,1.5
txn_001705,cust_0244,3,361.98,card,SUBSCRIPTION_MANDATE_FAILURE,BAD_REQUEST_ERROR,2025-07-10T17:30:45.104617,at_risk,12,0.563,651.74,1600.05,upi,0,quarterly,18,send_payment_link,1,10.21,0.0,0.5
txn_001706,cust_0161,3,504.95,upi,SUBSCRIPTION_MANDATE_FAILURE,BAD_REQUEST_ERROR,2025-07-24T00:19:06.715486,regular,6,0.815,3126.5,37036.3,whatsapp,2,monthly,1,offer_discount,0,0.0,0.0,25.35
txn_001707,cust_0161,3,9133.68,emi,SUSPECTED_FRAUD,BAD_REQUEST_ERROR,2025-07-17T12:58:00.618714,regular,6,0.815,3126.5,37036.3,whatsapp,1,monthly,1,escalate_human,0,0.0,0.0,50.0
txn_001708,cust_0037,2,128363.14,wallet,MERCHANT_INTEGRATION_ERROR,SERVER_ERROR,2025-07-13T13:23:24.196205,b2b,8,0.717,857.32,1582572.84,upi,0,quarterly,2,retry_delayed,0,0.0,0.0,0.0
txn_001709,cust_0260,3,2451.83,upi,BANK_DOWNTIME,BAD_REQUEST_ERROR,2025-07-08T14:31:57.648621,at_risk,11,0.2,3817.09,1928.63,email,1,,6,retry_delayed,1,39.08,0.0,0.0
txn_001710,cust_0053,2,4326.16,upi,BANK_DOWNTIME,GATEWAY_ERROR,2025-07-07T07:23:41.903726,regular,20,0.875,905.94,31390.03,sms,3,quarterly,1,retry_delayed,0,0.0,0.0,0.0
txn_001711,cust_0137,3,1119.35,upi,MERCHANT_INTEGRATION_ERROR,SERVER_ERROR,2025-07-16T06:55:58.600775,regular,60,0.793,386.9,34393.63,email,2,quarterly,34,escalate_human,0,0.0,0.0,50.0
txn_001712,cust_0026,3,1293.93,card,INSUFFICIENT_FUNDS,BAD_REQUEST_ERROR,2025-07-18T19:23:41.871913,regular,4,0.768,1931.1,17812.4,email,0,,5,offer_discount,0,0.0,0.0,129.49
txn_001713,cust_0330,2,5444.02,wallet,INVALID_DETAILS,BAD_REQUEST_ERROR,2025-07-27T07:12:44.131866,regular,2,0.948,2605.74,42692.78,sms,2,,6,send_payment_link,0,0.0,0.0,0.5
txn_001714,cust_0030,2,5693.04,nach,SUSPECTED_FRAUD,BAD_REQUEST_ERROR,2025-07-13T20:27:30.787634,vip,4,0.427,739.35,169908.49,whatsapp,0,,8,escalate_human,0,0.0,0.0,50.0
txn_001715,cust_0184,3,1524.35,emi,BANK_DOWNTIME,GATEWAY_ERROR,2025-07-19T00:38:38.489411,regular,13,0.669,675.66,27942.37,email,1,monthly,21,email_reminder,0,0.0,0.0,0.1
txn_001716,cust_0091,3,3611.27,netbanking,INSUFFICIENT_FUNDS,BAD_REQUEST_ERROR,2025-07-11T11:50:55.101532,vip,7,0.844,1551.89,143472.76,whatsapp,3,monthly,5,send_payment_link,0,0.0,0.0,0.5
txn_001717,cust_0179,3,6230.67,wallet,INVALID_DETAILS,BAD_REQUEST_ERROR,2025-07-15T04:12:30.220645,regular,7,0.952,155.82,34699.38,whatsapp,2,,2,sms_reminder,0,0.0,0.0,0.25
txn_001718,cust_0014,2,2296.67,card,EXPIRED_CARD,BAD_REQUEST_ERROR,2025-07-21T19:38:24.517419,regular,4,0.866,1512.1,40223.09,whatsapp,2,monthly,11,email_reminder,0,0.0,0.0,0.1
txn_001719,cust_0202,3,3370.51,card,INSUFFICIENT_FUNDS,BAD_REQUEST_ERROR,2025-07-08T15:36:52.298856,regular,1,0.815,1247.68,23637.99,upi,0,,4,retry_delayed,1,28.42,0.0,0.0
txn_001720,cust_0073,3,1074.93,card,AUTH_OTP_FAILURE,GATEWAY_ERROR,2025-07-24T09:43:29.647957,regular,51,0.92,363.21,39782.18,whatsapp,3,monthly,8,offer_discount,1,7.15,85.99,86.09
txn_001721,cust_0215,3,1014.99,upi,USER_ABANDONED,BAD_REQUEST_ERROR,2025-07-10T03:22:07.546975,regular,1,0.718,2465.56,18460.63,sms,1,,6,whatsapp_nudge,0,0.0,0.0,1.5
txn_001722,cust_0363,3,20691.08,card,INVALID_DETAILS,BAD_REQUEST_ERROR,2025-07-28T10:16:22.636052,b2b,23,0.761,1573.94,174706.83,whatsapp,2,,7,switch_to_upi,0,0.0,0.0,0.0
txn_001723,cust_0370,1,6229.26,card,EXPIRED_CARD,BAD_REQUEST_ERROR,2025-07-10T16:31:01.283362,new,2,0.874,1775.96,4261.69,email,0,monthly,10,switch_to_upi,0,0.0,0.0,0.0
txn_001724,cust_0375,3,3161.31,upi,INVALID_DETAILS,BAD_REQUEST_ERROR,2025-07-10T14:31:42.701259,new,27,0.726,308.73,5868.91,email,3,monthly,17,switch_to_upi,0,0.0,0.0,0.0
txn_001725,cust_0457,3,2347.25,upi,SUBSCRIPTION_MANDATE_FAILURE,BAD_REQUEST_ERROR,2025-07-08T06:42:46.614529,regular,31,0.779,395.34,17092.18,whatsapp,1,quarterly,4,send_payment_link,1,23.12,0.0,0.5
txn_001726,cust_0453,1,18168.85,card,SUSPECTED_FRAUD,BAD_REQUEST_ERROR,2025-07-26T21:35:17.575727,new,4,0.806,1035.56,6731.2,whatsapp,3,monthly,1,escalate_human,0,0.0,0.0,50.0
txn_001727,cust_0414,1,4687.51,nach,SUBSCRIPTION_MANDATE_FAILURE,BAD_REQUEST_ERROR,2025-07-02T07:26:27.160925,regular,1,0.611,130.92,13403.58,sms,1,monthly,11,offer_discount,0,0.0,0.0,703.23
txn_001728,cust_0402,3,887.52,upi,INSUFFICIENT_FUNDS,BAD_REQUEST_ERROR,2025-07-08T23:46:42.121357,regular,7,0.689,3181.94,35962.78,email,1,,15,retry_delayed,1,10.04,0.0,0.0
txn_001729,cust_0332,1,949.45,netbanking,SUSPECTED_FRAUD,BAD_REQUEST_ERROR,2025-07-23T09:33:41.948381,at_risk,11,0.103,2282.19,17409.96,whatsapp,1,monthly,51,escalate_human,1,65.44,0.0,50.0
txn_001730,cust_0044,2,2856.28,wallet,USER_ABANDONED,BAD_REQUEST_ERROR,2025-07-27T05:53:39.346744,new,7,0.77,936.95,9487.23,email,3,quarterly,6,email_reminder,1,25.4,0.0,0.1
txn_001731,cust_0110,3,783.99,netbanking,BANK_DOWNTIME,GATEWAY_ERROR,2025-07-02T06:43:44.519294,at_risk,34,0.105,691.53,9828.91,email,2,,5,send_payment_link,0,0.0,0.0,0.5
txn_001732,cust_0001,3,406.15,card,INVALID_DETAILS,BAD_REQUEST_ERROR,2025-07-25T03:55:20.648997,at_risk,36,0.655,394.0,9338.69,email,2,,1,switch_to_upi,0,0.0,0.0,0.0
txn_001733,cust_0095,3,3204.6,upi,MERCHANT_INTEGRATION_ERROR,SERVER_ERROR,2025-07-10T21:41:20.711681,vip,13,0.791,762.69,319862.91,upi,2,,46,whatsapp_nudge,1,11.63,0.0,1.5
txn_001734,cust_0480,1,10679.74,upi,AUTH_OTP_FAILURE,BAD_REQUEST_ERROR,2025-07-28T02:43:41.405506,new,28,0.85,313.56,2660.21,whatsapp,1,,12,email_reminder,0,0.0,0.0,0.1
txn_001735,cust_0131,2,20131.72,upi,AUTH_OTP_FAILURE,GATEWAY_ERROR,2025-07-20T12:30:01.507933,vip,25,0.775,5401.1,228754.99,upi,3,,38,escalate_human,0,0.0,0.0,50.0
txn_001736,cust_0419,1,1735.75,upi,USER_ABANDONED,BAD_REQUEST_ERROR,2025-07-26T16:31:07.613615,regular,43,0.532,2609.02,42282.36,email,3,quarterly,11,whatsapp_nudge,0,0.0,0.0,1.5
txn_001737,cust_0150,3,11664.9,nach,USER_ABANDONED,BAD_REQUEST_ERROR,2025-07-23T06:41:00.530682,vip,8,0.762,1130.21,416513.24,whatsapp,2,,7,whatsapp_nudge,0,0.0,0.0,1.5
txn_001738,cust_0356,1,6437.19,upi,MERCHANT_INTEGRATION_ERROR,SERVER_ERROR,2025-07-20T02:08:56.710866,vip,7,0.715,1538.41,471057.64,whatsapp,2,,6,retry_now,0,0.0,0.0,0.0
txn_001739,cust_0122,1,2016.24,upi,INSUFFICIENT_FUNDS,BAD_REQUEST_ERROR,2025-07-12T01:30:46.267741,at_risk,2,0.305,518.88,18622.59,upi,3,monthly,0,send_payment_link,0,0.0,0.0,0.5
txn_001740,cust_0044,2,1948.28,card,USER_ABANDONED,BAD_REQUEST_ERROR,2025-07-15T10:09:12.569369,new,7,0.77,936.95,9487.23,email,3,,6,whatsapp_nudge,1,0.86,0.0,1.5
txn_001741,cust_0261,2,3262.69,upi,BANK_DOWNTIME,BAD_REQUEST_ERROR,2025-07-04T00:25:38.480205,vip,6,0.869,240.49,208134.88,sms,3,,45,send_payment_link,0,0.0,0.0,0.5
txn_001742,cust_0292,1,4000.01,upi,INSUFFICIENT_FUNDS,BAD_REQUEST_ERROR,2025-07-22T07:11:15.906082,regular,14,0.825,620.54,13568.88,whatsapp,0,monthly,3,whatsapp_nudge,0,0.0,0.0,1.5
txn_001743,cust_0222,3,7668.9,card,AUTH_OTP_FAILURE,BAD_REQUEST_ERROR,2025-07-23T10:15:07.863258,regular,12,0.711,2038.65,21496.15,whatsapp,0,,74,send_payment_link,1,3.3,0.0,0.5
txn_001744,cust_0328,1,3566.03,wallet,INSUFFICIENT_FUNDS,BAD_REQUEST_ERROR,2025-07-12T11:42:44.428506,regular,18,0.76,728.45,41447.14,upi,0,,23,offer_discount,1,9.38,285.28,285.38
txn_001745,cust_0210,1,8624.93,upi,INSUFFICIENT_FUNDS,BAD_REQUEST_ERROR,2025-07-02T19:03:32.654256,new,7,0.85,413.2,4004.34,whatsapp,2,monthly,41,retry_delayed,1,16.98,0.0,0.0
txn_001746,cust_0358,3,15139.23,card,MERCHANT_INTEGRATION_ERROR,SERVER_ERROR,2025-07-20T01:53:38.311395,b2b,8,0.983,5214.59,1286288.27,whatsapp,0,,0,send_payment_link,1,2.81,0.0,0.5
txn_001747,cust_0401,2,257.38,emi,MERCHANT_INTEGRATION_ERROR,SERVER_ERROR,2025-07-27T10:56:51.908508,regular,3,0.938,153.35,49742.54,whatsapp,1,,14,retry_delayed,1,19.86,0.0,0.0
txn_001748,cust_0090,3,1392.23,card,SUSPECTED_FRAUD,BAD_REQUEST_ERROR,2025-07-07T00:06:11.812867,regular,25,0.808,7917.83,28838.55,whatsapp,1,,2,escalate_human,1,57.72,0.0,50.0
txn_001749,cust_0119,1,1758.82,card,USER_ABANDONED,BAD_REQUEST_ERROR,2025-07-13T06:49:35.550900,regular,2,0.671,579.88,31313.87,whatsapp,1,,3,whatsapp_nudge,0,0.0,0.0,1.5
txn_001750,cust_0010,3,3759.13,card,AUTH_OTP_FAILURE,BAD_REQUEST_ERROR,2025-07-14T04:50:25.273385,vip,2,0.671,5213.85,212815.67,email,2,monthly,27,switch_to_upi,0,0.0,0.0,0.0
txn_001751,cust_0460,1,4744.58,card,USER_ABANDONED,BAD_REQUEST_ERROR,2025-07-20T14:27:53.554174,regular,9,0.794,1073.93,14725.04,sms,3,,12,offer_discount,0,0.0,0.0,379.67
txn_001752,cust_0436,1,2002.25,card,AUTH_OTP_FAILURE,BAD_REQUEST_ERROR,2025-07-04T09:48:24.613599,regular,10,0.82,1263.61,44370.37,sms,3,monthly,4,offer_discount,0,0.0,0.0,160.28
txn_001753,cust_0073,3,1876.26,netbanking,AUTH_OTP_FAILURE,BAD_REQUEST_ERROR,2025-07-07T03:02:59.790154,regular,51,0.92,363.21,39782.18,whatsapp,3,,8,email_reminder,1,15.89,0.0,0.1
txn_001754,cust_0060,3,1549.38,upi,USER_ABANDONED,BAD_REQUEST_ERROR,2025-07-12T10:32:45.364052,regular,2,0.783,2582.68,7191.43,sms,2,,0,send_payment_link,0,0.0,0.0,0.5
txn_001755,cust_0198,2,33897.56,upi,USER_ABANDONED,BAD_REQUEST_ERROR,2025-07-27T06:10:24.300749,b2b,2,0.765,234.31,602691.13,email,2,,7,whatsapp_nudge,0,0.0,0.0,1.5
txn_001756,cust_0267,1,25307.96,card,SUSPECTED_FRAUD,BAD_REQUEST_ERROR,2025-07-12T16:44:53.832955,vip,1,0.833,962.71,154648.86,whatsapp,3,,33,escalate_human,0,0.0,0.0,50.0
txn_001757,cust_0460,1,2935.72,wallet,MERCHANT_INTEGRATION_ERROR,SERVER_ERROR,2025-07-10T15:40:35.160592,regular,9,0.794,1073.93,14725.04,sms,0,monthly,12,retry_delayed,0,0.0,0.0,0.0
txn_001758,cust_0404,3,2048.49,card,SUBSCRIPTION_MANDATE_FAILURE,BAD_REQUEST_ERROR,2025-07-29T10:18:12.135950,at_risk,12,0.17,491.74,11465.8,sms,1,monthly,7,send_payment_link,1,12.39,0.0,0.5
txn_001759,cust_0263,1,6506.72,upi,INSUFFICIENT_FUNDS,BAD_REQUEST_ERROR,2025-07-03T11:56:13.737519,vip,10,0.761,310.32,103560.87,upi,3,,0,switch_to_upi,0,0.0,0.0,0.0
txn_001760,cust_0163,1,14748.04,wallet,INVALID_DETAILS,BAD_REQUEST_ERROR,2025-07-25T00:12:51.067639,b2b,30,0.341,900.78,1449032.07,email,3,,49,email_reminder,0,0.0,0.0,0.1
txn_001761,cust_0241,1,14096.21,emi,INVALID_DETAILS,BAD_REQUEST_ERROR,2025-07-15T05:52:46.136611,b2b,12,0.755,848.48,130026.15,upi,1,monthly,11,whatsapp_nudge,0,0.0,0.0,1.5
txn_001762,cust_0333,2,2666.43,card,BANK_DOWNTIME,SERVER_ERROR,2025-07-21T10:35:16.318188,regular,4,0.777,1220.98,36998.12,whatsapp,3,,3,retry_delayed,0,0.0,0.0,0.0
txn_001763,cust_0153,1,23544.26,card,BANK_DOWNTIME,BAD_REQUEST_ERROR,2025-07-28T17:58:40.941051,vip,7,0.649,5001.27,492344.23,email,1,,4,retry_delayed,1,8.73,0.0,0.0
txn_001764,cust_0031,3,7174.42,upi,SUSPECTED_FRAUD,BAD_REQUEST_ERROR,2025-07-28T09:23:45.992199,vip,18,0.718,2961.9,183594.41,sms,0,,17,escalate_human,0,0.0,0.0,50.0
txn_001765,cust_0358,3,12153.85,nach,BANK_DOWNTIME,SERVER_ERROR,2025-07-17T20:07:57.771065,b2b,8,0.983,5214.59,1286288.27,whatsapp,2,monthly,0,email_reminder,0,0.0,0.0,0.1
txn_001766,cust_0423,3,412.01,netbanking,INSUFFICIENT_FUNDS,BAD_REQUEST_ERROR,2025-07-10T17:35:31.143534,at_risk,4,0.554,206.72,17160.68,sms,2,,6,retry_delayed,1,39.28,0.0,0.0
txn_001767,cust_0404,3,1923.44,netbanking,USER_ABANDONED,BAD_REQUEST_ERROR,2025-07-18T21:39:46.209191,at_risk,12,0.17,491.74,11465.8,sms,0,monthly,7,email_reminder,0,0.0,0.0,0.1
txn_001768,cust_0495,2,4806.1,upi,INVALID_DETAILS,BAD_REQUEST_ERROR,2025-07-17T01:33:51.306606,regular,5,0.801,1741.26,9165.15,upi,3,quarterly,7,escalate_human,0,0.0,0.0,50.0
txn_001769,cust_0311,1,2364.79,upi,INSUFFICIENT_FUNDS,BAD_REQUEST_ERROR,2025-07-27T14:22:11.516581,at_risk,4,0.395,1653.09,12481.84,email,0,,4,whatsapp_nudge,0,0.0,0.0,1.5
txn_001770,cust_0376,1,3287.67,card,INSUFFICIENT_FUNDS,BAD_REQUEST_ERROR,2025-07-11T10:47:19.023876,at_risk,32,0.344,1259.18,18990.95,whatsapp,1,,17,offer_discount,0,0.0,0.0,164.48
txn_001771,cust_0246,3,25913.6,card,INSUFFICIENT_FUNDS,BAD_REQUEST_ERROR,2025-07-23T01:19:23.592643,vip,15,0.355,1365.8,240122.79,whatsapp,0,quarterly,23,offer_discount,0,0.0,0.0,2073.19
txn_001772,cust_0391,3,4317.58,upi,SUBSCRIPTION_MANDATE_FAILURE,BAD_REQUEST_ERROR,2025-07-28T17:46:57.117402,vip,10,0.851,131.95,267942.01,email,0,monthly,15,send_payment_link,1,18.88,0.0,0.5
txn_001773,cust_0243,2,4624.93,card,AUTH_OTP_FAILURE,GATEWAY_ERROR,2025-07-18T22:05:59.892447,vip,5,0.68,746.47,105984.67,whatsapp,3,,1,switch_to_upi,0,0.0,0.0,0.0
txn_001774,cust_0413,2,3607.82,upi,SUSPECTED_FRAUD,BAD_REQUEST_ERROR,2025-07-28T10:06:34.803706,regular,15,0.84,41296.69,39885.5,whatsapp,0,,19,escalate_human,0,0.0,0.0,50.0
txn_001775,cust_0035,1,3899.47,upi,BANK_DOWNTIME,SERVER_ERROR,2025-07-31T11:40:49.980524,b2b,9,0.806,1450.2,327493.82,whatsapp,3,,39,whatsapp_nudge,1,9.97,0.0,1.5
txn_001776,cust_0032,3,59863.15,upi,SUSPECTED_FRAUD,BAD_REQUEST_ERROR,2025-07-10T20:12:42.458307,vip,20,0.772,9747.59,179670.03,email,1,monthly,1,escalate_human,0,0.0,0.0,50.0
txn_001777,cust_0216,3,2235.56,netbanking,USER_ABANDONED,BAD_REQUEST_ERROR,2025-07-02T10:30:35.219221,regular,4,0.771,1294.46,19608.97,email,3,quarterly,9,whatsapp_nudge,0,0.0,0.0,1.5
txn_001778,cust_0261,2,8381.38,netbanking,USER_ABANDONED,BAD_REQUEST_ERROR,2025-07-18T21:45:36.521651,vip,6,0.869,240.49,208134.88,sms,3,quarterly,45,offer_discount,0,0.0,0.0,838.24
txn_001779,cust_0155,3,44686.92,upi,USER_ABANDONED,BAD_REQUEST_ERROR,2025-07-10T10:12:12.941248,b2b,5,0.811,4494.49,863890.82,sms,0,,11,offer_discount,1,8.87,4468.69,4468.79
txn_001780,cust_0455,3,7144.52,netbanking,BANK_DOWNTIME,BAD_REQUEST_ERROR,2025-07-28T21:59:26.046596,vip,17,0.879,1359.68,245038.89,sms,2,monthly,11,retry_now,0,0.0,0.0,0.0
txn_001781,cust_0484,2,2476.03,card,AUTH_OTP_FAILURE,BAD_REQUEST_ERROR,2025-07-29T14:14:37.673377,new,1,0.8,3194.2,6901.97,whatsapp,2,,14,switch_to_upi,1,3.5,0.0,0.0
txn_001782,cust_0364,2,38318.64,emi,MERCHANT_INTEGRATION_ERROR,SERVER_ERROR,2025-07-24T21:50:06.253651,vip,11,0.784,816.8,189978.73,sms,3,,10,retry_now,0,0.0,0.0,0.0
txn_001783,cust_0111,3,1528.18,card,BANK_DOWNTIME,BAD_REQUEST_ERROR,2025-07-06T05:11:11.105035,at_risk,16,0.274,200.09,8571.63,upi,2,,2,offer_discount,0,0.0,0.0,76.51
txn_001784,cust_0285,1,13938.51,netbanking,SUSPECTED_FRAUD,BAD_REQUEST_ERROR,2025-07-24T21:00:17.628020,b2b,19,0.851,867.19,1552976.02,email,1,,20,escalate_human,0,0.0,0.0,50.0
txn_001785,cust_0492,1,1688.72,upi,SUBSCRIPTION_MANDATE_FAILURE,BAD_REQUEST_ERROR,2025-07-21T09:28:49.576039,regular,126,0.922,1159.74,44143.55,whatsapp,3,monthly,10,send_payment_link,1,9.51,0.0,0.5
txn_001786,cust_0384,1,1036.36,upi,INSUFFICIENT_FUNDS,BAD_REQUEST_ERROR,2025-07-06T01:41:29.882716,regular,39,0.779,172.26,19473.01,whatsapp,2,,11,offer_discount,1,10.94,82.91,83.01
txn_001787,cust_0234,2,1209.32,nach,AUTH_OTP_FAILURE,GATEWAY_ERROR,2025-07-16T12:40:13.580467,regular,4,0.892,2930.49,29851.39,upi,3,,6,escalate_human,0,0.0,0.0,50.0
txn_001788,cust_0468,2,2675.15,card,BANK_DOWNTIME,BAD_REQUEST_ERROR,2025-07-11T03:20:27.627415,regular,28,0.842,2292.9,15572.55,whatsapp,1,,27,sms_reminder,1,10.69,0.0,0.25
txn_001789,cust_0232,2,2504.2,emi,MERCHANT_INTEGRATION_ERROR,SERVER_ERROR,2025-07-23T03:29:30.324521,regular,4,0.916,176.51,7267.09,email,0,,9,escalate_human,0,0.0,0.0,50.0
txn_001790,cust_0110,3,4720.4,netbanking,INSUFFICIENT_FUNDS,BAD_REQUEST_ERROR,2025-07-07T04:59:11.042785,at_risk,34,0.105,691.53,9828.91,email,1,quarterly,5,retry_delayed,0,0.0,0.0,0.0
txn_001791,cust_0244,3,9943.45,card,BANK_DOWNTIME,SERVER_ERROR,2025-07-29T19:59:48.085576,at_risk,12,0.563,651.74,1600.05,upi,1,,18,retry_delayed,0,0.0,0.0,0.0
txn_001792,cust_0498,2,873.33,wallet,BANK_DOWNTIME,SERVER_ERROR,2025-07-16T10:31:25.647754,at_risk,6,0.273,649.09,15108.81,sms,2,,8,switch_to_upi,0,0.0,0.0,0.0
txn_001793,cust_0485,1,160.15,card,EXPIRED_CARD,BAD_REQUEST_ERROR,2025-07-20T07:06:52.726708,new,30,0.788,3033.35,6911.81,email,3,,6,switch_to_upi,0,0.0,0.0,0.0
txn_001794,cust_0222,3,15368.08,netbanking,INSUFFICIENT_FUNDS,BAD_REQUEST_ERROR,2025-07-16T20:01:48.597742,regular,12,0.711,2038.65,21496.15,whatsapp,0,,74,escalate_human,0,0.0,0.0,50.0
txn_001795,cust_0042,1,763.34,wallet,BANK_DOWNTIME,SERVER_ERROR,2025-07-20T15:03:31.214243,at_risk,17,0.181,1757.05,3949.05,whatsapp,0,,20,retry_delayed,1,24.83,0.0,0.0
txn_001796,cust_0364,2,11140.78,card,EXPIRED_CARD,BAD_REQUEST_ERROR,2025-07-03T19:51:11.604868,vip,11,0.784,816.8,189978.73,sms,3,,10,switch_to_upi,0,0.0,0.0,0.0
txn_001797,cust_0136,1,10727.15,card,SUBSCRIPTION_MANDATE_FAILURE,BAD_REQUEST_ERROR,2025-07-24T11:49:39.215212,b2b,6,0.828,852.96,761011.47,sms,3,quarterly,7,whatsapp_nudge,0,0.0,0.0,1.5
txn_001798,cust_0052,3,1522.81,card,INVALID_DETAILS,BAD_REQUEST_ERROR,2025-07-05T07:11:04.914549,new,18,0.947,167.52,7675.64,email,3,,14,whatsapp_nudge,0,0.0,0.0,1.5
txn_001799,cust_0063,2,2648.86,upi,INVALID_DETAILS,BAD_REQUEST_ERROR,2025-07-17T13:56:40.570050,vip,15,0.963,889.8,413344.22,whatsapp,3,,6,whatsapp_nudge,0,0.0,0.0,1.5
txn_001800,cust_0493,3,4628.7,card,INSUFFICIENT_FUNDS,BAD_REQUEST_ERROR,2025-07-19T09:43:46.315003,vip,41,0.983,1355.8,130003.75,email,2,quarterly,13,whatsapp_nudge,0,0.0,0.0,1.5
txn_001801,cust_0016,1,922.73,netbanking,INVALID_DETAILS,BAD_REQUEST_ERROR,2025-07-22T04:10:53.494748,at_risk,21,0.262,2999.46,3047.08,sms,2,annual,11,send_payment_link,0,0.0,0.0,0.5
txn_001802,cust_0320,2,1908.04,upi,INSUFFICIENT_FUNDS,BAD_REQUEST_ERROR,2025-07-17T09:49:58.956923,at_risk,22,0.344,1815.99,7503.11,upi,3,,37,send_payment_link,0,0.0,0.0,0.5
txn_001803,cust_0133,2,4716.47,upi,USER_ABANDONED,BAD_REQUEST_ERROR,2025-07-20T20:10:19.285171,regular,29,0.494,489.66,25538.17,whatsapp,0,,10,whatsapp_nudge,0,0.0,0.0,1.5
txn_001804,cust_0152,1,600.94,card,USER_ABANDONED,BAD_REQUEST_ERROR,2025-07-28T07:34:29.669663,new,17,0.804,201.95,4254.73,whatsapp,2,,13,offer_discount,0,0.0,0.0,48.18
txn_001805,cust_0259,1,8300.0,upi,USER_ABANDONED,BAD_REQUEST_ERROR,2025-07-16T05:46:57.427845,b2b,26,0.839,1576.1,290991.8,upi,2,monthly,7,offer_discount,0,0.0,0.0,830.1
txn_001806,cust_0294,1,2048.12,upi,USER_ABANDONED,BAD_REQUEST_ERROR,2025-07-17T22:37:53.858254,at_risk,17,0.575,242.12,13150.39,whatsapp,0,,0,offer_discount,0,0.0,0.0,102.51
txn_001807,cust_0320,2,855.24,upi,INSUFFICIENT_FUNDS,BAD_REQUEST_ERROR,2025-07-04T17:23:10.220757,at_risk,22,0.344,1815.99,7503.11,upi,0,monthly,37,sms_reminder,0,0.0,0.0,0.25
txn_001808,cust_0425,1,509.44,wallet,AUTH_OTP_FAILURE,GATEWAY_ERROR,2025-07-21T06:48:18.397463,regular,96,0.892,1105.53,17369.47,sms,0,quarterly,14,switch_to_upi,1,1.71,0.0,0.0
txn_001809,cust_0076,1,16461.27,nach,SUBSCRIPTION_MANDATE_FAILURE,BAD_REQUEST_ERROR,2025-07-22T04:31:10.153144,b2b,1,0.891,859.63,107614.45,upi,0,monthly,6,escalate_human,0,0.0,0.0,50.0
txn_001810,cust_0008,1,859.99,wallet,USER_ABANDONED,BAD_REQUEST_ERROR,2025-07-10T02:38:28.273069,new,39,0.838,1897.19,3173.15,whatsapp,0,,2,escalate_human,0,0.0,0.0,50.0
txn_001811,cust_0389,2,1900.28,card,USER_ABANDONED,BAD_REQUEST_ERROR,2025-07-17T11:16:28.456315,regular,13,0.841,254.94,43700.29,whatsapp,2,monthly,14,offer_discount,0,0.0,0.0,285.14
txn_001812,cust_0431,2,1278.84,netbanking,INVALID_DETAILS,BAD_REQUEST_ERROR,2025-07-25T09:35:28.498039,b2b,9,0.669,446.56,1741863.49,whatsapp,0,,7,sms_reminder,0,0.0,0.0,0.25
txn_001813,cust_0138,3,754.96,card,USER_ABANDONED,BAD_REQUEST_ERROR,2025-07-03T23:56:08.230496,regular,9,0.365,206.68,27868.68,email,0,annual,3,whatsapp_nudge,1,3.24,0.0,1.5
txn_001814,cust_0325,2,17057.36,card,MERCHANT_INTEGRATION_ERROR,SERVER_ERROR,2025-07-27T06:51:36.495936,vip,21,0.682,245.39,244550.94,sms,1,quarterly,18,retry_delayed,1,44.52,0.0,0.0
txn_001815,cust_0354,3,29079.29,upi,INSUFFICIENT_FUNDS,BAD_REQUEST_ERROR,2025-07-30T04:19:35.210325,b2b,8,0.704,2244.72,342976.53,email,0,,6,send_payment_link,0,0.0,0.0,0.5
txn_001816,cust_0003,2,20181.67,wallet,MERCHANT_INTEGRATION_ERROR,SERVER_ERROR,2025-07-24T02:08:31.072375,regular,19,0.727,14328.09,48681.41,sms,2,quarterly,18,retry_delayed,0,0.0,0.0,0.0
txn_001817,cust_0055,1,185.18,upi,INVALID_DETAILS,BAD_REQUEST_ERROR,2025-07-19T21:34:46.374449,at_risk,3,0.348,905.44,7471.23,email,2,,62,switch_to_upi,0,0.0,0.0,0.0
txn_001818,cust_0493,3,11214.38,wallet,SUSPECTED_FRAUD,BAD_REQUEST_ERROR,2025-07-04T16:10:06.532193,vip,41,0.983,1355.8,130003.75,email,3,quarterly,13,escalate_human,0,0.0,0.0,50.0
txn_001819,cust_0038,1,8514.1,upi,INSUFFICIENT_FUNDS,BAD_REQUEST_ERROR,2025-07-07T02:55:40.664335,vip,1,0.958,1858.57,358743.36,whatsapp,0,,5,sms_reminder,1,17.4,0.0,0.25
txn_001820,cust_0206,3,6240.66,netbanking,INSUFFICIENT_FUNDS,BAD_REQUEST_ERROR,2025-07-30T13:17:10.419719,vip,78,0.796,449.15,103404.82,sms,3,monthly,3,escalate_human,0,0.0,0.0,50.0
txn_001821,cust_0216,3,3941.61,upi,AUTH_OTP_FAILURE,BAD_REQUEST_ERROR,2025-07-25T22:42:51.319393,regular,4,0.771,1294.46,19608.97,email,2,monthly,9,sms_reminder,0,0.0,0.0,0.25
txn_001822,cust_0274,3,494.93,card,EXPIRED_CARD,BAD_REQUEST_ERROR,2025-07-08T02:23:06.025618,new,12,0.902,6871.76,6103.0,email,3,quarterly,13,sms_reminder,1,12.73,0.0,0.25
txn_001823,cust_0389,2,11516.55,card,USER_ABANDONED,BAD_REQUEST_ERROR,2025-07-19T18:20:29.532045,regular,13,0.841,254.94,43700.29,whatsapp,2,,14,whatsapp_nudge,0,0.0,0.0,1.5
txn_001824,cust_0129,2,3102.11,wallet,BANK_DOWNTIME,SERVER_ERROR,2025-07-22T20:48:50.741448,at_risk,10,0.486,455.44,13050.45,email,2,annual,5,send_payment_link,0,0.0,0.0,0.5
txn_001825,cust_0227,1,13284.46,wallet,MERCHANT_INTEGRATION_ERROR,SERVER_ERROR,2025-07-02T18:35:52.081922,b2b,7,0.855,1154.19,335303.0,sms,3,,16,retry_delayed,0,0.0,0.0,0.0
txn_001826,cust_0392,2,1319.02,card,BANK_DOWNTIME,GATEWAY_ERROR,2025-07-12T08:56:11.106586,at_risk,6,0.538,2781.94,6316.12,email,0,,1,email_reminder,0,0.0,0.0,0.1
txn_001827,cust_0446,3,1456.33,card,AUTH_OTP_FAILURE,BAD_REQUEST_ERROR,2025-07-21T10:45:47.925393,regular,3,0.811,22580.69,5272.62,whatsapp,0,,48,send_payment_link,1,5.88,0.0,0.5
txn_001828,cust_0066,2,5180.33,card,AUTH_OTP_FAILURE,BAD_REQUEST_ERROR,2025-07-26T05:20:03.225647,regular,17,0.798,2321.81,11994.87,whatsapp,3,monthly,11,send_payment_link,0,0.0,0.0,0.5
txn_001829,cust_0348,2,2397.74,netbanking,INVALID_DETAILS,BAD_REQUEST_ERROR,2025-07-24T11:21:27.852354,regular,21,0.481,789.35,41887.7,upi,2,,22,switch_to_upi,1,1.84,0.0,0.0
txn_001830,cust_0127,1,683.29,nach,SUBSCRIPTION_MANDATE_FAILURE,BAD_REQUEST_ERROR,2025-07-17T13:09:22.913084,regular,22,0.778,1558.56,25865.41,whatsapp,1,monthly,5,sms_reminder,1,16.3,0.0,0.25
txn_001831,cust_0258,1,4354.62,card,USER_ABANDONED,BAD_REQUEST_ERROR,2025-07-10T04:57:19.197662,vip,1,0.641,1306.04,426822.57,sms,3,quarterly,11,offer_discount,0,0.0,0.0,435.56
txn_001832,cust_0483,1,9233.36,netbanking,MERCHANT_INTEGRATION_ERROR,SERVER_ERROR,2025-07-03T08:31:45.270537,vip,3,0.901,686.93,426744.6,whatsapp,2,monthly,10,escalate_human,0,0.0,0.0,50.0
txn_001833,cust_0406,1,6858.95,upi,USER_ABANDONED,BAD_REQUEST_ERROR,2025-07-25T10:10:04.959245,new,3,0.722,2000.15,5901.2,whatsapp,2,monthly,6,send_payment_link,1,5.41,0.0,0.5
txn_001834,cust_0357,2,1767.51,card,INVALID_DETAILS,BAD_REQUEST_ERROR,2025-07-12T08:14:17.546858,regular,110,0.853,620.86,35862.37,whatsapp,2,monthly,12,sms_reminder,1,12.79,0.0,0.25
txn_001835,cust_0211,2,1021.47,nach,SUBSCRIPTION_MANDATE_FAILURE,BAD_REQUEST_ERROR,2025-07-08T23:06:01.237995,at_risk,2,0.564,2831.25,8198.49,whatsapp,0,annual,26,retry_now,0,0.0,0.0,0.0
txn_001836,cust_0175,1,730.11,card,SUBSCRIPTION_MANDATE_FAILURE,BAD_REQUEST_ERROR,2025-07-31T06:08:47.247998,regular,39,0.776,803.96,49352.95,whatsapp,3,monthly,12,whatsapp_nudge,0,0.0,0.0,1.5
txn_001837,cust_0126,2,3032.78,wallet,INSUFFICIENT_FUNDS,BAD_REQUEST_ERROR,2025-07-23T21:37:38.876120,regular,9,0.838,9931.54,21649.3,whatsapp,1,,0,sms_reminder,0,0.0,0.0,0.25
txn_001838,cust_0497,3,2551.49,card,MERCHANT_INTEGRATION_ERROR,SERVER_ERROR,2025-07-27T04:17:50.275642,regular,27,0.776,263.53,8891.79,upi,3,,13,retry_delayed,1,7.19,0.0,0.0
txn_001839,cust_0406,1,9590.01,upi,SUBSCRIPTION_MANDATE_FAILURE,BAD_REQUEST_ERROR,2025-07-29T11:58:54.231123,new,3,0.722,2000.15,5901.2,whatsapp,1,monthly,6,email_reminder,0,0.0,0.0,0.1
txn_001840,cust_0393,3,2154.45,upi,SUSPECTED_FRAUD,BAD_REQUEST_ERROR,2025-07-02T01:19:01.321492,vip,41,0.906,4240.06,385781.59,whatsapp,3,monthly,2,escalate_human,0,0.0,0.0,50.0
txn_001841,cust_0090,3,16070.55,card,INSUFFICIENT_FUNDS,BAD_REQUEST_ERROR,2025-07-20T17:01:20.931484,regular,25,0.808,7917.83,28838.55,whatsapp,0,,2,email_reminder,0,0.0,0.0,0.1
txn_001842,cust_0068,2,233.42,wallet,AUTH_OTP_FAILURE,BAD_REQUEST_ERROR,2025-07-26T08:18:40.767322,new,1,0.603,1024.19,2837.63,email,1,,1,sms_reminder,0,0.0,0.0,0.25
txn_001843,cust_0255,3,27873.03,nach,USER_ABANDONED,BAD_REQUEST_ERROR,2025-07-03T21:49:41.548318,vip,13,0.805,678.95,280530.07,email,0,,33,whatsapp_nudge,1,11.56,0.0,1.5
txn_001844,cust_0352,1,569.66,nach,SUBSCRIPTION_MANDATE_FAILURE,BAD_REQUEST_ERROR,2025-07-09T16:29:59.380841,at_risk,20,0.495,255.89,10738.51,sms,2,annual,34,escalate_human,0,0.0,0.0,50.0
txn_001845,cust_0006,1,13377.54,card,MERCHANT_INTEGRATION_ERROR,SERVER_ERROR,2025-07-11T15:22:14.930239,vip,9,0.828,3504.96,367324.42,sms,0,,22,escalate_human,0,0.0,0.0,50.0
txn_001846,cust_0219,2,7433.33,upi,SUSPECTED_FRAUD,BAD_REQUEST_ERROR,2025-07-26T04:53:48.635108,vip,12,0.822,4437.89,440706.4,email,2,monthly,1,escalate_human,0,0.0,0.0,50.0
txn_001847,cust_0436,1,1346.44,wallet,BANK_DOWNTIME,BAD_REQUEST_ERROR,2025-07-15T05:42:55.481479,regular,10,0.82,1263.61,44370.37,sms,1,,4,send_payment_link,0,0.0,0.0,0.5
txn_001848,cust_0175,1,5640.57,upi,INSUFFICIENT_FUNDS,BAD_REQUEST_ERROR,2025-07-08T21:12:13.330477,regular,39,0.776,803.96,49352.95,whatsapp,3,,12,send_payment_link,1,7.06,0.0,0.5
txn_001849,cust_0307,1,1180.77,upi,SUBSCRIPTION_MANDATE_FAILURE,BAD_REQUEST_ERROR,2025-07-05T11:43:04.999583,new,3,0.797,1919.07,3118.53,whatsapp,0,monthly,16,whatsapp_nudge,1,7.94,0.0,1.5
txn_001850,cust_0240,3,211.33,card,AUTH_OTP_FAILURE,GATEWAY_ERROR,2025-07-07T23:00:10.233247,new,35,0.802,8502.55,6367.86,email,2,,27,offer_discount,1,2.47,21.13,21.23
txn_001851,cust_0168,1,3062.76,upi,INSUFFICIENT_FUNDS,BAD_REQUEST_ERROR,2025-07-27T20:13:35.599875,vip,10,0.953,431.33,180425.35,sms,3,monthly,43,send_payment_link,0,0.0,0.0,0.5
txn_001852,cust_0177,3,3512.73,card,SUBSCRIPTION_MANDATE_FAILURE,BAD_REQUEST_ERROR,2025-07-27T03:15:58.375007,regular,10,0.744,1758.21,12965.06,sms,3,monthly,21,offer_discount,0,0.0,0.0,175.74
txn_001853,cust_0388,3,4032.35,upi,INSUFFICIENT_FUNDS,BAD_REQUEST_ERROR,2025-07-05T04:46:19.198169,regular,8,0.825,515.9,24711.21,whatsapp,3,,7,retry_delayed,0,0.0,0.0,0.0
txn_001854,cust_0468,2,341.77,card,USER_ABANDONED,BAD_REQUEST_ERROR,2025-07-05T01:46:56.321343,regular,28,0.842,2292.9,15572.55,whatsapp,2,,27,send_payment_link,1,11.3,0.0,0.5
txn_001855,cust_0258,1,6711.48,card,MERCHANT_INTEGRATION_ERROR,SERVER_ERROR,2025-07-15T21:47:59.730910,vip,1,0.641,1306.04,426822.57,sms,3,,11,send_payment_link,0,0.0,0.0,0.5
txn_001856,cust_0464,1,3371.14,upi,USER_ABANDONED,BAD_REQUEST_ERROR,2025-07-28T09:16:08.391677,regular,21,0.845,827.48,6402.01,whatsapp,1,monthly,7,send_payment_link,1,8.39,0.0,0.5
txn_001857,cust_0146,1,21040.74,upi,AUTH_OTP_FAILURE,GATEWAY_ERROR,2025-07-05T18:32:14.028541,vip,34,0.673,84.64,440227.52,email,0,,20,switch_to_upi,0,0.0,0.0,0.0
txn_001858,cust_0177,3,5500.29,upi,BANK_DOWNTIME,GATEWAY_ERROR,2025-07-21T12:12:46.197696,regular,10,0.744,1758.21,12965.06,sms,1,,21,escalate_human,1,46.05,0.0,50.0
txn_001859,cust_0195,2,1435.02,card,EXPIRED_CARD,BAD_REQUEST_ERROR,2025-07-12T01:47:56.288895,regular,3,0.654,2422.44,35366.57,upi,3,,3,whatsapp_nudge,0,0.0,0.0,1.5
txn_001860,cust_0471,3,570.25,card,EXPIRED_CARD,BAD_REQUEST_ERROR,2025-07-02T12:06:57.270345,regular,15,0.951,6600.15,11783.49,email,3,quarterly,9,switch_to_upi,0,0.0,0.0,0.0
txn_001861,cust_0089,1,974.81,upi,INSUFFICIENT_FUNDS,BAD_REQUEST_ERROR,2025-07-30T15:55:54.522863,at_risk,12,0.685,552.39,17616.93,upi,0,,10,offer_discount,1,1.05,116.98,117.08
txn_001862,cust_0213,3,2612.4,card,USER_ABANDONED,BAD_REQUEST_ERROR,2025-07-17T02:36:48.546375,at_risk,53,0.337,300.94,17006.65,whatsapp,2,monthly,4,whatsapp_nudge,0,0.0,0.0,1.5
txn_001863,cust_0320,2,218.06,nach,SUBSCRIPTION_MANDATE_FAILURE,BAD_REQUEST_ERROR,2025-07-16T03:54:13.566389,at_risk,22,0.344,1815.99,7503.11,upi,2,monthly,37,send_payment_link,0,0.0,0.0,0.5
txn_001864,cust_0037,2,40750.74,card,INSUFFICIENT_FUNDS,BAD_REQUEST_ERROR,2025-07-15T12:34:39.700174,b2b,8,0.717,857.32,1582572.84,upi,3,monthly,2,retry_delayed,1,18.79,0.0,0.0
txn_001865,cust_0202,3,1697.01,card,AUTH_OTP_FAILURE,GATEWAY_ERROR,2025-07-30T14:53:18.022234,regular,1,0.815,1247.68,23637.99,upi,1,,4,escalate_human,1,55.54,0.0,50.0
txn_001866,cust_0336,1,3150.75,upi,INSUFFICIENT_FUNDS,BAD_REQUEST_ERROR,2025-07-18T18:36:00.826339,new,12,0.79,2411.93,921.77,whatsapp,3,,33,offer_discount,1,1.92,252.06,252.16
txn_001867,cust_0371,3,842.05,card,BANK_DOWNTIME,SERVER_ERROR,2025-07-06T20:09:16.254856,new,8,0.751,337.88,9561.57,email,1,monthly,49,send_payment_link,0,0.0,0.0,0.5
txn_001868,cust_0284,3,1662.19,wallet,BANK_DOWNTIME,SERVER_ERROR,2025-07-09T16:19:12.407130,new,18,0.675,1028.68,2911.97,email,2,,21,escalate_human,1,71.91,0.0,50.0
txn_001869,cust_0222,3,5397.26,netbanking,MERCHANT_INTEGRATION_ERROR,SERVER_ERROR,2025-07-23T11:01:54.091646,regular,12,0.711,2038.65,21496.15,whatsapp,1,,74,retry_delayed,0,0.0,0.0,0.0
txn_001870,cust_0087,1,2447.28,netbanking,AUTH_OTP_FAILURE,GATEWAY_ERROR,2025-07-21T04:17:58.099343,regular,6,0.938,7375.59,43336.99,sms,0,,19,sms_reminder,0,0.0,0.0,0.25
txn_001871,cust_0394,3,2430.54,card,EXPIRED_CARD,BAD_REQUEST_ERROR,2025-07-29T06:53:27.528356,vip,25,0.82,3685.19,133485.89,email,2,monthly,1,switch_to_upi,0,0.0,0.0,0.0
txn_001872,cust_0190,2,15982.04,nach,SUBSCRIPTION_MANDATE_FAILURE,BAD_REQUEST_ERROR,2025-07-20T20:05:00.207062,regular,17,0.644,1218.58,20517.41,whatsapp,1,monthly,1,send_payment_link,1,20.58,0.0,0.5
txn_001873,cust_0052,3,1695.41,card,SUBSCRIPTION_MANDATE_FAILURE,BAD_REQUEST_ERROR,2025-07-05T05:23:24.879568,new,18,0.947,167.52,7675.64,email,2,monthly,14,email_reminder,0,0.0,0.0,0.1
txn_001874,cust_0369,1,5837.37,upi,SUBSCRIPTION_MANDATE_FAILURE,BAD_REQUEST_ERROR,2025-07-20T05:24:52.622542,new,18,0.761,295.58,8819.59,whatsapp,2,monthly,24,escalate_human,0,0.0,0.0,50.0
txn_001875,cust_0392,2,5975.65,card,INSUFFICIENT_FUNDS,BAD_REQUEST_ERROR,2025-07-28T14:04:58.899371,at_risk,6,0.538,2781.94,6316.12,email,2,,1,whatsapp_nudge,0,0.0,0.0,1.5
txn_001876,cust_0281,2,794.52,wallet,MERCHANT_INTEGRATION_ERROR,SERVER_ERROR,2025-07-19T06:54:58.039682,new,20,0.351,5005.0,8377.6,email,3,,6,escalate_human,0,0.0,0.0,50.0
txn_001877,cust_0456,1,1094.57,netbanking,BANK_DOWNTIME,SERVER_ERROR,2025-07-10T00:03:12.983665,new,17,0.717,1394.1,6169.95,sms,0,,17,retry_delayed,1,8.32,0.0,0.0
txn_001878,cust_0092,2,2387.45,card,MERCHANT_INTEGRATION_ERROR,SERVER_ERROR,2025-07-12T01:43:55.960135,regular,12,0.368,466.6,49487.18,whatsapp,1,,2,retry_delayed,1,42.62,0.0,0.0
txn_001879,cust_0460,1,3878.11,nach,USER_ABANDONED,BAD_REQUEST_ERROR,2025-07-03T20:06:05.415227,regular,9,0.794,1073.93,14725.04,sms,1,quarterly,12,offer_discount,0,0.0,0.0,310.35
txn_001880,cust_0281,2,311.47,emi,BANK_DOWNTIME,SERVER_ERROR,2025-07-17T03:14:40.211231,new,20,0.351,5005.0,8377.6,email,1,,6,offer_discount,0,0.0,0.0,15.67
txn_001881,cust_0092,2,1067.82,upi,USER_ABANDONED,BAD_REQUEST_ERROR,2025-07-18T23:54:22.329258,regular,12,0.368,466.6,49487.18,whatsapp,1,,2,send_payment_link,0,0.0,0.0,0.5
txn_001882,cust_0283,3,721.14,nach,SUBSCRIPTION_MANDATE_FAILURE,BAD_REQUEST_ERROR,2025-07-18T09:52:03.655474,regular,7,0.74,1061.12,38404.97,whatsapp,3,monthly,20,offer_discount,0,0.0,0.0,36.16
txn_001883,cust_0352,1,971.07,card,AUTH_OTP_FAILURE,BAD_REQUEST_ERROR,2025-07-09T04:00:28.015610,at_risk,20,0.495,255.89,10738.51,sms,2,monthly,34,switch_to_upi,0,0.0,0.0,0.0
txn_001884,cust_0099,1,46983.95,card,USER_ABANDONED,BAD_REQUEST_ERROR,2025-07-14T07:25:01.212087,b2b,10,0.958,4560.38,484792.58,whatsapp,1,quarterly,16,whatsapp_nudge,0,0.0,0.0,1.5
txn_001885,cust_0355,2,11898.89,upi,AUTH_OTP_FAILURE,BAD_REQUEST_ERROR,2025-07-10T11:11:17.251426,vip,13,0.896,1893.83,400262.21,email,0,monthly,27,email_reminder,0,0.0,0.0,0.1
txn_001886,cust_0043,2,3106.66,card,USER_ABANDONED,BAD_REQUEST_ERROR,2025-07-25T18:29:26.307715,new,10,0.908,873.85,8899.38,sms,0,,23,whatsapp_nudge,1,3.16,0.0,1.5
txn_001887,cust_0001,3,313.43,card,USER_ABANDONED,BAD_REQUEST_ERROR,2025-07-30T23:13:06.954070,at_risk,36,0.655,394.0,9338.69,email,0,monthly,1,email_reminder,0,0.0,0.0,0.1
txn_001888,cust_0039,3,3759.05,emi,AUTH_OTP_FAILURE,BAD_REQUEST_ERROR,2025-07-07T15:00:30.291224,at_risk,7,0.412,470.78,3101.18,email,3,,8,email_reminder,1,28.65,0.0,0.1
txn_001889,cust_0412,3,1847.59,wallet,MERCHANT_INTEGRATION_ERROR,SERVER_ERROR,2025-07-09T22:31:14.963165,regular,21,0.792,63.2,31799.5,email,0,,4,retry_delayed,0,0.0,0.0,0.0
txn_001890,cust_0414,1,431.47,card,SUBSCRIPTION_MANDATE_FAILURE,BAD_REQUEST_ERROR,2025-07-16T07:09:03.085848,regular,1,0.611,130.92,13403.58,sms,3,monthly,11,send_payment_link,0,0.0,0.0,0.5
txn_001891,cust_0298,2,832.13,upi,AUTH_OTP_FAILURE,BAD_REQUEST_ERROR,2025-07-08T20:35:32.691808,vip,2,0.871,1636.41,438833.51,sms,0,,18,send_payment_link,0,0.0,0.0,0.5
txn_001892,cust_0450,3,795.45,netbanking,USER_ABANDONED,BAD_REQUEST_ERROR,2025-07-27T19:47:38.054247,new,4,0.976,2187.29,2745.55,sms,3,,11,offer_discount,1,3.88,119.32,119.42
txn_001893,cust_0037,2,11088.6,card,SUSPECTED_FRAUD,BAD_REQUEST_ERROR,2025-07-18T04:28:55.381006,b2b,8,0.717,857.32,1582572.84,upi,1,monthly,2,send_payment_link,0,0.0,0.0,0.5
txn_001894,cust_0115,3,49165.86,card,AUTH_OTP_FAILURE,GATEWAY_ERROR,2025-07-22T12:10:37.799533,b2b,2,0.952,611.9,213024.72,email,0,,2,send_payment_link,0,0.0,0.0,0.5
txn_001895,cust_0176,2,2208.62,netbanking,INSUFFICIENT_FUNDS,BAD_REQUEST_ERROR,2025-07-22T22:33:57.131157,regular,6,0.955,286.58,19880.46,sms,0,,0,retry_delayed,0,0.0,0.0,0.0
txn_001896,cust_0117,3,4717.37,card,INVALID_DETAILS,BAD_REQUEST_ERROR,2025-07-04T18:14:02.834779,b2b,2,0.869,1795.75,289679.01,sms,0,quarterly,20,whatsapp_nudge,0,0.0,0.0,1.5
txn_001897,cust_0022,3,7900.38,card,SUBSCRIPTION_MANDATE_FAILURE,BAD_REQUEST_ERROR,2025-07-17T01:39:53.563218,vip,16,0.747,1222.42,480030.47,email,0,monthly,10,switch_to_upi,1,1.95,0.0,0.0
txn_001898,cust_0460,1,1342.71,card,EXPIRED_CARD,BAD_REQUEST_ERROR,2025-07-21T22:06:28.918106,regular,9,0.794,1073.93,14725.04,sms,3,,12,escalate_human,1,61.38,0.0,50.0
txn_001899,cust_0068,2,798.6,emi,INSUFFICIENT_FUNDS,BAD_REQUEST_ERROR,2025-07-03T00:25:32.691825,new,1,0.603,1024.19,2837.63,email,1,,1,retry_delayed,0,0.0,0.0,0.0
txn_001900,cust_0309,1,2071.18,card,AUTH_OTP_FAILURE,BAD_REQUEST_ERROR,2025-07-21T08:41:14.563131,regular,52,0.892,612.97,49973.4,upi,3,,9,send_payment_link,0,0.0,0.0,0.5
txn_001901,cust_0001,3,745.94,card,INVALID_DETAILS,BAD_REQUEST_ERROR,2025-07-02T06:20:15.469271,at_risk,36,0.655,394.0,9338.69,email,3,monthly,1,switch_to_upi,0,0.0,0.0,0.0
txn_001902,cust_0489,3,10389.13,card,INSUFFICIENT_FUNDS,BAD_REQUEST_ERROR,2025-07-25T08:13:49.106253,vip,2,0.818,1346.8,332114.91,whatsapp,3,,17,send_payment_link,0,0.0,0.0,0.5
txn_001903,cust_0443,2,2764.77,card,AUTH_OTP_FAILURE,GATEWAY_ERROR,2025-07-25T21:50:49.903141,regular,22,0.939,266.84,40061.23,email,0,monthly,23,sms_reminder,0,0.0,0.0,0.25
txn_001904,cust_0061,3,3637.3,netbanking,BANK_DOWNTIME,GATEWAY_ERROR,2025-07-07T21:32:18.529343,vip,1,0.782,314.6,436156.39,sms,1,,21,retry_delayed,0,0.0,0.0,0.0
txn_001905,cust_0045,2,456.35,card,EXPIRED_CARD,BAD_REQUEST_ERROR,2025-07-05T08:35:09.520788,regular,1,0.911,403.41,10364.79,whatsapp,0,,8,switch_to_upi,0,0.0,0.0,0.0
txn_001906,cust_0461,1,2012.57,wallet,MERCHANT_INTEGRATION_ERROR,SERVER_ERROR,2025-07-25T16:43:49.248449,regular,38,0.942,542.95,21370.86,upi,0,monthly,38,escalate_human,1,42.14,0.0,50.0
txn_001907,cust_0408,2,1140.79,emi,INSUFFICIENT_FUNDS,BAD_REQUEST_ERROR,2025-07-30T06:44:24.563655,vip,24,0.852,1654.37,490463.89,whatsapp,3,,0,offer_discount,0,0.0,0.0,57.14
txn_001908,cust_0160,2,2426.34,card,INSUFFICIENT_FUNDS,BAD_REQUEST_ERROR,2025-07-02T21:24:02.730055,regular,16,0.965,458.88,49099.03,sms,1,,0,email_reminder,0,0.0,0.0,0.1
txn_001909,cust_0178,1,1449.82,card,EXPIRED_CARD,BAD_REQUEST_ERROR,2025-07-27T23:32:39.385836,regular,1,0.853,702.8,24928.32,upi,3,monthly,4,sms_reminder,0,0.0,0.0,0.25
txn_001910,cust_0039,3,6121.07,card,INSUFFICIENT_FUNDS,BAD_REQUEST_ERROR,2025-07-01T10:24:26.486752,at_risk,7,0.412,470.78,3101.18,email,0,monthly,8,offer_discount,0,0.0,0.0,306.15
txn_001911,cust_0067,3,27639.48,wallet,INSUFFICIENT_FUNDS,BAD_REQUEST_ERROR,2025-07-09T19:51:16.779259,b2b,11,0.898,3437.38,1596420.69,whatsapp,2,,110,offer_discount,1,0.6,1381.97,1382.07
txn_001912,cust_0497,3,5054.46,upi,BANK_DOWNTIME,GATEWAY_ERROR,2025-07-27T15:05:54.639431,regular,27,0.776,263.53,8891.79,upi,2,,13,send_payment_link,1,13.71,0.0,0.5
txn_001913,cust_0456,1,542.58,netbanking,INSUFFICIENT_FUNDS,BAD_REQUEST_ERROR,2025-07-19T05:00:01.983736,new,17,0.717,1394.1,6169.95,sms,2,quarterly,17,retry_delayed,0,0.0,0.0,0.0
txn_001914,cust_0016,1,1560.73,upi,BANK_DOWNTIME,SERVER_ERROR,2025-07-20T06:49:51.463376,at_risk,21,0.262,2999.46,3047.08,sms,0,monthly,11,retry_delayed,0,0.0,0.0,0.0
txn_001915,cust_0292,1,8439.2,netbanking,MERCHANT_INTEGRATION_ERROR,SERVER_ERROR,2025-07-02T05:40:16.731168,regular,14,0.825,620.54,13568.88,whatsapp,0,,3,send_payment_link,1,5.22,0.0,0.5
txn_001916,cust_0242,3,290.66,upi,AUTH_OTP_FAILURE,BAD_REQUEST_ERROR,2025-07-25T12:36:50.942665,new,1,0.863,1470.88,2348.97,whatsapp,0,,37,escalate_human,1,34.42,0.0,50.0
txn_001917,cust_0158,1,1203.35,wallet,USER_ABANDONED,BAD_REQUEST_ERROR,2025-07-02T01:34:50.270997,regular,21,0.906,1747.9,40410.11,email,1,monthly,93,whatsapp_nudge,0,0.0,0.0,1.5
txn_001918,cust_0345,1,1539.49,card,INSUFFICIENT_FUNDS,BAD_REQUEST_ERROR,2025-07-06T22:08:27.424949,regular,8,0.885,628.83,6750.99,email,3,,17,retry_delayed,0,0.0,0.0,0.0
txn_001919,cust_0426,1,2845.67,card,EXPIRED_CARD,BAD_REQUEST_ERROR,2025-07-04T19:16:09.586960,at_risk,1,0.521,1414.51,14758.04,sms,0,,3,switch_to_upi,1,3.33,0.0,0.0
txn_001920,cust_0065,1,767.66,netbanking,BANK_DOWNTIME,GATEWAY_ERROR,2025-07-02T05:51:43.528472,regular,6,0.788,465.61,45364.86,sms,2,,2,whatsapp_nudge,0,0.0,0.0,1.5
txn_001921,cust_0041,2,457.09,upi,MERCHANT_INTEGRATION_ERROR,SERVER_ERROR,2025-07-09T00:12:08.779254,at_risk,24,0.231,5565.28,2087.41,email,1,monthly,32,send_payment_link,0,0.0,0.0,0.5
txn_001922,cust_0352,1,1004.31,upi,AUTH_OTP_FAILURE,BAD_REQUEST_ERROR,2025-07-25T06:46:27.303284,at_risk,20,0.495,255.89,10738.51,sms,2,quarterly,34,switch_to_upi,0,0.0,0.0,0.0
txn_001923,cust_0149,1,2716.22,card,AUTH_OTP_FAILURE,BAD_REQUEST_ERROR,2025-07-22T04:54:08.150865,new,5,0.833,685.09,9518.29,email,0,quarterly,6,retry_delayed,0,0.0,0.0,0.0
txn_001924,cust_0155,3,49777.04,card,INSUFFICIENT_FUNDS,BAD_REQUEST_ERROR,2025-07-25T05:03:41.544158,b2b,5,0.811,4494.49,863890.82,sms,3,monthly,11,retry_delayed,0,0.0,0.0,0.0
txn_001925,cust_0299,3,34633.13,wallet,INSUFFICIENT_FUNDS,BAD_REQUEST_ERROR,2025-07-28T15:10:10.134206,vip,3,0.805,490.97,92344.69,upi,3,,0,email_reminder,0,0.0,0.0,0.1
txn_001926,cust_0200,3,600.76,netbanking,INSUFFICIENT_FUNDS,BAD_REQUEST_ERROR,2025-07-28T04:06:25.391130,regular,36,0.763,3118.13,39827.27,sms,3,,34,retry_delayed,0,0.0,0.0,0.0
txn_001927,cust_0391,3,11240.0,upi,AUTH_OTP_FAILURE,GATEWAY_ERROR,2025-07-21T22:40:11.432574,vip,10,0.851,131.95,267942.01,email,3,,15,email_reminder,1,25.46,0.0,0.1
txn_001928,cust_0142,2,881.83,nach,SUBSCRIPTION_MANDATE_FAILURE,BAD_REQUEST_ERROR,2025-07-01T16:07:31.613269,new,4,0.843,2788.14,9582.44,sms,1,monthly,6,send_payment_link,0,0.0,0.0,0.5
txn_001929,cust_0400,3,730.21,card,AUTH_OTP_FAILURE,GATEWAY_ERROR,2025-07-18T17:53:01.771913,at_risk,6,0.191,1771.23,6492.96,upi,1,,31,send_payment_link,0,0.0,0.0,0.5
txn_001930,cust_0411,3,39402.39,upi,SUSPECTED_FRAUD,BAD_REQUEST_ERROR,2025-07-07T00:02:00.305827,vip,16,0.836,874.95,211702.57,sms,1,quarterly,10,escalate_human,0,0.0,0.0,50.0
txn_001931,cust_0406,1,3942.17,card,SUSPECTED_FRAUD,BAD_REQUEST_ERROR,2025-07-06T16:28:55.596826,new,3,0.722,2000.15,5901.2,whatsapp,1,,6,escalate_human,0,0.0,0.0,50.0
txn_001932,cust_0066,2,8910.76,card,AUTH_OTP_FAILURE,BAD_REQUEST_ERROR,2025-07-14T02:08:20.792658,regular,17,0.798,2321.81,11994.87,whatsapp,3,,11,offer_discount,0,0.0,0.0,1069.39
txn_001933,cust_0423,3,886.38,upi,MERCHANT_INTEGRATION_ERROR,SERVER_ERROR,2025-07-16T23:03:12.660595,at_risk,4,0.554,206.72,17160.68,sms,0,quarterly,6,escalate_human,0,0.0,0.0,50.0
txn_001934,cust_0082,1,12964.15,netbanking,SUSPECTED_FRAUD,BAD_REQUEST_ERROR,2025-07-20T20:17:07.416584,b2b,6,0.772,469.32,816574.89,whatsapp,1,,9,escalate_human,0,0.0,0.0,50.0
txn_001935,cust_0371,3,4109.14,card,INSUFFICIENT_FUNDS,BAD_REQUEST_ERROR,2025-07-13T00:06:38.999041,new,8,0.751,337.88,9561.57,email,3,,49,offer_discount,0,0.0,0.0,205.56
txn_001936,cust_0028,1,2927.92,netbanking,INSUFFICIENT_FUNDS,BAD_REQUEST_ERROR,2025-07-24T06:29:37.195385,new,24,0.71,3337.33,4049.33,email,0,quarterly,16,retry_delayed,0,0.0,0.0,0.0
txn_001937,cust_0424,2,7750.54,netbanking,MERCHANT_INTEGRATION_ERROR,SERVER_ERROR,2025-07-20T08:48:21.078718,regular,4,0.828,660.17,27642.15,email,2,,14,retry_delayed,0,0.0,0.0,0.0
txn_001938,cust_0330,2,8224.93,upi,USER_ABANDONED,BAD_REQUEST_ERROR,2025-07-27T19:01:23.445810,regular,2,0.948,2605.74,42692.78,sms,2,monthly,6,offer_discount,1,1.0,411.25,411.35
txn_001939,cust_0364,2,1358.24,wallet,INSUFFICIENT_FUNDS,BAD_REQUEST_ERROR,2025-07-03T06:41:48.261733,vip,11,0.784,816.8,189978.73,sms,1,monthly,10,send_payment_link,0,0.0,0.0,0.5
txn_001940,cust_0471,3,4309.7,upi,USER_ABANDONED,BAD_REQUEST_ERROR,2025-07-08T06:11:14.078194,regular,15,0.951,6600.15,11783.49,email,2,,9,whatsapp_nudge,0,0.0,0.0,1.5
txn_001941,cust_0416,3,3279.52,netbanking,INSUFFICIENT_FUNDS,BAD_REQUEST_ERROR,2025-07-23T06:44:03.386602,regular,12,0.986,863.02,27021.16,sms,1,,7,send_payment_link,0,0.0,0.0,0.5
txn_001942,cust_0452,3,2729.91,wallet,BANK_DOWNTIME,GATEWAY_ERROR,2025-07-14T01:24:47.680690,new,2,0.813,745.58,602.16,whatsapp,0,,11,retry_delayed,1,24.79,0.0,0.0
txn_001943,cust_0419,1,771.79,card,INSUFFICIENT_FUNDS,BAD_REQUEST_ERROR,2025-07-09T12:36:44.574703,regular,43,0.532,2609.02,42282.36,email,0,monthly,11,escalate_human,0,0.0,0.0,50.0
txn_001944,cust_0170,1,1519.59,netbanking,INSUFFICIENT_FUNDS,BAD_REQUEST_ERROR,2025-07-01T22:03:47.591280,regular,27,0.813,2895.85,27463.74,sms,2,monthly,7,send_payment_link,1,17.26,0.0,0.5
txn_001945,cust_0178,1,1602.89,card,MERCHANT_INTEGRATION_ERROR,SERVER_ERROR,2025-07-04T05:45:43.046512,regular,1,0.853,702.8,24928.32,upi,1,,4,escalate_human,0,0.0,0.0,50.0
txn_001946,cust_0353,1,2318.2,emi,AUTH_OTP_FAILURE,GATEWAY_ERROR,2025-07-25T19:52:53.530255,regular,3,0.94,898.94,36700.62,email,0,monthly,22,email_reminder,1,36.13,0.0,0.1
txn_001947,cust_0212,1,1168.66,upi,USER_ABANDONED,BAD_REQUEST_ERROR,2025-07-30T05:54:52.545517,regular,13,0.833,1225.64,9175.35,upi,3,quarterly,5,whatsapp_nudge,1,2.26,0.0,1.5
txn_001948,cust_0381,2,16575.49,card,INSUFFICIENT_FUNDS,BAD_REQUEST_ERROR,2025-07-29T02:09:16.701832,vip,15,0.57,760.59,120308.56,upi,0,,34,whatsapp_nudge,1,7.56,0.0,1.5
txn_001949,cust_0090,3,4787.91,nach,SUSPECTED_FRAUD,BAD_REQUEST_ERROR,2025-07-02T14:59:41.342444,regular,25,0.808,7917.83,28838.55,whatsapp,0,annual,2,escalate_human,0,0.0,0.0,50.0
txn_001950,cust_0412,3,1661.31,netbanking,SUSPECTED_FRAUD,BAD_REQUEST_ERROR,2025-07-28T18:01:12.158392,regular,21,0.792,63.2,31799.5,email,2,monthly,4,escalate_human,0,0.0,0.0,50.0
txn_001951,cust_0307,1,1988.22,card,SUBSCRIPTION_MANDATE_FAILURE,BAD_REQUEST_ERROR,2025-07-03T01:56:31.605542,new,3,0.797,1919.07,3118.53,whatsapp,1,monthly,16,email_reminder,0,0.0,0.0,0.1
txn_001952,cust_0382,2,1581.26,netbanking,AUTH_OTP_FAILURE,GATEWAY_ERROR,2025-07-04T05:58:15.583581,new,3,0.931,1522.31,2192.27,whatsapp,1,monthly,4,whatsapp_nudge,1,1.01,0.0,1.5
txn_001953,cust_0176,2,9463.59,nach,SUBSCRIPTION_MANDATE_FAILURE,BAD_REQUEST_ERROR,2025-07-14T00:58:39.117001,regular,6,0.955,286.58,19880.46,sms,0,monthly,0,switch_to_upi,0,0.0,0.0,0.0
txn_001954,cust_0395,3,2872.89,upi,SUSPECTED_FRAUD,BAD_REQUEST_ERROR,2025-07-13T01:28:22.826102,regular,17,0.784,1396.87,44273.76,sms,2,,0,escalate_human,1,53.3,0.0,50.0
txn_001955,cust_0329,2,6497.62,wallet,AUTH_OTP_FAILURE,GATEWAY_ERROR,2025-07-30T10:41:54.564654,vip,21,0.587,700.55,127476.8,whatsapp,1,,4,send_payment_link,0,0.0,0.0,0.5
txn_001956,cust_0067,3,11488.99,upi,BANK_DOWNTIME,SERVER_ERROR,2025-07-07T12:43:08.940424,b2b,11,0.898,3437.38,1596420.69,whatsapp,3,,110,offer_discount,0,0.0,0.0,1149.0
txn_001957,cust_0201,3,2819.25,upi,USER_ABANDONED,BAD_REQUEST_ERROR,2025-07-10T03:34:05.470056,new,22,0.571,312.08,9945.56,whatsapp,1,monthly,5,whatsapp_nudge,1,1.23,0.0,1.5
txn_001958,cust_0421,2,945.2,nach,INSUFFICIENT_FUNDS,BAD_REQUEST_ERROR,2025-07-20T20:34:44.917002,regular,18,0.89,578.3,32813.32,whatsapp,2,quarterly,25,retry_delayed,0,0.0,0.0,0.0
txn_001959,cust_0066,2,405.83,netbanking,MERCHANT_INTEGRATION_ERROR,SERVER_ERROR,2025-07-24T08:53:16.641855,regular,17,0.798,2321.81,11994.87,whatsapp,0,monthly,11,escalate_human,1,49.09,0.0,50.0
txn_001960,cust_0216,3,2340.46,upi,SUBSCRIPTION_MANDATE_FAILURE,BAD_REQUEST_ERROR,2025-07-31T01:45:52.814335,regular,4,0.771,1294.46,19608.97,email,3,monthly,9,switch_to_upi,0,0.0,0.0,0.0
txn_001961,cust_0252,2,93657.0,card,AUTH_OTP_FAILURE,GATEWAY_ERROR,2025-07-28T06:53:55.992183,vip,2,0.758,2502.94,164806.1,upi,2,,14,whatsapp_nudge,0,0.0,0.0,1.5
txn_001962,cust_0365,3,11612.52,nach,INSUFFICIENT_FUNDS,BAD_REQUEST_ERROR,2025-07-28T04:44:08.274708,vip,10,0.862,851.62,415807.41,whatsapp,1,,17,retry_delayed,1,34.76,0.0,0.0
txn_001963,cust_0112,3,9410.74,upi,USER_ABANDONED,BAD_REQUEST_ERROR,2025-07-19T18:40:18.065596,vip,27,0.419,708.89,180087.61,email,0,,6,send_payment_link,0,0.0,0.0,0.5
txn_001964,cust_0237,2,6410.61,upi,INSUFFICIENT_FUNDS,BAD_REQUEST_ERROR,2025-07-31T00:47:46.436566,b2b,54,0.799,380.89,1814730.94,upi,3,,32,offer_discount,1,0.98,512.85,512.95
txn_001965,cust_0419,1,114.55,upi,SUBSCRIPTION_MANDATE_FAILURE,BAD_REQUEST_ERROR,2025-07-15T21:27:56.883243,regular,43,0.532,2609.02,42282.36,email,1,monthly,11,whatsapp_nudge,0,0.0,0.0,1.5
txn_001966,cust_0347,2,6628.55,emi,INSUFFICIENT_FUNDS,BAD_REQUEST_ERROR,2025-07-30T06:56:42.259310,at_risk,29,0.448,892.71,15409.07,whatsapp,2,,30,retry_delayed,1,17.1,0.0,0.0
txn_001967,cust_0220,3,125.04,card,INSUFFICIENT_FUNDS,BAD_REQUEST_ERROR,2025-07-11T22:15:23.178262,at_risk,2,0.423,1708.26,16875.07,whatsapp,1,,8,send_payment_link,0,0.0,0.0,0.5
txn_001968,cust_0174,3,11648.64,wallet,INSUFFICIENT_FUNDS,BAD_REQUEST_ERROR,2025-07-29T22:26:22.522941,regular,27,0.708,381.62,31210.01,whatsapp,0,,8,retry_delayed,0,0.0,0.0,0.0
txn_001969,cust_0077,1,3036.38,netbanking,BANK_DOWNTIME,BAD_REQUEST_ERROR,2025-07-25T12:14:56.907915,regular,22,0.972,3755.6,7273.39,email,0,monthly,1,email_reminder,1,25.3,0.0,0.1
txn_001970,cust_0028,1,2287.62,upi,AUTH_OTP_FAILURE,GATEWAY_ERROR,2025-07-26T00:21:19.253565,new,24,0.71,3337.33,4049.33,email,3,quarterly,16,switch_to_upi,0,0.0,0.0,0.0
txn_001971,cust_0084,3,822.89,upi,USER_ABANDONED,BAD_REQUEST_ERROR,2025-07-07T19:40:30.329310,new,26,0.927,1037.01,7658.29,whatsapp,3,,0,offer_discount,0,0.0,0.0,65.93
txn_001972,cust_0118,3,951.12,card,EXPIRED_CARD,BAD_REQUEST_ERROR,2025-07-22T22:52:28.979143,regular,16,0.94,70.68,47689.05,whatsapp,1,,2,sms_reminder,0,0.0,0.0,0.25
txn_001973,cust_0312,3,5529.29,upi,INSUFFICIENT_FUNDS,BAD_REQUEST_ERROR,2025-07-07T05:57:28.165676,regular,7,0.789,1761.94,20810.74,sms,3,monthly,11,retry_delayed,0,0.0,0.0,0.0
txn_001974,cust_0263,1,16354.72,netbanking,MERCHANT_INTEGRATION_ERROR,SERVER_ERROR,2025-07-15T05:19:34.908161,vip,10,0.761,310.32,103560.87,upi,3,,0,escalate_human,0,0.0,0.0,50.0
txn_001975,cust_0427,3,4268.45,upi,AUTH_OTP_FAILURE,GATEWAY_ERROR,2025-07-19T20:05:22.584375,at_risk,13,0.499,1567.94,1706.05,sms,1,,28,whatsapp_nudge,0,0.0,0.0,1.5
txn_001976,cust_0435,1,1846.17,card,SUBSCRIPTION_MANDATE_FAILURE,BAD_REQUEST_ERROR,2025-07-06T20:38:41.561821,at_risk,28,0.237,1910.01,3039.95,whatsapp,2,monthly,13,escalate_human,0,0.0,0.0,50.0
txn_001977,cust_0207,3,1796.84,upi,BANK_DOWNTIME,SERVER_ERROR,2025-07-09T02:44:21.314383,new,7,0.822,452.12,9997.77,upi,2,monthly,19,retry_delayed,0,0.0,0.0,0.0
txn_001978,cust_0379,3,2295.26,card,BANK_DOWNTIME,SERVER_ERROR,2025-07-17T15:33:00.267215,at_risk,9,0.448,167.93,6567.72,whatsapp,3,monthly,1,escalate_human,0,0.0,0.0,50.0
txn_001979,cust_0198,2,15657.69,netbanking,MERCHANT_INTEGRATION_ERROR,SERVER_ERROR,2025-07-19T22:00:27.074470,b2b,2,0.765,234.31,602691.13,email,3,,7,escalate_human,0,0.0,0.0,50.0
txn_001980,cust_0142,2,858.56,card,BANK_DOWNTIME,BAD_REQUEST_ERROR,2025-07-28T20:19:41.595615,new,4,0.843,2788.14,9582.44,sms,3,monthly,6,retry_delayed,1,28.49,0.0,0.0
txn_001981,cust_0456,1,1420.92,nach,BANK_DOWNTIME,SERVER_ERROR,2025-07-01T18:04:56.628420,new,17,0.717,1394.1,6169.95,sms,0,,17,sms_reminder,0,0.0,0.0,0.25
txn_001982,cust_0450,3,1745.69,upi,INSUFFICIENT_FUNDS,BAD_REQUEST_ERROR,2025-07-02T09:37:40.242391,new,4,0.976,2187.29,2745.55,sms,2,,11,send_payment_link,1,8.76,0.0,0.5
txn_001983,cust_0422,3,1233.35,netbanking,INSUFFICIENT_FUNDS,BAD_REQUEST_ERROR,2025-07-26T02:13:34.433070,at_risk,4,0.432,4832.88,3318.28,email,2,,6,whatsapp_nudge,0,0.0,0.0,1.5
txn_001984,cust_0314,1,792.14,upi,INSUFFICIENT_FUNDS,BAD_REQUEST_ERROR,2025-07-24T15:50:18.923897,regular,24,0.715,214.72,30226.98,whatsapp,1,,9,send_payment_link,0,0.0,0.0,0.5
txn_001985,cust_0460,1,1455.69,card,SUBSCRIPTION_MANDATE_FAILURE,BAD_REQUEST_ERROR,2025-07-17T21:02:05.718697,regular,9,0.794,1073.93,14725.04,sms,0,monthly,12,send_payment_link,0,0.0,0.0,0.5
txn_001986,cust_0094,2,1520.21,card,INSUFFICIENT_FUNDS,BAD_REQUEST_ERROR,2025-07-05T01:20:46.868945,new,2,0.778,314.22,4853.49,whatsapp,0,,13,offer_discount,0,0.0,0.0,121.72
txn_001987,cust_0282,2,1080.41,upi,BANK_DOWNTIME,SERVER_ERROR,2025-07-31T03:04:24.746964,regular,7,0.823,2713.06,45018.58,email,0,monthly,4,retry_delayed,1,11.6,0.0,0.0
txn_001988,cust_0060,3,840.39,upi,USER_ABANDONED,BAD_REQUEST_ERROR,2025-07-31T04:38:51.655582,regular,2,0.783,2582.68,7191.43,sms,2,quarterly,0,retry_delayed,0,0.0,0.0,0.0
txn_001989,cust_0375,3,6463.7,wallet,INSUFFICIENT_FUNDS,BAD_REQUEST_ERROR,2025-07-02T04:16:46.617457,new,27,0.726,308.73,5868.91,email,1,,17,retry_delayed,0,0.0,0.0,0.0
txn_001990,cust_0297,3,6469.38,card,EXPIRED_CARD,BAD_REQUEST_ERROR,2025-07-03T07:38:21.446438,new,6,0.724,1454.1,8736.55,email,0,monthly,0,sms_reminder,0,0.0,0.0,0.25
txn_001991,cust_0244,3,260.97,card,EXPIRED_CARD,BAD_REQUEST_ERROR,2025-07-02T05:57:51.846914,at_risk,12,0.563,651.74,1600.05,upi,3,quarterly,18,sms_reminder,0,0.0,0.0,0.25
txn_001992,cust_0433,3,1976.53,card,EXPIRED_CARD,BAD_REQUEST_ERROR,2025-07-25T10:31:35.488234,regular,17,0.652,1086.51,17207.33,email,2,quarterly,19,offer_discount,0,0.0,0.0,158.22
txn_001993,cust_0002,3,12416.37,netbanking,INSUFFICIENT_FUNDS,BAD_REQUEST_ERROR,2025-07-26T01:40:14.415710,b2b,6,0.805,1032.86,1323343.73,sms,0,quarterly,18,retry_delayed,0,0.0,0.0,0.0
txn_001994,cust_0402,3,1746.63,card,EXPIRED_CARD,BAD_REQUEST_ERROR,2025-07-22T03:48:14.718107,regular,7,0.689,3181.94,35962.78,email,2,,15,whatsapp_nudge,0,0.0,0.0,1.5
txn_001995,cust_0052,3,2798.44,card,EXPIRED_CARD,BAD_REQUEST_ERROR,2025-07-04T01:54:02.289542,new,18,0.947,167.52,7675.64,email,1,monthly,14,send_payment_link,1,17.34,0.0,0.5
txn_001996,cust_0032,3,5916.26,upi,SUSPECTED_FRAUD,BAD_REQUEST_ERROR,2025-07-09T09:00:14.487828,vip,20,0.772,9747.59,179670.03,email,0,,1,send_payment_link,0,0.0,0.0,0.5
txn_001997,cust_0328,1,3607.43,upi,AUTH_OTP_FAILURE,GATEWAY_ERROR,2025-07-03T06:13:24.938787,regular,18,0.76,728.45,41447.14,upi,3,,23,escalate_human,1,9.84,0.0,50.0
txn_001998,cust_0306,3,15546.92,upi,USER_ABANDONED,BAD_REQUEST_ERROR,2025-07-30T00:10:15.023082,vip,20,0.642,1834.92,338747.18,whatsapp,2,,22,whatsapp_nudge,0,0.0,0.0,1.5
txn_001999,cust_0466,1,25931.78,nach,AUTH_OTP_FAILURE,BAD_REQUEST_ERROR,2025-07-26T07:13:44.280663,b2b,1,0.913,643.44,295888.99,email,0,quarterly,7,switch_to_upi,0,0.0,0.0,0.0
txn_002000,cust_0312,3,8731.92,card,SUSPECTED_FRAUD,BAD_REQUEST_ERROR,2025-07-22T21:45:19.841986,regular,7,0.789,1761.94,20810.74,sms,0,,11,escalate_human,0,0.0,0.0,50.0
